CREATE SCHEMA nba_prod;
CREATE SCHEMA ml_models;
SET search_path TO nba_prod;

DROP TABLE IF EXISTS bans;
CREATE TABLE IF NOT EXISTS bans
(
    upcoming_games integer,
    upcoming_game_date date,
    location text COLLATE pg_catalog."default",
    tot_wins integer,
    games_played integer,
    avg_pts numeric,
    last_yr_ppg numeric,
    scrape_time timestamp without time zone,
    win_pct numeric,
    league_ts_percent numeric,
    last_updated_at timestamp without time zone,
    run_type text COLLATE pg_catalog."default",
    most_recent_game date,
    sum_active_protocols numeric,
    sum_active_protocols_lastwk numeric,
    protocols_differential numeric,
    protocols_pct_diff numeric,
    protocols_text text COLLATE pg_catalog."default"
);
INSERT INTO bans(
	upcoming_games, upcoming_game_date, location, tot_wins, games_played, avg_pts, last_yr_ppg, scrape_time, win_pct, league_ts_percent, last_updated_at, run_type, most_recent_game, sum_active_protocols, sum_active_protocols_lastwk, protocols_differential, protocols_pct_diff, protocols_text)
	VALUES (3, current_date, 'H', 714, 1230, 114.68, 112.1, current_timestamp, 0.580, 0.581, current_timestamp, 'dbt_docker', current_date, 0, 0, 0, 0, 'No Difference from 7 days ago'),
           (3, current_date, 'A', 516, 1230, 114.68, 112.1, current_timestamp, 0.420, 0.581, current_timestamp, 'dbt_docker', current_date, 0, 0, 0, 0, 'No Difference from 7 days ago');

DROP TABLE IF EXISTS contract_value_analysis;
CREATE TABLE IF NOT EXISTS contract_value_analysis (
	player text NULL,
	salary_rank text NULL,
	team text NULL,
	games_played int8 NULL,
	avg_mvp_score numeric NULL,
	salary numeric NULL,
	team_games_played int8 NULL,
	games_missed int8 NULL,
	pvm_rank numeric NULL,
	rankingish numeric NULL,
	percentile_rank numeric NULL,
	color_var text NULL,
	adj_penalty_final numeric NULL,
	pct_penalized numeric NULL
);

INSERT INTO contract_value_analysis (player,salary_rank,team,games_played,avg_mvp_score,salary,team_games_played,games_missed,pvm_rank,rankingish,percentile_rank,color_var,adj_penalty_final,pct_penalized) VALUES
	 ('Nikola Jokic','$30+ M','DEN',69,48.30,47607350,82,13,32.77,1.000,100.000,'Superstars',1.00000000000000000000,0.00000000000000000000),
	 ('Luka Doncic','$30+ M','DAL',66,48.10,40064220,82,16,32.77,0.977,97.700,'Superstars',1.00000000000000000000,0.00000000000000000000),
	 ('Joel Embiid','$30+ M','PHI',66,47.80,47607350,82,16,32.77,0.953,95.300,'Superstars',1.00000000000000000000,0.00000000000000000000),
	 ('Shai Gilgeous-Alexander','$30+ M','OKC',68,44.00,33386850,82,14,32.77,0.930,93.000,'Superstars',1.00000000000000000000,0.00000000000000000000),
	 ('Jayson Tatum','$30+ M','BOS',74,43.80,32600060,82,8,32.77,0.907,90.700,'Superstars',1.00000000000000000000,0.00000000000000000000),
	 ('Giannis Antetokounmpo','$30+ M','MIL',63,42.86,45640084,82,19,32.77,0.884,88.400,'Superstars',0.94000000000000000000,0.06000000000000000000),
	 ('Trae Young','$30+ M','ATL',73,39.90,40064220,82,9,32.77,0.860,86.000,'Superstars',1.00000000000000000000,0.00000000000000000000),
	 ('Donovan Mitchell','$30+ M','CLE',68,39.20,33162030,82,14,32.77,0.837,83.700,'Superstars',1.00000000000000000000,0.00000000000000000000),
	 ('Ja Morant','$30+ M','MEM',61,37.26,34005250,82,21,32.77,0.814,81.400,'Superstars',0.90000000000000000000,0.10000000000000000000),
	 ('Pascal Siakam','$30+ M','TOR',71,37.10,37893408,82,11,32.77,0.791,79.100,'Superstars',1.00000000000000000000,0.00000000000000000000);
INSERT INTO contract_value_analysis (player,salary_rank,team,games_played,avg_mvp_score,salary,team_games_played,games_missed,pvm_rank,rankingish,percentile_rank,color_var,adj_penalty_final,pct_penalized) VALUES
	 ('Damian Lillard','$30+ M','POR',58,36.88,45640084,82,24,32.77,0.767,76.700,'Superstars',0.84000000000000000000,0.16000000000000000000),
	 ('De''Aaron Fox','$30+ M','SAC',73,36.60,32600060,82,9,32.77,0.744,74.400,'Superstars',1.00000000000000000000,0.00000000000000000000),
	 ('Darius Garland','$30+ M','CLE',69,36.30,34005250,82,13,32.77,0.721,72.100,'Superstars',1.00000000000000000000,0.00000000000000000000),
	 ('Jaylen Brown','$30+ M','BOS',67,35.80,31830357,82,15,32.77,0.698,69.800,'Superstars',1.00000000000000000000,0.00000000000000000000),
	 ('Domantas Sabonis','$30+ M','SAC',79,35.60,30600000,82,3,32.77,0.674,67.400,'Superstars',1.00000000000000000000,0.00000000000000000000),
	 ('Kyrie Irving','$30+ M','DAL',60,35.38,37037037,82,22,32.77,0.651,65.100,'Superstars',0.88000000000000000000,0.12000000000000000000),
	 ('Jalen Brunson','$25-30 M','NYK',68,35.30,26346666,82,14,26.37,1.000,100.000,'Great Value',1.00000000000000000000,0.00000000000000000000),
	 ('DeMar DeRozan','$25-30 M','CHI',74,35.10,28600000,82,8,26.37,0.917,91.700,'Great Value',1.00000000000000000000,0.00000000000000000000),
	 ('Fred VanVleet','$30+ M','TOR',69,35.10,40806300,82,13,32.77,0.605,60.500,'Superstars',1.00000000000000000000,0.00000000000000000000),
	 ('Jrue Holiday','$30+ M','MIL',67,35.10,36861707,82,15,32.77,0.605,60.500,'Superstars',1.00000000000000000000,0.00000000000000000000);
INSERT INTO contract_value_analysis (player,salary_rank,team,games_played,avg_mvp_score,salary,team_games_played,games_missed,pvm_rank,rankingish,percentile_rank,color_var,adj_penalty_final,pct_penalized) VALUES
	 ('Julius Randle','$25-30 M','NYK',77,35.00,28226880,82,5,26.37,0.833,83.300,'Normal',1.00000000000000000000,0.00000000000000000000),
	 ('Jimmy Butler','$30+ M','MIA',64,34.66,45183960,82,18,32.77,0.581,58.100,'Superstars',0.96000000000000000000,0.04000000000000000000),
	 ('Anthony Edwards','$10-15 M','MIN',79,34.60,13534817,82,3,15.50,1.000,100.000,'Great Value',1.00000000000000000000,0.00000000000000000000),
	 ('James Harden','$30+ M','PHI',58,34.27,35640000,82,24,32.77,0.558,55.800,'Superstars',0.84000000000000000000,0.16000000000000000000),
	 ('LeBron James','$30+ M','LAL',55,33.77,47607350,82,27,32.77,0.535,53.500,'Superstars',0.78000000000000000000,0.22000000000000000000),
	 ('Stephen Curry','$30+ M','GSW',56,33.68,51915615,82,26,32.77,0.512,51.200,'Superstars',0.80000000000000000000,0.20000000000000000000),
	 ('Lauri Markkanen','$15-20 M','UTA',66,33.50,17259999,82,16,19.25,1.000,100.000,'Great Value',1.00000000000000000000,0.00000000000000000000),
	 ('Kristaps Porzingis','$30+ M','WAS',65,33.03,36016200,82,17,32.77,0.488,48.800,'Normal',0.98000000000000000000,0.02000000000000000000),
	 ('Anthony Davis','$30+ M','LAL',56,32.64,40600080,82,26,32.77,0.465,46.500,'Normal',0.80000000000000000000,0.20000000000000000000),
	 ('Dejounte Murray','$15-20 M','ATL',74,32.10,18214000,82,8,19.25,0.966,96.600,'Great Value',1.00000000000000000000,0.00000000000000000000);
INSERT INTO contract_value_analysis (player,salary_rank,team,games_played,avg_mvp_score,salary,team_games_played,games_missed,pvm_rank,rankingish,percentile_rank,color_var,adj_penalty_final,pct_penalized) VALUES
	 ('Jamal Murray','$30+ M','DEN',65,32.05,33833400,82,17,32.77,0.442,44.200,'Normal',0.98000000000000000000,0.02000000000000000000),
	 ('Zach LaVine','$30+ M','CHI',77,32.00,40064220,82,5,32.77,0.419,41.900,'Normal',1.00000000000000000000,0.00000000000000000000),
	 ('Kevin Durant','$30+ M','PHX',47,31.50,47649433,82,35,32.77,0.395,39.500,'Normal',0.75,0.25),
	 ('CJ McCollum','$30+ M','NOP',75,31.30,35802469,82,7,32.77,0.372,37.200,'Normal',1.00000000000000000000,0.00000000000000000000),
	 ('Bam Adebayo','$30+ M','MIA',75,30.80,32600060,82,7,32.77,0.349,34.900,'Normal',1.00000000000000000000,0.00000000000000000000),
	 ('Tyrese Haliburton','$5-10 M','IND',56,30.64,5808435,82,26,13.69,1.000,100.000,'Great Value',0.80000000000000000000,0.20000000000000000000),
	 ('Jaren Jackson','$25-30 M','MEM',63,30.08,27102202,82,19,26.37,0.750,75.000,'Normal',0.94000000000000000000,0.06000000000000000000),
	 ('Devin Booker','$30+ M','PHX',53,29.25,36016200,82,29,32.77,0.326,32.600,'Normal',0.75,0.25),
	 ('Mikal Bridges','$20-25 M','BKN',83,28.90,21700000,82,-1,23.68,1.000,100.000,'Great Value',1.00000000000000000000,0.00000000000000000000),
	 ('Aaron Gordon','$20-25 M','DEN',68,28.80,22266182,82,14,23.68,0.944,94.400,'Great Value',1.00000000000000000000,0.00000000000000000000);
INSERT INTO contract_value_analysis (player,salary_rank,team,games_played,avg_mvp_score,salary,team_games_played,games_missed,pvm_rank,rankingish,percentile_rank,color_var,adj_penalty_final,pct_penalized) VALUES
	 ('Evan Mobley','$5-10 M','CLE',79,28.80,8882640,82,3,13.69,0.987,98.700,'Great Value',1.00000000000000000000,0.00000000000000000000),
	 ('Tyler Herro','$25-30 M','MIA',67,28.80,27000000,82,15,26.37,0.667,66.700,'Normal',1.00000000000000000000,0.00000000000000000000),
	 ('Klay Thompson','$30+ M','GSW',69,28.30,43219440,82,13,32.77,0.302,30.200,'Normal',1.00000000000000000000,0.00000000000000000000),
	 ('Spencer Dinwiddie','$20-25 M','BKN',79,28.30,20357143,82,3,23.68,0.889,88.900,'Normal',1.00000000000000000000,0.00000000000000000000),
	 ('Nikola Vucevic','$15-20 M','CHI',82,28.20,18518519,82,0,19.25,0.931,93.100,'Great Value',1.00000000000000000000,0.00000000000000000000),
	 ('D''Angelo Russell','$15-20 M','LAL',71,28.00,17307693,82,11,19.25,0.897,89.700,'Normal',1.00000000000000000000,0.00000000000000000000),
	 ('Paul George','$30+ M','LAC',56,27.92,45640084,82,26,32.77,0.279,27.900,'Normal',0.80000000000000000000,0.20000000000000000000),
	 ('Zion Williamson','$30+ M','NOP',29,27.83,34005250,82,53,32.77,0.256,25.600,'Normal',0.75,0.25),
	 ('Russell Westbrook','< $5 M','LAC',73,27.70,3835738,82,9,7.19,1.000,100.000,'Great Value',1.00000000000000000000,0.00000000000000000000),
	 ('Scottie Barnes','$5-10 M','TOR',77,27.70,8008680,82,5,13.69,0.975,97.500,'Great Value',1.00000000000000000000,0.00000000000000000000);
INSERT INTO contract_value_analysis (player,salary_rank,team,games_played,avg_mvp_score,salary,team_games_played,games_missed,pvm_rank,rankingish,percentile_rank,color_var,adj_penalty_final,pct_penalized) VALUES
	 ('Desmond Bane','< $5 M','MEM',58,27.64,3845083,82,24,7.19,0.997,99.700,'Great Value',0.84000000000000000000,0.16000000000000000000),
	 ('Brook Lopez','$25-30 M','MIL',78,27.50,25000000,82,4,26.37,0.583,58.300,'Normal',1.00000000000000000000,0.00000000000000000000),
	 ('Kawhi Leonard','$30+ M','LAC',52,27.23,45640084,82,30,32.77,0.233,23.300,'Normal',0.75,0.25),
	 ('Josh Giddey','$5-10 M','OKC',76,27.20,6587040,82,6,13.69,0.962,96.200,'Great Value',1.00000000000000000000,0.00000000000000000000),
	 ('Kyle Kuzma','$25-30 M','WAS',64,26.98,25568182,82,18,26.37,0.500,50.000,'Normal',0.96000000000000000000,0.04000000000000000000),
	 ('Chris Paul','$30+ M','PHX',59,26.57,30800000,82,23,32.77,0.209,20.900,'Normal',0.86000000000000000000,0.14000000000000000000),
	 ('Terry Rozier','$20-25 M','CHA',63,26.51,23205221,82,19,23.68,0.833,83.300,'Normal',0.94000000000000000000,0.06000000000000000000),
	 ('Jarrett Allen','$20-25 M','CLE',68,26.20,20000000,82,14,23.68,0.778,77.800,'Normal',1.00000000000000000000,0.00000000000000000000),
	 ('LaMelo Ball','$10-15 M','CHA',36,26.10,10900635,82,46,15.50,0.956,95.600,'Great Value',0.75,0.25),
	 ('Paolo Banchero','$10-15 M','ORL',72,26.10,11608080,82,10,15.50,0.956,95.600,'Great Value',1.00000000000000000000,0.00000000000000000000);
INSERT INTO contract_value_analysis (player,salary_rank,team,games_played,avg_mvp_score,salary,team_games_played,games_missed,pvm_rank,rankingish,percentile_rank,color_var,adj_penalty_final,pct_penalized) VALUES
	 ('Brandon Ingram','$30+ M','NOP',45,25.95,33833400,82,37,32.77,0.186,18.600,'Bad Value',0.75,0.25),
	 ('Jordan Poole','$25-30 M','GSW',82,25.90,27455357,82,0,26.37,0.417,41.700,'Normal',1.00000000000000000000,0.00000000000000000000),
	 ('Nic Claxton','$5-10 M','BKN',76,25.70,9625000,82,6,13.69,0.949,94.900,'Great Value',1.00000000000000000000,0.00000000000000000000),
	 ('OG Anunoby','$15-20 M','TOR',67,25.60,18642857,82,15,19.25,0.862,86.200,'Normal',1.00000000000000000000,0.00000000000000000000),
	 ('Tyrese Maxey','< $5 M','PHI',60,25.52,4343920,82,22,7.19,0.993,99.300,'Great Value',0.88000000000000000000,0.12000000000000000000),
	 ('Franz Wagner','$5-10 M','ORL',80,25.40,5508720,82,2,13.69,0.937,93.700,'Great Value',1.00000000000000000000,0.00000000000000000000),
	 ('Deandre Ayton','$30+ M','PHX',67,25.30,32459438,82,15,32.77,0.163,16.300,'Bad Value',1.00000000000000000000,0.00000000000000000000),
	 ('Jerami Grant','$25-30 M','POR',63,25.00,27586207,82,19,26.37,0.333,33.300,'Normal',0.94000000000000000000,0.06000000000000000000),
	 ('Jalen Green','$5-10 M','HOU',76,24.70,9891480,82,6,13.69,0.924,92.400,'Great Value',1.00000000000000000000,0.00000000000000000000),
	 ('Myles Turner','$20-25 M','IND',63,24.63,20975000,82,19,23.68,0.722,72.200,'Normal',0.94000000000000000000,0.06000000000000000000);
INSERT INTO contract_value_analysis (player,salary_rank,team,games_played,avg_mvp_score,salary,team_games_played,games_missed,pvm_rank,rankingish,percentile_rank,color_var,adj_penalty_final,pct_penalized) VALUES
	 ('Immanuel Quickley','< $5 M','NYK',81,24.60,4171548,82,1,7.19,0.990,99.000,'Great Value',1.00000000000000000000,0.00000000000000000000),
	 ('Anfernee Simons','$20-25 M','POR',62,24.47,24107143,82,20,23.68,0.667,66.700,'Normal',0.92000000000000000000,0.08000000000000000000),
	 ('Derrick White','$15-20 M','BOS',82,24.40,18357143,82,0,19.25,0.828,82.800,'Normal',1.00000000000000000000,0.00000000000000000000),
	 ('Bradley Beal','$30+ M','WAS',50,24.38,46741590,82,32,32.77,0.140,14.000,'Bad Value',0.75,0.25),
	 ('Draymond Green','$20-25 M','GSW',73,24.20,22321429,82,9,23.68,0.611,61.100,'Normal',1.00000000000000000000,0.00000000000000000000),
	 ('Tobias Harris','$30+ M','PHI',75,24.10,39270150,82,7,32.77,0.116,11.600,'Bad Value',1.00000000000000000000,0.00000000000000000000),
	 ('Jordan Clarkson','$20-25 M','UTA',61,24.03,23487629,82,21,23.68,0.556,55.600,'Normal',0.90000000000000000000,0.10000000000000000000),
	 ('Mike Conley','$20-25 M','MIN',67,24.00,24360000,82,15,23.68,0.500,50.000,'Normal',1.00000000000000000000,0.00000000000000000000),
	 ('RJ Barrett','$20-25 M','NYK',73,23.70,23883929,82,9,23.68,0.444,44.400,'Normal',1.00000000000000000000,0.00000000000000000000),
	 ('Malcolm Brogdon','$20-25 M','BOS',67,23.60,22500000,82,15,23.68,0.389,38.900,'Normal',1.00000000000000000000,0.00000000000000000000);
INSERT INTO contract_value_analysis (player,salary_rank,team,games_played,avg_mvp_score,salary,team_games_played,games_missed,pvm_rank,rankingish,percentile_rank,color_var,adj_penalty_final,pct_penalized) VALUES
	 ('Michael Porter','$30+ M','DEN',62,23.55,33386850,82,20,32.77,0.093,9.300,'Bad Value',0.92000000000000000000,0.08000000000000000000),
	 ('Kevin Huerter','$15-20 M','SAC',75,23.50,15669643,82,7,19.25,0.793,79.300,'Normal',1.00000000000000000000,0.00000000000000000000),
	 ('Buddy Hield','$15-20 M','IND',80,23.30,19279841,82,2,19.25,0.759,75.900,'Normal',1.00000000000000000000,0.00000000000000000000),
	 ('Karl-Anthony Towns','$30+ M','MIN',29,23.18,36016200,82,53,32.77,0.070,7.000,'Bad Value',0.75,0.25),
	 ('Alperen Sengun','< $5 M','HOU',75,23.10,3536280,82,7,7.19,0.987,98.700,'Great Value',1.00000000000000000000,0.00000000000000000000),
	 ('Christian Wood','< $5 M','DAL',67,23.00,1000000,82,15,7.19,0.984,98.400,'Great Value',1.00000000000000000000,0.00000000000000000000),
	 ('Gary Trent','$15-20 M','TOR',66,23.00,18560000,82,16,19.25,0.724,72.400,'Normal',1.00000000000000000000,0.00000000000000000000),
	 ('Rudy Gobert','$30+ M','MIN',70,22.70,41000000,82,12,32.77,0.047,4.700,'Bad Value',1.00000000000000000000,0.00000000000000000000),
	 ('Tre Jones','$5-10 M','SAS',68,22.60,9895833,82,14,13.69,0.911,91.100,'Great Value',1.00000000000000000000,0.00000000000000000000),
	 ('Kevin Porter','$15-20 M','HOU',59,22.45,15860000,82,23,19.25,0.690,69.000,'Normal',0.86000000000000000000,0.14000000000000000000);
INSERT INTO contract_value_analysis (player,salary_rank,team,games_played,avg_mvp_score,salary,team_games_played,games_missed,pvm_rank,rankingish,percentile_rank,color_var,adj_penalty_final,pct_penalized) VALUES
	 ('Marcus Smart','$15-20 M','BOS',61,22.23,18833713,82,21,19.25,0.655,65.500,'Normal',0.90000000000000000000,0.10000000000000000000),
	 ('Jalen Williams','< $5 M','OKC',75,22.20,4558680,82,7,7.19,0.980,98.000,'Great Value',1.00000000000000000000,0.00000000000000000000),
	 ('Keldon Johnson','$20-25 M','SAS',63,22.18,20000000,82,19,23.68,0.333,33.300,'Normal',0.94000000000000000000,0.06000000000000000000),
	 ('Josh Hart','$10-15 M','NYK',76,22.00,12960000,82,6,15.50,0.933,93.300,'Great Value',1.00000000000000000000,0.00000000000000000000),
	 ('Kyle Anderson','$5-10 M','MIN',69,21.90,9219512,82,13,13.69,0.899,89.900,'Normal',1.00000000000000000000,0.00000000000000000000),
	 ('Jakob Poeltl','$15-20 M','TOR',72,21.80,19500000,82,10,19.25,0.621,62.100,'Normal',1.00000000000000000000,0.00000000000000000000),
	 ('Dillon Brooks','$20-25 M','MEM',73,21.40,22627671,82,9,23.68,0.278,27.800,'Normal',1.00000000000000000000,0.00000000000000000000),
	 ('Caris LeVert','$15-20 M','CLE',74,21.30,15384616,82,8,19.25,0.586,58.600,'Normal',1.00000000000000000000,0.00000000000000000000),
	 ('Kentavious Caldwell-Pope','$10-15 M','DEN',76,21.20,14704938,82,6,15.50,0.911,91.100,'Great Value',1.00000000000000000000,0.00000000000000000000),
	 ('Harrison Barnes','$15-20 M','SAC',82,21.10,17000000,82,0,19.25,0.552,55.200,'Normal',1.00000000000000000000,0.00000000000000000000);
INSERT INTO contract_value_analysis (player,salary_rank,team,games_played,avg_mvp_score,salary,team_games_played,games_missed,pvm_rank,rankingish,percentile_rank,color_var,adj_penalty_final,pct_penalized) VALUES
	 ('P.J. Washington','< $5 M','CHA',73,20.90,1000000,82,9,7.19,0.977,97.700,'Great Value',1.00000000000000000000,0.00000000000000000000),
	 ('Bobby Portis','$10-15 M','MIL',70,20.80,11710818,82,12,15.50,0.867,86.700,'Normal',1.00000000000000000000,0.00000000000000000000),
	 ('Dennis Schroder','$10-15 M','LAL',66,20.80,12405000,82,16,15.50,0.867,86.700,'Normal',1.00000000000000000000,0.00000000000000000000),
	 ('Trey Murphy','< $5 M','NOP',79,20.80,3359280,82,3,7.19,0.974,97.400,'Great Value',1.00000000000000000000,0.00000000000000000000),
	 ('Clint Capela','$20-25 M','ATL',65,20.78,20616000,82,17,23.68,0.222,22.200,'Normal',0.98000000000000000000,0.02000000000000000000),
	 ('Markelle Fultz','$15-20 M','ORL',60,20.77,17000000,82,22,19.25,0.517,51.700,'Normal',0.88000000000000000000,0.12000000000000000000),
	 ('Tyus Jones','$10-15 M','MEM',80,20.70,14000000,82,2,15.50,0.844,84.400,'Normal',1.00000000000000000000,0.00000000000000000000),
	 ('Cade Cunningham','$10-15 M','DET',12,20.63,11055360,82,70,15.50,0.822,82.200,'Normal',0.75,0.25),
	 ('Jonas Valanciunas','$15-20 M','NOP',79,20.60,15435000,82,3,19.25,0.483,48.300,'Normal',1.00000000000000000000,0.00000000000000000000),
	 ('Al Horford','$10-15 M','BOS',63,20.49,10000000,82,19,15.50,0.800,80.000,'Normal',0.94000000000000000000,0.06000000000000000000);
INSERT INTO contract_value_analysis (player,salary_rank,team,games_played,avg_mvp_score,salary,team_games_played,games_missed,pvm_rank,rankingish,percentile_rank,color_var,adj_penalty_final,pct_penalized) VALUES
	 ('Kelly Olynyk','$10-15 M','UTA',68,20.40,12195122,82,14,15.50,0.778,77.800,'Normal',1.00000000000000000000,0.00000000000000000000),
	 ('Tim Hardaway','$15-20 M','DAL',71,20.40,17897728,82,11,19.25,0.448,44.800,'Normal',1.00000000000000000000,0.00000000000000000000),
	 ('Luguentz Dort','$15-20 M','OKC',74,20.10,15277778,82,8,19.25,0.414,41.400,'Normal',1.00000000000000000000,0.00000000000000000000),
	 ('Andrew Wiggins','$20-25 M','GSW',37,20.03,24330357,82,45,23.68,0.167,16.700,'Bad Value',0.75,0.25),
	 ('Bruce Brown','$20-25 M','DEN',80,20.00,22000000,82,2,23.68,0.111,11.100,'Bad Value',1.00000000000000000000,0.00000000000000000000),
	 ('Malik Monk','$5-10 M','SAC',77,20.00,9945830,82,5,13.69,0.886,88.600,'Normal',1.00000000000000000000,0.00000000000000000000),
	 ('John Collins','$25-30 M','ATL',71,19.60,25340000,82,11,26.37,0.250,25.000,'Normal',1.00000000000000000000,0.00000000000000000000),
	 ('Austin Reaves','$10-15 M','LAL',64,19.58,12015150,82,18,15.50,0.756,75.600,'Normal',0.96000000000000000000,0.04000000000000000000),
	 ('Walker Kessler','< $5 M','UTA',74,19.40,2831160,82,8,7.19,0.970,97.000,'Great Value',1.00000000000000000000,0.00000000000000000000),
	 ('Bojan Bogdanovic','$20-25 M','DET',59,19.35,20000000,82,23,23.68,0.056,5.600,'Bad Value',0.86000000000000000000,0.14000000000000000000);
INSERT INTO contract_value_analysis (player,salary_rank,team,games_played,avg_mvp_score,salary,team_games_played,games_missed,pvm_rank,rankingish,percentile_rank,color_var,adj_penalty_final,pct_penalized) VALUES
	 ('Herbert Jones','$10-15 M','NOP',66,19.10,12015150,82,16,15.50,0.733,73.300,'Normal',1.00000000000000000000,0.00000000000000000000),
	 ('Jaden Ivey','$5-10 M','DET',74,19.10,7614480,82,8,13.69,0.873,87.300,'Normal',1.00000000000000000000,0.00000000000000000000),
	 ('De''Anthony Melton','$5-10 M','PHI',77,19.00,8000000,82,5,13.69,0.861,86.100,'Normal',1.00000000000000000000,0.00000000000000000000),
	 ('De''Andre Hunter','$20-25 M','ATL',68,18.90,20089286,82,14,23.68,0.000,0.000,'Bad Value',1.00000000000000000000,0.00000000000000000000),
	 ('Jaden McDaniels','< $5 M','MIN',79,18.90,3901399,82,3,7.19,0.967,96.700,'Great Value',1.00000000000000000000,0.00000000000000000000),
	 ('Khris Middleton','$25-30 M','MIL',33,18.83,29320988,82,49,26.37,0.167,16.700,'Bad Value',0.75,0.25),
	 ('Louis King','< $5 M','PHI',1,18.75,1000000,82,81,7.19,0.964,96.400,'Great Value',0.75,0.25),
	 ('Monte Morris','$5-10 M','WAS',62,18.58,9800926,82,20,13.69,0.848,84.800,'Normal',0.92000000000000000000,0.08000000000000000000),
	 ('Bennedict Mathurin','$5-10 M','IND',78,18.50,6916080,82,4,13.69,0.823,82.300,'Normal',1.00000000000000000000,0.00000000000000000000),
	 ('Mason Plumlee','$5-10 M','LAC',79,18.50,5000000,82,3,13.69,0.823,82.300,'Normal',1.00000000000000000000,0.00000000000000000000);
INSERT INTO contract_value_analysis (player,salary_rank,team,games_played,avg_mvp_score,salary,team_games_played,games_missed,pvm_rank,rankingish,percentile_rank,color_var,adj_penalty_final,pct_penalized) VALUES
	 ('Donte DiVincenzo','$10-15 M','GSW',72,18.40,10900000,82,10,15.50,0.711,71.100,'Normal',1.00000000000000000000,0.00000000000000000000),
	 ('Cole Anthony','$5-10 M','ORL',60,18.39,5539771,82,22,13.69,0.810,81.000,'Normal',0.88000000000000000000,0.12000000000000000000),
	 ('Skylar Mays','< $5 M','POR',6,18.38,1000000,82,76,7.19,0.961,96.100,'Great Value',0.75,0.25),
	 ('Keegan Murray','$5-10 M','SAC',80,18.30,8409000,82,2,13.69,0.797,79.700,'Normal',1.00000000000000000000,0.00000000000000000000),
	 ('Saddiq Bey','< $5 M','ATL',77,18.30,4556983,82,5,7.19,0.957,95.700,'Great Value',1.00000000000000000000,0.00000000000000000000),
	 ('Royce O''Neale','$5-10 M','BKN',76,18.20,9500000,82,6,13.69,0.785,78.500,'Normal',1.00000000000000000000,0.00000000000000000000),
	 ('Shaquille Harrison','< $5 M','LAL',5,18.15,1000000,82,77,7.19,0.954,95.400,'Great Value',0.75,0.25),
	 ('Wendell Carter','$10-15 M','ORL',57,18.12,13050000,82,25,15.50,0.689,68.900,'Normal',0.82000000000000000000,0.18000000000000000000),
	 ('Ivica Zubac','$10-15 M','LAC',76,18.10,10933333,82,6,15.50,0.667,66.700,'Normal',1.00000000000000000000,0.00000000000000000000),
	 ('Kevon Looney','$5-10 M','GSW',82,18.10,7500000,82,0,13.69,0.772,77.200,'Normal',1.00000000000000000000,0.00000000000000000000);
INSERT INTO contract_value_analysis (player,salary_rank,team,games_played,avg_mvp_score,salary,team_games_played,games_missed,pvm_rank,rankingish,percentile_rank,color_var,adj_penalty_final,pct_penalized) VALUES
	 ('Cameron Johnson','$25-30 M','BKN',42,18.00,25679348,82,40,26.37,0.083,8.300,'Bad Value',0.75,0.25),
	 ('Mac McClung','< $5 M','PHI',2,18.00,1000000,82,80,7.19,0.951,95.100,'Great Value',0.75,0.25),
	 ('Onyeka Okongwu','$5-10 M','ATL',80,18.00,8109063,82,2,13.69,0.759,75.900,'Normal',1.00000000000000000000,0.00000000000000000000),
	 ('Killian Hayes','$5-10 M','DET',76,17.90,7413955,82,6,13.69,0.747,74.700,'Normal',1.00000000000000000000,0.00000000000000000000),
	 ('Quentin Grimes','< $5 M','NYK',71,17.90,2385720,82,11,7.19,0.948,94.800,'Great Value',1.00000000000000000000,0.00000000000000000000),
	 ('Norman Powell','$15-20 M','LAC',60,17.78,18000000,82,22,19.25,0.379,37.900,'Normal',0.88000000000000000000,0.12000000000000000000),
	 ('Grayson Allen','$5-10 M','MIL',72,17.60,8925000,82,10,13.69,0.734,73.400,'Normal',1.00000000000000000000,0.00000000000000000000),
	 ('Kris Dunn','< $5 M','UTA',22,17.48,2586665,82,60,7.19,0.944,94.400,'Great Value',0.75,0.25),
	 ('Kelly Oubre','< $5 M','CHA',48,17.40,1000000,82,34,7.19,0.941,94.100,'Great Value',0.75,0.25),
	 ('T.J. McConnell','$5-10 M','IND',75,17.20,8700000,82,7,13.69,0.722,72.200,'Normal',1.00000000000000000000,0.00000000000000000000);
INSERT INTO contract_value_analysis (player,salary_rank,team,games_played,avg_mvp_score,salary,team_games_played,games_missed,pvm_rank,rankingish,percentile_rank,color_var,adj_penalty_final,pct_penalized) VALUES
	 ('Devin Vassell','$5-10 M','SAS',38,17.10,5887899,82,44,13.69,0.709,70.900,'Normal',0.75,0.25),
	 ('Mitchell Robinson','$15-20 M','NYK',60,16.98,15681818,82,22,19.25,0.345,34.500,'Normal',0.88000000000000000000,0.12000000000000000000),
	 ('Talen Horton-Tucker','$10-15 M','UTA',65,16.86,11020000,82,17,15.50,0.644,64.400,'Normal',0.98000000000000000000,0.02000000000000000000),
	 ('Kyle Lowry','$25-30 M','MIA',55,16.69,29682540,82,27,26.37,0.000,0.000,'Bad Value',0.78000000000000000000,0.22000000000000000000),
	 ('Jusuf Nurkic','$15-20 M','POR',52,16.58,16875000,82,30,19.25,0.310,31.000,'Normal',0.75,0.25),
	 ('Steven Adams','$10-15 M','MEM',42,16.35,12600000,82,40,15.50,0.622,62.200,'Normal',0.75,0.25),
	 ('Coby White','$10-15 M','CHI',74,16.30,11111111,82,8,15.50,0.600,60.000,'Normal',1.00000000000000000000,0.00000000000000000000),
	 ('Deni Avdija','$5-10 M','WAS',76,16.30,6263188,82,6,13.69,0.696,69.600,'Normal',1.00000000000000000000,0.00000000000000000000),
	 ('Malik Beasley','< $5 M','LAL',81,16.30,2019706,82,1,7.19,0.938,93.800,'Great Value',1.00000000000000000000,0.00000000000000000000),
	 ('Marcus Morris','$15-20 M','LAC',65,15.97,17116279,82,17,19.25,0.276,27.600,'Normal',0.98000000000000000000,0.02000000000000000000);
INSERT INTO contract_value_analysis (player,salary_rank,team,games_played,avg_mvp_score,salary,team_games_played,games_missed,pvm_rank,rankingish,percentile_rank,color_var,adj_penalty_final,pct_penalized) VALUES
	 ('Zach Collins','$5-10 M','SAS',63,15.89,7700000,82,19,13.69,0.684,68.400,'Normal',0.94000000000000000000,0.06000000000000000000),
	 ('Gordon Hayward','$30+ M','CHA',50,15.83,31500000,82,32,32.77,0.023,2.300,'Bad Value',0.75,0.25),
	 ('Jabari Smith','$5-10 M','HOU',79,15.80,9326520,82,3,13.69,0.671,67.100,'Normal',1.00000000000000000000,0.00000000000000000000),
	 ('Bogdan Bogdanovic','$15-20 M','ATL',54,15.73,18700000,82,28,19.25,0.241,24.100,'Normal',0.76000000000000000000,0.24000000000000000000),
	 ('Caleb Martin','$5-10 M','MIA',71,15.70,6802950,82,11,13.69,0.658,65.800,'Normal',1.00000000000000000000,0.00000000000000000000),
	 ('Andrew Nembhard','< $5 M','IND',75,15.50,2131905,82,7,7.19,0.928,92.800,'Great Value',1.00000000000000000000,0.00000000000000000000),
	 ('Eric Gordon','< $5 M','LAC',69,15.50,3196448,82,13,7.19,0.928,92.800,'Great Value',1.00000000000000000000,0.00000000000000000000),
	 ('Kenyon Martin','< $5 M','HOU',82,15.50,1930681,82,0,7.19,0.928,92.800,'Great Value',1.00000000000000000000,0.00000000000000000000),
	 ('Max Strus','$10-15 M','MIA',80,15.50,14487684,82,2,15.50,0.556,55.600,'Normal',1.00000000000000000000,0.00000000000000000000),
	 ('Naz Reid','$10-15 M','MIN',68,15.50,12950400,82,14,15.50,0.556,55.600,'Normal',1.00000000000000000000,0.00000000000000000000);
INSERT INTO contract_value_analysis (player,salary_rank,team,games_played,avg_mvp_score,salary,team_games_played,games_missed,pvm_rank,rankingish,percentile_rank,color_var,adj_penalty_final,pct_penalized) VALUES
	 ('Alex Caruso','$5-10 M','CHI',67,15.40,9460000,82,15,13.69,0.646,64.600,'Normal',1.00000000000000000000,0.00000000000000000000),
	 ('Jarred Vanderbilt','< $5 M','LAL',78,15.40,4698000,82,4,7.19,0.925,92.500,'Great Value',1.00000000000000000000,0.00000000000000000000),
	 ('Santi Aldama','< $5 M','MEM',77,15.20,2194200,82,5,7.19,0.921,92.100,'Great Value',1.00000000000000000000,0.00000000000000000000),
	 ('Larry Nance','$10-15 M','NOP',65,15.19,10375000,82,17,15.50,0.533,53.300,'Normal',0.98000000000000000000,0.02000000000000000000),
	 ('RaiQuan Gray','< $5 M','BKN',1,15.00,1000000,82,81,7.19,0.918,91.800,'Great Value',0.75,0.25),
	 ('Ben Simmons','$30+ M','BKN',42,14.93,37893408,82,40,32.77,0.000,0.000,'Bad Value',0.75,0.25),
	 ('Reggie Jackson','$5-10 M','DEN',68,14.80,5000000,82,14,13.69,0.633,63.300,'Normal',1.00000000000000000000,0.00000000000000000000),
	 ('Chris Boucher','$10-15 M','TOR',76,14.70,11750000,82,6,15.50,0.511,51.100,'Normal',1.00000000000000000000,0.00000000000000000000),
	 ('Isaiah Joe','< $5 M','OKC',73,14.70,1997238,82,9,7.19,0.911,91.100,'Great Value',1.00000000000000000000,0.00000000000000000000),
	 ('Jaylen Nowell','< $5 M','MIN',65,14.70,1000000,82,17,7.19,0.911,91.100,'Great Value',0.98000000000000000000,0.02000000000000000000);
INSERT INTO contract_value_analysis (player,salary_rank,team,games_played,avg_mvp_score,salary,team_games_played,games_missed,pvm_rank,rankingish,percentile_rank,color_var,adj_penalty_final,pct_penalized) VALUES
	 ('Patrick Williams','$5-10 M','CHI',82,14.70,9835881,82,0,13.69,0.620,62.000,'Normal',1.00000000000000000000,0.00000000000000000000),
	 ('Daniel Gafford','$10-15 M','WAS',78,14.60,12402000,82,4,15.50,0.489,48.900,'Normal',1.00000000000000000000,0.00000000000000000000),
	 ('Josh Richardson','< $5 M','NOP',65,14.60,2891467,82,17,7.19,0.905,90.500,'Great Value',0.98000000000000000000,0.02000000000000000000),
	 ('Tari Eason','< $5 M','HOU',82,14.60,3527160,82,0,7.19,0.905,90.500,'Great Value',1.00000000000000000000,0.00000000000000000000),
	 ('Grant Williams','$10-15 M','BOS',79,14.50,12405000,82,3,15.50,0.467,46.700,'Normal',1.00000000000000000000,0.00000000000000000000),
	 ('Naji Marshall','< $5 M','NOP',77,14.50,1930681,82,5,7.19,0.902,90.200,'Great Value',1.00000000000000000000,0.00000000000000000000),
	 ('Jose Alvarado','< $5 M','NOP',61,14.49,1836096,82,21,7.19,0.898,89.800,'Normal',0.90000000000000000000,0.10000000000000000000),
	 ('Robert Williams','$10-15 M','BOS',35,14.48,11571429,82,47,15.50,0.444,44.400,'Normal',0.75,0.25),
	 ('Dorian Finney-Smith','$10-15 M','BKN',66,14.30,13932008,82,16,15.50,0.422,42.200,'Normal',1.00000000000000000000,0.00000000000000000000),
	 ('Shake Milton','$5-10 M','PHI',76,14.30,5000000,82,6,13.69,0.608,60.800,'Normal',1.00000000000000000000,0.00000000000000000000);
INSERT INTO contract_value_analysis (player,salary_rank,team,games_played,avg_mvp_score,salary,team_games_played,games_missed,pvm_rank,rankingish,percentile_rank,color_var,adj_penalty_final,pct_penalized) VALUES
	 ('Jalen Duren','< $5 M','DET',67,14.20,4330680,82,15,7.19,0.892,89.200,'Normal',1.00000000000000000000,0.00000000000000000000),
	 ('Jalen McDaniels','< $5 M','PHI',80,14.20,4516000,82,2,7.19,0.892,89.200,'Normal',1.00000000000000000000,0.00000000000000000000),
	 ('Jevon Carter','$5-10 M','MIL',81,14.20,6190476,82,1,13.69,0.595,59.500,'Normal',1.00000000000000000000,0.00000000000000000000),
	 ('Jonathan Kuminga','$5-10 M','GSW',67,14.10,6012840,82,15,13.69,0.582,58.200,'Normal',1.00000000000000000000,0.00000000000000000000),
	 ('Terance Mann','$10-15 M','LAC',81,14.10,10576923,82,1,15.50,0.400,40.000,'Normal',1.00000000000000000000,0.00000000000000000000),
	 ('Delon Wright','$5-10 M','WAS',50,14.03,8195122,82,32,13.69,0.570,57.000,'Normal',0.75,0.25),
	 ('Dennis Smith','< $5 M','CHA',54,13.98,2019706,82,28,7.19,0.889,88.900,'Normal',0.76000000000000000000,0.24000000000000000000),
	 ('Gabe Vincent','$10-15 M','MIA',68,13.90,10500000,82,14,15.50,0.378,37.800,'Normal',1.00000000000000000000,0.00000000000000000000),
	 ('Rui Hachimura','$15-20 M','LAL',63,13.82,15740741,82,19,19.25,0.207,20.700,'Normal',0.94000000000000000000,0.06000000000000000000),
	 ('Jalen Smith','$5-10 M','IND',68,13.80,5043773,82,14,13.69,0.557,55.700,'Normal',1.00000000000000000000,0.00000000000000000000);
INSERT INTO contract_value_analysis (player,salary_rank,team,games_played,avg_mvp_score,salary,team_games_played,games_missed,pvm_rank,rankingish,percentile_rank,color_var,adj_penalty_final,pct_penalized) VALUES
	 ('Ayo Dosunmu','$5-10 M','CHI',80,13.70,6481482,82,2,13.69,0.532,53.200,'Normal',1.00000000000000000000,0.00000000000000000000),
	 ('Cedi Osman','$5-10 M','CLE',77,13.70,6718842,82,5,13.69,0.532,53.200,'Normal',1.00000000000000000000,0.00000000000000000000),
	 ('Cameron Payne','$5-10 M','PHX',48,13.58,6500000,82,34,13.69,0.519,51.900,'Normal',0.75,0.25),
	 ('Collin Sexton','$15-20 M','UTA',48,13.58,17325000,82,34,19.25,0.172,17.200,'Bad Value',0.75,0.25),
	 ('Aaron Nesmith','$5-10 M','IND',73,13.50,5634257,82,9,13.69,0.506,50.600,'Normal',1.00000000000000000000,0.00000000000000000000),
	 ('Patrick Beverley','< $5 M','CHI',67,13.50,2019706,82,15,7.19,0.885,88.500,'Normal',1.00000000000000000000,0.00000000000000000000),
	 ('Corey Kispert','< $5 M','WAS',74,13.40,3722040,82,8,7.19,0.882,88.200,'Normal',1.00000000000000000000,0.00000000000000000000),
	 ('John Wall','$5-10 M','LAC',34,13.35,6802950,82,48,13.69,0.494,49.400,'Normal',0.75,0.25),
	 ('Bol Bol','< $5 M','ORL',70,13.30,2019706,82,12,7.19,0.879,87.900,'Normal',1.00000000000000000000,0.00000000000000000000),
	 ('Alec Burks','$10-15 M','DET',51,13.28,10489600,82,31,15.50,0.356,35.600,'Normal',0.75,0.25);
INSERT INTO contract_value_analysis (player,salary_rank,team,games_played,avg_mvp_score,salary,team_games_played,games_missed,pvm_rank,rankingish,percentile_rank,color_var,adj_penalty_final,pct_penalized) VALUES
	 ('Kevin Love','< $5 M','MIA',62,13.25,3835738,82,20,7.19,0.875,87.500,'Normal',0.92000000000000000000,0.08000000000000000000),
	 ('Josh Okogie','< $5 M','PHX',72,13.20,2815937,82,10,7.19,0.872,87.200,'Normal',1.00000000000000000000,0.00000000000000000000),
	 ('Bones Hyland','< $5 M','LAC',56,13.04,2306400,82,26,7.19,0.869,86.900,'Normal',0.80000000000000000000,0.20000000000000000000),
	 ('Drew Eubanks','< $5 M','POR',78,13.00,2346614,82,4,7.19,0.866,86.600,'Normal',1.00000000000000000000,0.00000000000000000000),
	 ('Nicolas Batum','$10-15 M','LAC',78,13.00,11710818,82,4,15.50,0.333,33.300,'Normal',1.00000000000000000000,0.00000000000000000000),
	 ('Victor Oladipo','$5-10 M','MIA',42,12.90,9450000,82,40,13.69,0.481,48.100,'Normal',0.75,0.25),
	 ('John Konchar','< $5 M','MEM',72,12.80,2400000,82,10,7.19,0.862,86.200,'Normal',1.00000000000000000000,0.00000000000000000000),
	 ('Gabe York','< $5 M','IND',3,12.60,1000000,82,79,7.19,0.856,85.600,'Normal',0.75,0.25),
	 ('Isaiah Hartenstein','$5-10 M','NYK',82,12.60,9245121,82,0,13.69,0.468,46.800,'Normal',1.00000000000000000000,0.00000000000000000000),
	 ('Torrey Craig','< $5 M','PHX',79,12.60,2528233,82,3,7.19,0.856,85.600,'Normal',1.00000000000000000000,0.00000000000000000000);
INSERT INTO contract_value_analysis (player,salary_rank,team,games_played,avg_mvp_score,salary,team_games_played,games_missed,pvm_rank,rankingish,percentile_rank,color_var,adj_penalty_final,pct_penalized) VALUES
	 ('Luke Kennard','$10-15 M','MEM',59,12.56,14763636,82,23,15.50,0.311,31.100,'Normal',0.86000000000000000000,0.14000000000000000000),
	 ('AJ Griffin','< $5 M','ATL',72,12.50,3712920,82,10,7.19,0.849,84.900,'Normal',1.00000000000000000000,0.00000000000000000000),
	 ('Keita Bates-Diop','< $5 M','SAS',67,12.50,2346614,82,15,7.19,0.849,84.900,'Normal',1.00000000000000000000,0.00000000000000000000),
	 ('Brandon Clarke','$10-15 M','MEM',56,12.48,12500000,82,26,15.50,0.289,28.900,'Normal',0.80000000000000000000,0.20000000000000000000),
	 ('Pat Connaughton','$5-10 M','MIL',61,12.42,9423869,82,21,13.69,0.456,45.600,'Normal',0.90000000000000000000,0.10000000000000000000),
	 ('Nick Richards','$5-10 M','CHA',65,12.35,5000000,82,17,13.69,0.443,44.300,'Normal',0.98000000000000000000,0.02000000000000000000),
	 ('Jalen Suggs','$5-10 M','ORL',53,12.15,7252080,82,29,13.69,0.430,43.000,'Normal',0.75,0.25),
	 ('Xavier Tillman','< $5 M','MEM',61,12.15,1930681,82,21,7.19,0.846,84.600,'Normal',0.90000000000000000000,0.10000000000000000000),
	 ('Moritz Wagner','$5-10 M','ORL',57,12.14,8000000,82,25,13.69,0.418,41.800,'Normal',0.82000000000000000000,0.18000000000000000000),
	 ('Tre Mann','< $5 M','OKC',67,12.10,3191400,82,15,7.19,0.843,84.300,'Normal',1.00000000000000000000,0.00000000000000000000);
INSERT INTO contract_value_analysis (player,salary_rank,team,games_played,avg_mvp_score,salary,team_games_played,games_missed,pvm_rank,rankingish,percentile_rank,color_var,adj_penalty_final,pct_penalized) VALUES
	 ('Jeremy Sochan','$5-10 M','SAS',56,12.08,5316960,82,26,13.69,0.405,40.500,'Normal',0.80000000000000000000,0.20000000000000000000),
	 ('Josh Green','< $5 M','DAL',60,11.97,4765339,82,22,7.19,0.839,83.900,'Normal',0.88000000000000000000,0.12000000000000000000),
	 ('Trey Lyles','$5-10 M','SAC',74,11.90,8000000,82,8,13.69,0.392,39.200,'Normal',1.00000000000000000000,0.00000000000000000000),
	 ('Troy Brown','< $5 M','LAL',76,11.90,4000000,82,6,7.19,0.836,83.600,'Normal',1.00000000000000000000,0.00000000000000000000),
	 ('Dwight Powell','< $5 M','DAL',76,11.80,4000000,82,6,7.19,0.833,83.300,'Normal',1.00000000000000000000,0.00000000000000000000),
	 ('Devonte'' Graham','$10-15 M','SAS',73,11.70,12100000,82,9,15.50,0.267,26.700,'Normal',1.00000000000000000000,0.00000000000000000000),
	 ('Isaac Okoro','$5-10 M','CLE',76,11.70,8920795,82,6,13.69,0.380,38.000,'Normal',1.00000000000000000000,0.00000000000000000000),
	 ('Jordan Goodwin','< $5 M','WAS',62,11.68,1927896,82,20,7.19,0.830,83.000,'Normal',0.92000000000000000000,0.08000000000000000000),
	 ('Isaiah Jackson','< $5 M','IND',63,11.66,2696280,82,19,7.19,0.826,82.600,'Normal',0.94000000000000000000,0.06000000000000000000),
	 ('Kenrich Williams','$5-10 M','OKC',53,11.63,6175000,82,29,13.69,0.367,36.700,'Normal',0.75,0.25);
INSERT INTO contract_value_analysis (player,salary_rank,team,games_played,avg_mvp_score,salary,team_games_played,games_missed,pvm_rank,rankingish,percentile_rank,color_var,adj_penalty_final,pct_penalized) VALUES
	 ('Damion Lee','< $5 M','PHX',74,11.60,2528233,82,8,7.19,0.823,82.300,'Normal',1.00000000000000000000,0.00000000000000000000),
	 ('Isaiah Stewart','$5-10 M','DET',50,11.55,5266713,82,32,13.69,0.354,35.400,'Normal',0.75,0.25),
	 ('Reggie Bullock','$10-15 M','DAL',78,11.50,11014080,82,4,15.50,0.244,24.400,'Normal',1.00000000000000000000,0.00000000000000000000),
	 ('Thomas Bryant','< $5 M','DEN',59,11.44,2528233,82,23,7.19,0.820,82.000,'Normal',0.86000000000000000000,0.14000000000000000000),
	 ('Georges Niang','$5-10 M','PHI',78,11.40,8800000,82,4,13.69,0.329,32.900,'Normal',1.00000000000000000000,0.00000000000000000000),
	 ('Shaedon Sharpe','$5-10 M','POR',80,11.40,6313800,82,2,13.69,0.329,32.900,'Normal',1.00000000000000000000,0.00000000000000000000),
	 ('Cory Joseph','< $5 M','DET',62,11.22,2019706,82,20,7.19,0.816,81.600,'Normal',0.92000000000000000000,0.08000000000000000000),
	 ('Jock Landale','$5-10 M','PHX',69,11.20,8000000,82,13,13.69,0.316,31.600,'Normal',1.00000000000000000000,0.00000000000000000000),
	 ('Malaki Branham','< $5 M','SAS',66,11.20,3071880,82,16,7.19,0.813,81.300,'Normal',1.00000000000000000000,0.00000000000000000000),
	 ('Luka Samanic','< $5 M','UTA',7,11.18,2066585,82,75,7.19,0.810,81.000,'Normal',0.75,0.25);
INSERT INTO contract_value_analysis (player,salary_rank,team,games_played,avg_mvp_score,salary,team_games_played,games_missed,pvm_rank,rankingish,percentile_rank,color_var,adj_penalty_final,pct_penalized) VALUES
	 ('Sam Hauser','< $5 M','BOS',80,11.10,1927896,82,2,7.19,0.807,80.700,'Normal',1.00000000000000000000,0.00000000000000000000),
	 ('Joe Harris','$15-20 M','BKN',74,11.00,19928571,82,8,19.25,0.138,13.800,'Bad Value',1.00000000000000000000,0.00000000000000000000),
	 ('Terrence Ross','< $5 M','PHX',64,10.94,1000000,82,18,7.19,0.803,80.300,'Normal',0.96000000000000000000,0.04000000000000000000),
	 ('Obi Toppin','$5-10 M','NYK',67,10.90,6803012,82,15,13.69,0.304,30.400,'Normal',1.00000000000000000000,0.00000000000000000000),
	 ('Marvin Bagley','$10-15 M','DET',42,10.88,12500000,82,40,15.50,0.222,22.200,'Normal',0.75,0.25),
	 ('Precious Achiuwa','< $5 M','TOR',55,10.84,4379527,82,27,7.19,0.800,80.000,'Normal',0.78000000000000000000,0.22000000000000000000),
	 ('Seth Curry','< $5 M','BKN',61,10.80,4000000,82,21,7.19,0.797,79.700,'Normal',0.90000000000000000000,0.10000000000000000000),
	 ('Justise Winslow','< $5 M','POR',29,10.73,1000000,82,53,7.19,0.793,79.300,'Normal',0.75,0.25),
	 ('Andre Drummond','< $5 M','CHI',67,10.70,3360000,82,15,7.19,0.790,79.000,'Normal',1.00000000000000000000,0.00000000000000000000),
	 ('Mark Williams','< $5 M','CHA',43,10.65,3908160,82,39,7.19,0.787,78.700,'Normal',0.75,0.25);
INSERT INTO contract_value_analysis (player,salary_rank,team,games_played,avg_mvp_score,salary,team_games_played,games_missed,pvm_rank,rankingish,percentile_rank,color_var,adj_penalty_final,pct_penalized) VALUES
	 ('Jalen Johnson','< $5 M','ATL',70,10.60,2925360,82,12,7.19,0.784,78.400,'Normal',1.00000000000000000000,0.00000000000000000000),
	 ('Mike Muscala','< $5 M','BOS',63,10.53,3500000,82,19,7.19,0.780,78.000,'Normal',0.94000000000000000000,0.06000000000000000000),
	 ('Aaron Wiggins','< $5 M','OKC',70,10.50,1836096,82,12,7.19,0.777,77.700,'Normal',1.00000000000000000000,0.00000000000000000000),
	 ('Joe Ingles','$10-15 M','MIL',46,10.43,11000000,82,36,15.50,0.200,20.000,'Normal',0.75,0.25),
	 ('Cam Thomas','< $5 M','BKN',57,10.41,2240160,82,25,7.19,0.774,77.400,'Normal',0.82000000000000000000,0.18000000000000000000),
	 ('Lonnie Walker','< $5 M','LAL',56,10.40,2019706,82,26,7.19,0.770,77.000,'Normal',0.80000000000000000000,0.20000000000000000000),
	 ('Doug McDermott','$10-15 M','SAS',64,10.37,13750000,82,18,15.50,0.178,17.800,'Bad Value',0.96000000000000000000,0.04000000000000000000),
	 ('Hamidou Diallo','< $5 M','DET',56,10.32,1000000,82,26,7.19,0.767,76.700,'Normal',0.80000000000000000000,0.20000000000000000000),
	 ('Anthony Lamb','< $5 M','GSW',62,10.30,1000000,82,20,7.19,0.764,76.400,'Normal',0.92000000000000000000,0.08000000000000000000),
	 ('Landry Shamet','$10-15 M','PHX',40,10.28,10250000,82,42,15.50,0.156,15.600,'Bad Value',0.75,0.25);
INSERT INTO contract_value_analysis (player,salary_rank,team,games_played,avg_mvp_score,salary,team_games_played,games_missed,pvm_rank,rankingish,percentile_rank,color_var,adj_penalty_final,pct_penalized) VALUES
	 ('Trendon Watford','< $5 M','POR',62,10.03,1836096,82,20,7.19,0.761,76.100,'Normal',0.92000000000000000000,0.08000000000000000000),
	 ('Davion Mitchell','$5-10 M','SAC',80,10.00,5063640,82,2,13.69,0.291,29.100,'Normal',1.00000000000000000000,0.00000000000000000000),
	 ('Terence Davis','< $5 M','SAC',64,9.79,1000000,82,18,7.19,0.757,75.700,'Normal',0.96000000000000000000,0.04000000000000000000),
	 ('Jae''Sean Tate','$5-10 M','HOU',31,9.75,6500000,82,51,13.69,0.278,27.800,'Normal',0.75,0.25),
	 ('Taurean Prince','< $5 M','MIN',54,9.58,4516000,82,28,7.19,0.754,75.400,'Normal',0.76000000000000000000,0.24000000000000000000),
	 ('Jordan Nwora','< $5 M','IND',62,9.57,3000000,82,20,7.19,0.751,75.100,'Normal',0.92000000000000000000,0.08000000000000000000),
	 ('Bismack Biyombo','< $5 M','PHX',61,9.54,1000000,82,21,7.19,0.748,74.800,'Normal',0.90000000000000000000,0.10000000000000000000),
	 ('Ricky Rubio','$5-10 M','CLE',33,9.53,6146342,82,49,13.69,0.266,26.600,'Normal',0.75,0.25),
	 ('Jae Crowder','< $5 M','MIL',18,9.38,2019706,82,64,7.19,0.741,74.100,'Normal',0.75,0.25),
	 ('Joshua Primo','< $5 M','SAS',4,9.38,4341600,82,78,7.19,0.741,74.100,'Normal',0.75,0.25);
INSERT INTO contract_value_analysis (player,salary_rank,team,games_played,avg_mvp_score,salary,team_games_played,games_missed,pvm_rank,rankingish,percentile_rank,color_var,adj_penalty_final,pct_penalized) VALUES
	 ('Oshae Brissett','< $5 M','IND',65,9.31,2165000,82,17,7.19,0.738,73.800,'Normal',0.98000000000000000000,0.02000000000000000000),
	 ('Aleksej Pokusevski','$5-10 M','OKC',34,9.23,5009633,82,48,13.69,0.253,25.300,'Normal',0.75,0.25),
	 ('Kemba Walker','< $5 M','DAL',9,9.15,1000000,82,73,7.19,0.734,73.400,'Normal',0.75,0.25),
	 ('Jeenathan Williams','< $5 M','POR',5,9.08,1000000,82,77,7.19,0.731,73.100,'Normal',0.75,0.25),
	 ('Ochai Agbaji','< $5 M','UTA',59,9.03,4114200,82,23,7.19,0.728,72.800,'Normal',0.86000000000000000000,0.14000000000000000000),
	 ('Derrick Jones','< $5 M','CHI',64,9.02,3360000,82,18,7.19,0.725,72.500,'Normal',0.96000000000000000000,0.04000000000000000000),
	 ('Jacob Gilyard','< $5 M','MEM',1,9.00,1000000,82,81,7.19,0.718,71.800,'Normal',0.75,0.25),
	 ('Kendrick Nunn','< $5 M','WAS',70,9.00,1000000,82,12,7.19,0.718,71.800,'Normal',1.00000000000000000000,0.00000000000000000000),
	 ('Matisse Thybulle','$10-15 M','POR',71,9.00,10500000,82,11,15.50,0.133,13.300,'Bad Value',1.00000000000000000000,0.00000000000000000000),
	 ('Gary Harris','$10-15 M','ORL',48,8.93,13000000,82,34,15.50,0.111,11.100,'Bad Value',0.75,0.25);
INSERT INTO contract_value_analysis (player,salary_rank,team,games_played,avg_mvp_score,salary,team_games_played,games_missed,pvm_rank,rankingish,percentile_rank,color_var,adj_penalty_final,pct_penalized) VALUES
	 ('David Roddy','< $5 M','MEM',70,8.90,2718240,82,12,7.19,0.711,71.100,'Normal',1.00000000000000000000,0.00000000000000000000),
	 ('Wenyen Gabriel','< $5 M','LAL',68,8.90,1000000,82,14,7.19,0.711,71.100,'Normal',1.00000000000000000000,0.00000000000000000000),
	 ('Theo Maledon','< $5 M','CHA',44,8.85,1000000,82,38,7.19,0.705,70.500,'Normal',0.75,0.25),
	 ('T.J. Warren','< $5 M','PHX',42,8.85,1000000,82,40,7.19,0.705,70.500,'Normal',0.75,0.25),
	 ('Mohamed Bamba','< $5 M','LAL',49,8.78,2019706,82,33,7.19,0.702,70.200,'Normal',0.75,0.25),
	 ('Robert Covington','$10-15 M','LAC',48,8.63,11692308,82,34,15.50,0.089,8.900,'Bad Value',0.75,0.25),
	 ('Cam Reddish','< $5 M','POR',40,8.55,2165000,82,42,7.19,0.692,69.200,'Normal',0.75,0.25),
	 ('Jay Huff','< $5 M','WAS',7,8.55,1000000,82,75,7.19,0.692,69.200,'Normal',0.75,0.25),
	 ('Ty Jerome','< $5 M','GSW',45,8.55,2439025,82,37,7.19,0.692,69.200,'Normal',0.75,0.25),
	 ('Chimezie Metu','< $5 M','SAC',66,8.50,2019706,82,16,7.19,0.689,68.900,'Normal',1.00000000000000000000,0.00000000000000000000);
INSERT INTO contract_value_analysis (player,salary_rank,team,games_played,avg_mvp_score,salary,team_games_played,games_missed,pvm_rank,rankingish,percentile_rank,color_var,adj_penalty_final,pct_penalized) VALUES
	 ('Jordan McLaughlin','< $5 M','MIN',43,8.48,2320000,82,39,7.19,0.685,68.500,'Normal',0.75,0.25),
	 ('Jeremiah Robinson-Earl','< $5 M','OKC',43,8.40,1900000,82,39,7.19,0.682,68.200,'Normal',0.75,0.25),
	 ('Nickeil Alexander-Walker','< $5 M','MIN',59,8.34,4687500,82,23,7.19,0.679,67.900,'Normal',0.86000000000000000000,0.14000000000000000000),
	 ('Goran Dragic','< $5 M','MIL',58,8.32,1000000,82,24,7.19,0.675,67.500,'Normal',0.84000000000000000000,0.16000000000000000000),
	 ('Paul Reed','$5-10 M','PHI',69,8.30,7723000,82,13,13.69,0.241,24.100,'Normal',1.00000000000000000000,0.00000000000000000000),
	 ('Charles Bassey','< $5 M','SAS',35,8.25,2600000,82,47,7.19,0.672,67.200,'Normal',0.75,0.25),
	 ('P.J. Tucker','$10-15 M','PHI',75,8.20,11014500,82,7,15.50,0.067,6.700,'Bad Value',1.00000000000000000000,0.00000000000000000000),
	 ('Jaden Hardy','< $5 M','DAL',48,8.18,1719864,82,34,7.19,0.666,66.600,'Normal',0.75,0.25),
	 ('Willy Hernangomez','< $5 M','NOP',38,8.18,2559942,82,44,7.19,0.666,66.600,'Normal',0.75,0.25),
	 ('Dario Saric','< $5 M','OKC',57,8.12,2019706,82,25,7.19,0.662,66.200,'Normal',0.82000000000000000000,0.18000000000000000000);
INSERT INTO contract_value_analysis (player,salary_rank,team,games_played,avg_mvp_score,salary,team_games_played,games_missed,pvm_rank,rankingish,percentile_rank,color_var,adj_penalty_final,pct_penalized) VALUES
	 ('Daniel Theis','$5-10 M','IND',7,8.10,9108387,82,75,13.69,0.228,22.800,'Normal',0.75,0.25),
	 ('Luke Kornet','< $5 M','BOS',69,8.00,2413304,82,13,7.19,0.659,65.900,'Normal',1.00000000000000000000,0.00000000000000000000),
	 ('Svi Mykhailiuk','< $5 M','CHA',32,7.95,1000000,82,50,7.19,0.656,65.600,'Normal',0.75,0.25),
	 ('Dyson Daniels','$5-10 M','NOP',59,7.91,5784120,82,23,13.69,0.215,21.500,'Normal',0.86000000000000000000,0.14000000000000000000),
	 ('Lamar Stevens','< $5 M','CLE',62,7.91,400000,82,20,7.19,0.652,65.200,'Normal',0.92000000000000000000,0.08000000000000000000),
	 ('Dean Wade','$5-10 M','CLE',44,7.88,5709877,82,38,13.69,0.203,20.300,'Normal',0.75,0.25),
	 ('Julian Champagnie','< $5 M','SAS',17,7.88,3000000,82,65,7.19,0.646,64.600,'Normal',0.75,0.25),
	 ('Maxi Kleber','$10-15 M','DAL',37,7.88,11000000,82,45,15.50,0.044,4.400,'Bad Value',0.75,0.25),
	 ('Saben Lee','< $5 M','PHX',25,7.88,1000000,82,57,7.19,0.646,64.600,'Normal',0.75,0.25),
	 ('Ish Wainright','< $5 M','PHX',60,7.83,1927896,82,22,7.19,0.643,64.300,'Normal',0.88000000000000000000,0.12000000000000000000);
INSERT INTO contract_value_analysis (player,salary_rank,team,games_played,avg_mvp_score,salary,team_games_played,games_missed,pvm_rank,rankingish,percentile_rank,color_var,adj_penalty_final,pct_penalized) VALUES
	 ('Duane Washington','< $5 M','PHX',31,7.80,1000000,82,51,7.19,0.639,63.900,'Normal',0.75,0.25),
	 ('Will Barton','< $5 M','TOR',56,7.76,1000000,82,26,7.19,0.636,63.600,'Normal',0.80000000000000000000,0.20000000000000000000),
	 ('George Hill','< $5 M','IND',46,7.73,1000000,82,36,7.19,0.630,63.000,'Normal',0.75,0.25),
	 ('Jaylin Williams','< $5 M','OKC',49,7.73,2000000,82,33,7.19,0.630,63.000,'Normal',0.75,0.25),
	 ('Edmond Sumner','< $5 M','BKN',53,7.65,1000000,82,29,7.19,0.623,62.300,'Normal',0.75,0.25),
	 ('Gary Payton','$5-10 M','GSW',22,7.65,8715000,82,60,13.69,0.190,19.000,'Bad Value',0.75,0.25),
	 ('James Wiseman','$10-15 M','DET',45,7.65,12119440,82,37,15.50,0.022,2.200,'Bad Value',0.75,0.25),
	 ('Javonte Green','< $5 M','CHI',32,7.65,1000000,82,50,7.19,0.623,62.300,'Normal',0.75,0.25),
	 ('Chris Duarte','< $5 M','IND',46,7.58,4124400,82,36,7.19,0.620,62.000,'Normal',0.75,0.25),
	 ('Christian Koloko','< $5 M','TOR',58,7.48,1719864,82,24,7.19,0.616,61.600,'Normal',0.84000000000000000000,0.16000000000000000000);
INSERT INTO contract_value_analysis (player,salary_rank,team,games_played,avg_mvp_score,salary,team_games_played,games_missed,pvm_rank,rankingish,percentile_rank,color_var,adj_penalty_final,pct_penalized) VALUES
	 ('Yuta Watanabe','< $5 M','BKN',58,7.39,2346614,82,24,7.19,0.613,61.300,'Normal',0.84000000000000000000,0.16000000000000000000),
	 ('Jeff Green','$5-10 M','DEN',56,7.36,9600000,82,26,13.69,0.177,17.700,'Bad Value',0.80000000000000000000,0.20000000000000000000),
	 ('Blake Griffin','< $5 M','BOS',41,7.35,1000000,82,41,7.19,0.607,60.700,'Normal',0.75,0.25),
	 ('Lindy Waters','< $5 M','OKC',41,7.35,1000000,82,41,7.19,0.607,60.700,'Normal',0.75,0.25),
	 ('Jonathan Isaac','$15-20 M','ORL',11,7.28,17400000,82,71,19.25,0.103,10.300,'Bad Value',0.75,0.25),
	 ('Rudy Gay','$5-10 M','UTA',56,7.28,6479000,82,26,13.69,0.165,16.500,'Bad Value',0.80000000000000000000,0.20000000000000000000),
	 ('Christian Braun','< $5 M','DEN',76,7.20,2949120,82,6,7.19,0.603,60.300,'Normal',1.00000000000000000000,0.00000000000000000000),
	 ('Jarrell Brantley','< $5 M','UTA',4,7.13,1000000,82,78,7.19,0.600,60.000,'Normal',0.75,0.25),
	 ('Aaron Holiday','< $5 M','ATL',63,7.05,2019706,82,19,7.19,0.593,59.300,'Normal',0.94000000000000000000,0.06000000000000000000),
	 ('Montrezl Harrell','< $5 M','PHI',57,7.05,2019706,82,25,7.19,0.593,59.300,'Normal',0.82000000000000000000,0.18000000000000000000);
INSERT INTO contract_value_analysis (player,salary_rank,team,games_played,avg_mvp_score,salary,team_games_played,games_missed,pvm_rank,rankingish,percentile_rank,color_var,adj_penalty_final,pct_penalized) VALUES
	 ('Goga Bitadze','< $5 M','ORL',38,6.98,2066585,82,44,7.19,0.587,58.700,'Normal',0.75,0.25),
	 ('Jamal Cain','< $5 M','MIA',18,6.98,1000000,82,64,7.19,0.587,58.700,'Normal',0.75,0.25),
	 ('JaMychal Green','< $5 M','GSW',57,6.97,1000000,82,25,7.19,0.584,58.400,'Normal',0.82000000000000000000,0.18000000000000000000),
	 ('Vlatko Cancar','< $5 M','DEN',60,6.86,2234359,82,22,7.19,0.580,58.000,'Normal',0.88000000000000000000,0.12000000000000000000),
	 ('Eugene Omoruyi','< $5 M','DET',40,6.83,1000000,82,42,7.19,0.570,57.000,'Normal',0.75,0.25),
	 ('Sandro Mamukelashvili','< $5 M','SAS',43,6.83,1000000,82,39,7.19,0.570,57.000,'Normal',0.75,0.25),
	 ('Stanley Johnson','< $5 M','SAS',30,6.83,1000000,82,52,7.19,0.570,57.000,'Normal',0.75,0.25),
	 ('Andre Iguodala','< $5 M','GSW',8,6.75,1000000,82,74,7.19,0.564,56.400,'Normal',0.75,0.25),
	 ('Darius Bazley','< $5 M','PHX',43,6.75,2019706,82,39,7.19,0.564,56.400,'Normal',0.75,0.25),
	 ('Otto Porter','$5-10 M','TOR',8,6.68,6300000,82,74,13.69,0.152,15.200,'Bad Value',0.75,0.25);
INSERT INTO contract_value_analysis (player,salary_rank,team,games_played,avg_mvp_score,salary,team_games_played,games_missed,pvm_rank,rankingish,percentile_rank,color_var,adj_penalty_final,pct_penalized) VALUES
	 ('Jared Butler','< $5 M','OKC',6,6.60,1000000,82,76,7.19,0.561,56.100,'Normal',0.75,0.25),
	 ('Kevin Knox','< $5 M','POR',63,6.58,3000000,82,19,7.19,0.557,55.700,'Normal',0.94000000000000000000,0.06000000000000000000),
	 ('Isaiah Livers','< $5 M','DET',52,6.53,1836096,82,30,7.19,0.544,54.400,'Normal',0.75,0.25),
	 ('Miles McBride','< $5 M','NYK',64,6.53,1836096,82,18,7.19,0.544,54.400,'Normal',0.96000000000000000000,0.04000000000000000000),
	 ('Ousmane Dieng','< $5 M','OKC',39,6.53,4798440,82,43,7.19,0.544,54.400,'Normal',0.75,0.25),
	 ('Quenton Jackson','< $5 M','WAS',9,6.53,1000000,82,73,7.19,0.544,54.400,'Normal',0.75,0.25),
	 ('Moses Moody','< $5 M','GSW',63,6.39,3918480,82,19,7.19,0.541,54.100,'Normal',0.94000000000000000000,0.06000000000000000000),
	 ('Luka Garza','< $5 M','MIN',28,6.38,1000000,82,54,7.19,0.531,53.100,'Normal',0.75,0.25),
	 ('Romeo Langford','< $5 M','SAS',43,6.38,1000000,82,39,7.19,0.531,53.100,'Normal',0.75,0.25),
	 ('Sam Merrill','< $5 M','CLE',5,6.38,1997238,82,77,7.19,0.531,53.100,'Normal',0.75,0.25);
INSERT INTO contract_value_analysis (player,salary_rank,team,games_played,avg_mvp_score,salary,team_games_played,games_missed,pvm_rank,rankingish,percentile_rank,color_var,adj_penalty_final,pct_penalized) VALUES
	 ('Thaddeus Young','$5-10 M','TOR',54,6.23,8000000,82,28,13.69,0.139,13.900,'Bad Value',0.76000000000000000000,0.24000000000000000000),
	 ('Xavier Cooks','< $5 M','WAS',10,6.23,1719864,82,72,7.19,0.528,52.800,'Normal',0.75,0.25),
	 ('Nassir Little','$5-10 M','POR',54,6.16,6250000,82,28,13.69,0.127,12.700,'Bad Value',0.76000000000000000000,0.24000000000000000000),
	 ('Cody Martin','$5-10 M','CHA',7,6.15,7560000,82,75,13.69,0.101,10.100,'Bad Value',0.75,0.25),
	 ('Evan Fournier','$15-20 M','NYK',27,6.15,18857143,82,55,19.25,0.069,6.900,'Bad Value',0.75,0.25),
	 ('Kira Lewis','$5-10 M','NOP',25,6.15,5722116,82,57,13.69,0.101,10.100,'Bad Value',0.75,0.25),
	 ('Orlando Robinson','< $5 M','MIA',31,6.15,1801769,82,51,7.19,0.525,52.500,'Normal',0.75,0.25),
	 ('Josh Christopher','< $5 M','HOU',64,6.14,2485200,82,18,7.19,0.521,52.100,'Normal',0.96000000000000000000,0.04000000000000000000),
	 ('Derrick Rose','< $5 M','NYK',27,6.08,3196448,82,55,7.19,0.518,51.800,'Normal',0.75,0.25),
	 ('Johnny Davis','$5-10 M','WAS',28,6.00,5050800,82,54,13.69,0.089,8.900,'Bad Value',0.75,0.25);
INSERT INTO contract_value_analysis (player,salary_rank,team,games_played,avg_mvp_score,salary,team_games_played,games_missed,pvm_rank,rankingish,percentile_rank,color_var,adj_penalty_final,pct_penalized) VALUES
	 ('Payton Pritchard','< $5 M','BOS',48,6.00,4037277,82,34,7.19,0.515,51.500,'Normal',0.75,0.25),
	 ('Duncan Robinson','$15-20 M','MIA',42,5.85,18154000,82,40,19.25,0.034,3.400,'Bad Value',0.75,0.25),
	 ('Olivier Sarr','< $5 M','OKC',9,5.85,1000000,82,73,7.19,0.508,50.800,'Normal',0.75,0.25),
	 ('Patty Mills','$5-10 M','BKN',40,5.85,6802950,82,42,13.69,0.076,7.600,'Bad Value',0.75,0.25),
	 ('Rodney McGruder','< $5 M','DET',33,5.85,1000000,82,49,7.19,0.508,50.800,'Normal',0.75,0.25),
	 ('Chuma Okeke','$5-10 M','ORL',27,5.78,5266713,82,55,13.69,0.063,6.300,'Bad Value',0.75,0.25),
	 ('R.J. Hampton','< $5 M','DET',47,5.78,1000000,82,35,7.19,0.505,50.500,'Normal',0.75,0.25),
	 ('Cody Zeller','< $5 M','MIA',15,5.70,2019706,82,67,7.19,0.498,49.800,'Normal',0.75,0.25),
	 ('Day''Ron Sharpe','< $5 M','BKN',48,5.70,2210040,82,34,7.19,0.498,49.800,'Normal',0.75,0.25),
	 ('Brandon Boston','< $5 M','LAC',22,5.63,1836096,82,60,7.19,0.489,48.900,'Normal',0.75,0.25);
INSERT INTO contract_value_analysis (player,salary_rank,team,games_played,avg_mvp_score,salary,team_games_played,games_missed,pvm_rank,rankingish,percentile_rank,color_var,adj_penalty_final,pct_penalized) VALUES
	 ('DeAndre Jordan','< $5 M','DEN',39,5.63,2019706,82,43,7.19,0.489,48.900,'Normal',0.75,0.25),
	 ('Stanley Umude','< $5 M','DET',1,5.63,1000000,82,81,7.19,0.489,48.900,'Normal',0.75,0.25),
	 ('Usman Garuba','< $5 M','HOU',75,5.60,2588400,82,7,7.19,0.485,48.500,'Normal',1.00000000000000000000,0.00000000000000000000),
	 ('Jaxson Hayes','< $5 M','NOP',47,5.55,2165000,82,35,7.19,0.479,47.900,'Normal',0.75,0.25),
	 ('TyTy Washington','< $5 M','HOU',31,5.55,2320440,82,51,7.19,0.479,47.900,'Normal',0.75,0.25),
	 ('Dalano Banton','< $5 M','TOR',31,5.48,2019706,82,51,7.19,0.475,47.500,'Normal',0.75,0.25),
	 ('Haywood Highsmith','< $5 M','MIA',54,5.40,1902137,82,28,7.19,0.462,46.200,'Normal',0.76000000000000000000,0.24000000000000000000),
	 ('Malachi Flynn','< $5 M','TOR',53,5.40,3873025,82,29,7.19,0.462,46.200,'Normal',0.75,0.25),
	 ('Moses Brown','< $5 M','BKN',36,5.40,1000000,82,46,7.19,0.462,46.200,'Normal',0.75,0.25),
	 ('Nikola Jovic','< $5 M','MIA',15,5.40,2352000,82,67,7.19,0.462,46.200,'Normal',0.75,0.25);
INSERT INTO contract_value_analysis (player,salary_rank,team,games_played,avg_mvp_score,salary,team_games_played,games_missed,pvm_rank,rankingish,percentile_rank,color_var,adj_penalty_final,pct_penalized) VALUES
	 ('Danuel House','< $5 M','PHI',56,5.36,4310250,82,26,7.19,0.459,45.900,'Normal',0.80000000000000000000,0.20000000000000000000),
	 ('Austin Rivers','< $5 M','MIN',52,5.33,1000000,82,30,7.19,0.456,45.600,'Normal',0.75,0.25),
	 ('Bruno Fernando','< $5 M','ATL',39,5.25,2581522,82,43,7.19,0.449,44.900,'Normal',0.75,0.25),
	 ('Trevelin Queen','< $5 M','IND',7,5.25,1000000,82,75,7.19,0.449,44.900,'Normal',0.75,0.25),
	 ('Dewayne Dedmon','$5-10 M','PHI',38,5.18,7072674,82,44,13.69,0.051,5.100,'Bad Value',0.75,0.25),
	 ('Zeke Nnaji','< $5 M','DEN',52,5.18,4306281,82,30,7.19,0.446,44.600,'Normal',0.75,0.25),
	 ('James Bouknight','< $5 M','CHA',34,5.10,4570080,82,48,7.19,0.433,43.300,'Normal',0.75,0.25),
	 ('Jarrett Culver','< $5 M','ATL',10,5.10,1000000,82,72,7.19,0.433,43.300,'Normal',0.75,0.25),
	 ('Omer Yurtseven','< $5 M','MIA',9,5.10,2800000,82,73,7.19,0.433,43.300,'Normal',0.75,0.25),
	 ('Wesley Matthews','< $5 M','MIL',52,5.10,2019706,82,30,7.19,0.433,43.300,'Normal',0.75,0.25);
INSERT INTO contract_value_analysis (player,salary_rank,team,games_played,avg_mvp_score,salary,team_games_played,games_missed,pvm_rank,rankingish,percentile_rank,color_var,adj_penalty_final,pct_penalized) VALUES
	 ('Ziaire Williams','< $5 M','MEM',37,5.03,4810200,82,45,7.19,0.430,43.000,'Normal',0.75,0.25),
	 ('Dru Smith','< $5 M','BKN',15,4.95,1000000,82,67,7.19,0.426,42.600,'Normal',0.75,0.25),
	 ('Daishen Nix','< $5 M','HOU',57,4.92,1000000,82,25,7.19,0.423,42.300,'Normal',0.82000000000000000000,0.18000000000000000000),
	 ('Carlik Jones','< $5 M','CHI',7,4.88,1927896,82,75,7.19,0.413,41.300,'Normal',0.75,0.25),
	 ('Danny Green','< $5 M','CLE',11,4.88,1000000,82,71,7.19,0.413,41.300,'Normal',0.75,0.25),
	 ('Raul Neto','< $5 M','CLE',48,4.88,1000000,82,34,7.19,0.413,41.300,'Normal',0.75,0.25),
	 ('Blake Wesley','< $5 M','SAS',37,4.80,2504640,82,45,7.19,0.403,40.300,'Normal',0.75,0.25),
	 ('Dominick Barlow','< $5 M','SAS',28,4.80,1000000,82,54,7.19,0.403,40.300,'Normal',0.75,0.25),
	 ('JT Thor','< $5 M','CHA',69,4.80,1836096,82,13,7.19,0.403,40.300,'Normal',1.00000000000000000000,0.00000000000000000000),
	 ('Jericho Sims','< $5 M','NYK',52,4.73,1927896,82,30,7.19,0.393,39.300,'Normal',0.75,0.25);
INSERT INTO contract_value_analysis (player,salary_rank,team,games_played,avg_mvp_score,salary,team_games_played,games_missed,pvm_rank,rankingish,percentile_rank,color_var,adj_penalty_final,pct_penalized) VALUES
	 ('Kevon Harris','< $5 M','ORL',34,4.73,1000000,82,48,7.19,0.393,39.300,'Normal',0.75,0.25),
	 ('Markieff Morris','< $5 M','DAL',35,4.73,1000000,82,47,7.19,0.393,39.300,'Normal',0.75,0.25),
	 ('Josh Minott','< $5 M','MIN',15,4.65,1719864,82,67,7.19,0.387,38.700,'Normal',0.75,0.25),
	 ('McKinley Wright','< $5 M','DAL',27,4.65,1000000,82,55,7.19,0.387,38.700,'Normal',0.75,0.25),
	 ('Kenneth Lofton','< $5 M','MEM',24,4.58,1719864,82,58,7.19,0.377,37.700,'Normal',0.75,0.25),
	 ('MarJon Beauchamp','< $5 M','MIL',52,4.58,2609400,82,30,7.19,0.377,37.700,'Normal',0.75,0.25),
	 ('Simone Fontecchio','< $5 M','UTA',52,4.58,3044872,82,30,7.19,0.377,37.700,'Normal',0.75,0.25),
	 ('Anthony Gill','< $5 M','WAS',59,4.56,1997238,82,23,7.19,0.374,37.400,'Normal',0.86000000000000000000,0.14000000000000000000),
	 ('Bryce McGowens','< $5 M','CHA',46,4.50,1719864,82,36,7.19,0.370,37.000,'Normal',0.75,0.25),
	 ('Davis Bertans','$15-20 M','DAL',45,4.50,17000000,82,37,19.25,0.000,0.000,'Bad Value',0.75,0.25);
INSERT INTO contract_value_analysis (player,salary_rank,team,games_played,avg_mvp_score,salary,team_games_played,games_missed,pvm_rank,rankingish,percentile_rank,color_var,adj_penalty_final,pct_penalized) VALUES
	 ('Garrison Mathews','< $5 M','ATL',54,4.48,2000000,82,28,7.19,0.367,36.700,'Normal',0.76000000000000000000,0.24000000000000000000),
	 ('Jared Rhoden','< $5 M','DET',14,4.43,1000000,82,68,7.19,0.348,34.800,'Normal',0.75,0.25),
	 ('Juancho Hernangomez','< $5 M','TOR',42,4.43,1000000,82,40,7.19,0.348,34.800,'Normal',0.75,0.25),
	 ('Justin Holiday','< $5 M','DAL',46,4.43,2019706,82,36,7.19,0.348,34.800,'Normal',0.75,0.25),
	 ('Kai Jones','< $5 M','CHA',46,4.43,3047880,82,36,7.19,0.348,34.800,'Normal',0.75,0.25),
	 ('Lindell Wigginton','< $5 M','MIL',7,4.43,1000000,82,75,7.19,0.348,34.800,'Normal',0.75,0.25),
	 ('Taj Gibson','< $5 M','WAS',48,4.43,1000000,82,34,7.19,0.348,34.800,'Normal',0.75,0.25),
	 ('Frank Ntilikina','< $5 M','DAL',47,4.35,1000000,82,35,7.19,0.344,34.400,'Normal',0.75,0.25),
	 ('Isaiah Mobley','< $5 M','CLE',13,4.28,1000000,82,69,7.19,0.341,34.100,'Normal',0.75,0.25),
	 ('JaVale McGee','$5-10 M','DAL',42,4.20,5734280,82,40,13.69,0.038,3.800,'Bad Value',0.75,0.25);
INSERT INTO contract_value_analysis (player,salary_rank,team,games_played,avg_mvp_score,salary,team_games_played,games_missed,pvm_rank,rankingish,percentile_rank,color_var,adj_penalty_final,pct_penalized) VALUES
	 ('A.J. Green','< $5 M','MIL',35,4.13,1901769,82,47,7.19,0.321,32.100,'Normal',0.75,0.25),
	 ('Boban Marjanovic','< $5 M','HOU',31,4.13,1000000,82,51,7.19,0.321,32.100,'Normal',0.75,0.25),
	 ('Darius Days','< $5 M','HOU',4,4.13,1000000,82,78,7.19,0.321,32.100,'Normal',0.75,0.25),
	 ('Isaiah Roby','< $5 M','SAS',42,4.13,1000000,82,40,7.19,0.321,32.100,'Normal',0.75,0.25),
	 ('James Johnson','< $5 M','IND',18,4.13,1000000,82,64,7.19,0.321,32.100,'Normal',0.75,0.25),
	 ('Jeff Dowtin','< $5 M','TOR',25,4.13,2019706,82,57,7.19,0.321,32.100,'Normal',0.75,0.25),
	 ('Gorgui Dieng','< $5 M','SAS',31,4.05,1000000,82,51,7.19,0.311,31.100,'Normal',0.75,0.25),
	 ('Ish Smith','< $5 M','DEN',43,4.05,1000000,82,39,7.19,0.311,31.100,'Normal',0.75,0.25),
	 ('Jason Preston','< $5 M','LAC',14,4.05,1000000,82,68,7.19,0.311,31.100,'Normal',0.75,0.25),
	 ('Jabari Walker','< $5 M','POR',56,4.00,1719864,82,26,7.19,0.308,30.800,'Normal',0.80000000000000000000,0.20000000000000000000);
INSERT INTO contract_value_analysis (player,salary_rank,team,games_played,avg_mvp_score,salary,team_games_played,games_missed,pvm_rank,rankingish,percentile_rank,color_var,adj_penalty_final,pct_penalized) VALUES
	 ('Admiral Schofield','< $5 M','ORL',37,3.98,1000000,82,45,7.19,0.305,30.500,'Normal',0.75,0.25),
	 ('Keon Johnson','< $5 M','POR',40,3.90,2808720,82,42,7.19,0.295,29.500,'Normal',0.75,0.25),
	 ('Kessler Edwards','< $5 M','SAC',35,3.90,1927896,82,47,7.19,0.295,29.500,'Normal',0.75,0.25),
	 ('Serge Ibaka','< $5 M','MIL',16,3.90,1000000,82,66,7.19,0.295,29.500,'Normal',0.75,0.25),
	 ('Damian Jones','< $5 M','UTA',41,3.83,2586665,82,41,7.19,0.289,28.900,'Normal',0.75,0.25),
	 ('Micah Potter','< $5 M','UTA',7,3.83,1000000,82,75,7.19,0.289,28.900,'Normal',0.75,0.25),
	 ('Caleb Houstan','< $5 M','ORL',51,3.75,2000000,82,31,7.19,0.279,27.900,'Normal',0.75,0.25),
	 ('Furkan Korkmaz','$5-10 M','PHI',37,3.75,5370370,82,45,13.69,0.025,2.500,'Bad Value',0.75,0.25),
	 ('Justin Minaya','< $5 M','POR',3,3.75,1000000,82,79,7.19,0.279,27.900,'Normal',0.75,0.25),
	 ('Matt Ryan','< $5 M','MIN',34,3.75,1000000,82,48,7.19,0.279,27.900,'Normal',0.75,0.25);
INSERT INTO contract_value_analysis (player,salary_rank,team,games_played,avg_mvp_score,salary,team_games_played,games_missed,pvm_rank,rankingish,percentile_rank,color_var,adj_penalty_final,pct_penalized) VALUES
	 ('Udoka Azubuike','< $5 M','UTA',36,3.68,1000000,82,46,7.19,0.275,27.500,'Normal',0.75,0.25),
	 ('Jordan Schakel','< $5 M','WAS',2,3.60,1000000,82,80,7.19,0.266,26.600,'Normal',0.75,0.25),
	 ('Meyers Leonard','< $5 M','MIL',9,3.60,1000000,82,73,7.19,0.266,26.600,'Normal',0.75,0.25),
	 ('Nathan Knight','< $5 M','MIN',38,3.60,1000000,82,44,7.19,0.266,26.600,'Normal',0.75,0.25),
	 ('David Duke','< $5 M','BKN',23,3.53,1000000,82,59,7.19,0.246,24.600,'Normal',0.75,0.25),
	 ('Facundo Campazzo','< $5 M','DAL',8,3.53,1000000,82,74,7.19,0.246,24.600,'Normal',0.75,0.25),
	 ('Jaden Springer','< $5 M','PHI',16,3.53,2226240,82,66,7.19,0.246,24.600,'Normal',0.75,0.25),
	 ('Johnny Juzang','< $5 M','UTA',18,3.53,1000000,82,64,7.19,0.246,24.600,'Normal',0.75,0.25),
	 ('Juan Toscano-Anderson','< $5 M','UTA',52,3.53,1000000,82,30,7.19,0.246,24.600,'Normal',0.75,0.25),
	 ('Kennedy Chandler','< $5 M','MEM',36,3.53,1719864,82,46,7.19,0.246,24.600,'Normal',0.75,0.25);
INSERT INTO contract_value_analysis (player,salary_rank,team,games_played,avg_mvp_score,salary,team_games_played,games_missed,pvm_rank,rankingish,percentile_rank,color_var,adj_penalty_final,pct_penalized) VALUES
	 ('Ron Harper','< $5 M','TOR',9,3.45,1000000,82,73,7.19,0.243,24.300,'Normal',0.75,0.25),
	 ('Frank Kaminsky','< $5 M','HOU',37,3.38,1000000,82,45,7.19,0.233,23.300,'Normal',0.75,0.25),
	 ('Jay Scrubb','< $5 M','ORL',2,3.38,1000000,82,80,7.19,0.233,23.300,'Normal',0.75,0.25),
	 ('Terry Taylor','< $5 M','CHI',31,3.38,1000000,82,51,7.19,0.233,23.300,'Normal',0.75,0.25),
	 ('Amir Coffey','< $5 M','LAC',50,3.23,3666667,82,32,7.19,0.220,22.000,'Normal',0.75,0.25),
	 ('Dalen Terry','< $5 M','CHI',38,3.23,3350760,82,44,7.19,0.220,22.000,'Normal',0.75,0.25),
	 ('Jamaree Bouyea','< $5 M','WAS',5,3.23,1000000,82,77,7.19,0.220,22.000,'Normal',0.75,0.25),
	 ('Patrick Baldwin','< $5 M','GSW',31,3.23,2337720,82,51,7.19,0.220,22.000,'Normal',0.75,0.25),
	 ('Justin Champagnie','< $5 M','BOS',5,3.15,1000000,82,77,7.19,0.203,20.300,'Normal',0.75,0.25),
	 ('Max Christie','< $5 M','LAL',41,3.15,1719864,82,41,7.19,0.203,20.300,'Normal',0.75,0.25);
INSERT INTO contract_value_analysis (player,salary_rank,team,games_played,avg_mvp_score,salary,team_games_played,games_missed,pvm_rank,rankingish,percentile_rank,color_var,adj_penalty_final,pct_penalized) VALUES
	 ('Moussa Diabate','< $5 M','LAC',22,3.15,1000000,82,60,7.19,0.203,20.300,'Normal',0.75,0.25),
	 ('Peyton Watson','< $5 M','DEN',23,3.15,2303520,82,59,7.19,0.203,20.300,'Normal',0.75,0.25),
	 ('Theo Pinson','< $5 M','DAL',40,3.15,1000000,82,42,7.19,0.203,20.300,'Normal',0.75,0.25),
	 ('Trent Forrest','< $5 M','ATL',23,3.08,1000000,82,59,7.19,0.200,20.000,'Normal',0.75,0.25),
	 ('Alex Len','< $5 M','SAC',26,3.00,2019706,82,56,7.19,0.184,18.400,'Bad Value',0.75,0.25),
	 ('Devon Dotson','< $5 M','WAS',6,3.00,1000000,82,76,7.19,0.184,18.400,'Bad Value',0.75,0.25),
	 ('Donovan Williams','< $5 M','ATL',2,3.00,1000000,82,80,7.19,0.184,18.400,'Bad Value',0.75,0.25),
	 ('Mamadi Diakite','< $5 M','CLE',22,3.00,1000000,82,60,7.19,0.184,18.400,'Bad Value',0.75,0.25),
	 ('Nerlens Noel','< $5 M','BKN',17,3.00,300000,82,65,7.19,0.184,18.400,'Bad Value',0.75,0.25),
	 ('Alize Johnson','< $5 M','SAS',4,2.93,1000000,82,78,7.19,0.174,17.400,'Bad Value',0.75,0.25);
INSERT INTO contract_value_analysis (player,salary_rank,team,games_played,avg_mvp_score,salary,team_games_played,games_missed,pvm_rank,rankingish,percentile_rank,color_var,adj_penalty_final,pct_penalized) VALUES
	 ('Bryn Forbes','< $5 M','MIN',25,2.93,1000000,82,57,7.19,0.174,17.400,'Bad Value',0.75,0.25),
	 ('Kendall Brown','< $5 M','IND',6,2.93,1000000,82,76,7.19,0.174,17.400,'Bad Value',0.75,0.25),
	 ('Khem Birch','$5-10 M','TOR',20,2.93,6985000,82,62,13.69,0.013,1.300,'Bad Value',0.75,0.25),
	 ('Jake LaRavia','< $5 M','MEM',35,2.85,3199920,82,47,7.19,0.164,16.400,'Bad Value',0.75,0.25),
	 ('Jordan Hall','< $5 M','SAS',9,2.85,1000000,82,73,7.19,0.164,16.400,'Bad Value',0.75,0.25),
	 ('Michael Carter-Williams','< $5 M','ORL',4,2.85,1000000,82,78,7.19,0.164,16.400,'Bad Value',0.75,0.25),
	 ('Richaun Holmes','$10-15 M','SAC',42,2.78,12046020,82,40,15.50,0.000,0.000,'Bad Value',0.75,0.25),
	 ('Tyler Dorsey','< $5 M','DAL',3,2.78,1000000,82,79,7.19,0.157,15.700,'Bad Value',0.75,0.25),
	 ('Udonis Haslem','< $5 M','MIA',7,2.78,1000000,82,75,7.19,0.157,15.700,'Bad Value',0.75,0.25),
	 ('Scotty Pippen','< $5 M','LAL',6,2.70,1000000,82,76,7.19,0.154,15.400,'Bad Value',0.75,0.25);
INSERT INTO contract_value_analysis (player,salary_rank,team,games_played,avg_mvp_score,salary,team_games_played,games_missed,pvm_rank,rankingish,percentile_rank,color_var,adj_penalty_final,pct_penalized) VALUES
	 ('Garrett Temple','$5-10 M','NOP',25,2.55,5401000,82,57,13.69,0.000,0.000,'Bad Value',0.75,0.25),
	 ('John Butler','< $5 M','POR',19,2.55,1000000,82,63,7.19,0.151,15.100,'Bad Value',0.75,0.25),
	 ('JD Davison','< $5 M','BOS',12,2.40,1000000,82,70,7.19,0.144,14.400,'Bad Value',0.75,0.25),
	 ('Robin Lopez','< $5 M','CLE',37,2.40,2019706,82,45,7.19,0.144,14.400,'Bad Value',0.75,0.25),
	 ('A.J. Lawson','< $5 M','DAL',15,2.33,1000000,82,67,7.19,0.138,13.800,'Bad Value',0.75,0.25),
	 ('Buddy Boeheim','< $5 M','DET',10,2.33,1000000,82,72,7.19,0.138,13.800,'Bad Value',0.75,0.25),
	 ('Greg Brown','< $5 M','POR',16,2.25,1000000,82,66,7.19,0.128,12.800,'Bad Value',0.75,0.25),
	 ('Lester Quinones','< $5 M','GSW',4,2.25,1000000,82,78,7.19,0.128,12.800,'Bad Value',0.75,0.25),
	 ('Xavier Moon','< $5 M','LAC',4,2.25,1000000,82,78,7.19,0.128,12.800,'Bad Value',0.75,0.25),
	 ('Matthew Dellavedova','< $5 M','SAC',32,2.10,1000000,82,50,7.19,0.115,11.500,'Bad Value',0.75,0.25);
INSERT INTO contract_value_analysis (player,salary_rank,team,games_played,avg_mvp_score,salary,team_games_played,games_missed,pvm_rank,rankingish,percentile_rank,color_var,adj_penalty_final,pct_penalized) VALUES
	 ('Mfiondu Kabengele','< $5 M','BOS',4,2.10,1000000,82,78,7.19,0.115,11.500,'Bad Value',0.75,0.25),
	 ('Sterling Brown','< $5 M','LAL',4,2.10,1000000,82,78,7.19,0.115,11.500,'Bad Value',0.75,0.25),
	 ('Tony Bradley','< $5 M','CHI',12,2.10,1000000,82,70,7.19,0.115,11.500,'Bad Value',0.75,0.25),
	 ('Cole Swider','< $5 M','LAL',7,2.03,1000000,82,75,7.19,0.098,9.800,'Bad Value',0.75,0.25),
	 ('Isaiah Todd','< $5 M','WAS',6,2.03,1836096,82,76,7.19,0.098,9.800,'Bad Value',0.75,0.25),
	 ('KZ Okpala','< $5 M','SAC',35,2.03,1000000,82,47,7.19,0.098,9.800,'Bad Value',0.75,0.25),
	 ('Trevor Hudgins','< $5 M','HOU',5,2.03,1000000,82,77,7.19,0.098,9.800,'Bad Value',0.75,0.25),
	 ('Vit Krejci','< $5 M','ATL',29,2.03,1000000,82,53,7.19,0.098,9.800,'Bad Value',0.75,0.25),
	 ('Davon Reed','< $5 M','LAL',43,1.95,1000000,82,39,7.19,0.092,9.200,'Bad Value',0.75,0.25),
	 ('Xavier Sneed','< $5 M','CHA',4,1.95,1000000,82,78,7.19,0.092,9.200,'Bad Value',0.75,0.25);
INSERT INTO contract_value_analysis (player,salary_rank,team,games_played,avg_mvp_score,salary,team_games_played,games_missed,pvm_rank,rankingish,percentile_rank,color_var,adj_penalty_final,pct_penalized) VALUES
	 ('Noah Vonleh','< $5 M','BOS',23,1.88,1000000,82,59,7.19,0.089,8.900,'Bad Value',0.75,0.25),
	 ('PJ Dozier','< $5 M','SAC',16,1.80,1000000,82,66,7.19,0.082,8.200,'Bad Value',0.75,0.25),
	 ('Ryan Arcidiacono','< $5 M','POR',20,1.80,1000000,82,62,7.19,0.082,8.200,'Bad Value',0.75,0.25),
	 ('Keon Ellis','< $5 M','SAC',16,1.73,1000000,82,66,7.19,0.072,7.200,'Bad Value',0.75,0.25),
	 ('Vince Williams','< $5 M','MEM',15,1.73,1000000,82,67,7.19,0.072,7.200,'Bad Value',0.75,0.25),
	 ('Wendell Moore','< $5 M','MIN',29,1.73,2421720,82,53,7.19,0.072,7.200,'Bad Value',0.75,0.25),
	 ('Dylan Windler','< $5 M','CLE',3,1.65,1000000,82,79,7.19,0.066,6.600,'Bad Value',0.75,0.25),
	 ('Malcolm Hill','< $5 M','CHI',5,1.65,1000000,82,77,7.19,0.066,6.600,'Bad Value',0.75,0.25),
	 ('Marko Simonovic','< $5 M','CHI',7,1.58,1000000,82,75,7.19,0.062,6.200,'Bad Value',0.75,0.25),
	 ('Jack White','< $5 M','DEN',17,1.50,1801769,82,65,7.19,0.059,5.900,'Bad Value',0.75,0.25);
INSERT INTO contract_value_analysis (player,salary_rank,team,games_played,avg_mvp_score,salary,team_games_played,games_missed,pvm_rank,rankingish,percentile_rank,color_var,adj_penalty_final,pct_penalized) VALUES
	 ('Dereon Seabron','< $5 M','NOP',5,1.43,1000000,82,77,7.19,0.056,5.600,'Bad Value',0.75,0.25),
	 ('Tyrese Martin','< $5 M','ATL',16,1.35,1000000,82,66,7.19,0.052,5.200,'Bad Value',0.75,0.25),
	 ('Joe Wieskamp','< $5 M','TOR',9,1.28,1000000,82,73,7.19,0.049,4.900,'Bad Value',0.75,0.25),
	 ('Frank Jackson','< $5 M','UTA',1,1.13,1000000,82,81,7.19,0.039,3.900,'Bad Value',0.75,0.25),
	 ('Kobi Simmons','< $5 M','CHA',5,1.13,1000000,82,77,7.19,0.039,3.900,'Bad Value',0.75,0.25),
	 ('Vernon Carey','< $5 M','WAS',11,1.13,1000000,82,71,7.19,0.039,3.900,'Bad Value',0.75,0.25),
	 ('Deonte Burton','< $5 M','SAC',2,0.98,1000000,82,80,7.19,0.030,3.000,'Bad Value',0.75,0.25),
	 ('Leandro Bolmaro','< $5 M','UTA',14,0.98,1000000,82,68,7.19,0.030,3.000,'Bad Value',0.75,0.25),
	 ('Neemias Queta','< $5 M','SAC',5,0.98,250000,82,77,7.19,0.030,3.000,'Bad Value',0.75,0.25),
	 ('Braxton Key','< $5 M','DET',3,0.75,1000000,82,79,7.19,0.023,2.300,'Bad Value',0.75,0.25);
INSERT INTO contract_value_analysis (player,salary_rank,team,games_played,avg_mvp_score,salary,team_games_played,games_missed,pvm_rank,rankingish,percentile_rank,color_var,adj_penalty_final,pct_penalized) VALUES
	 ('Chris Silva','< $5 M','DAL',1,0.75,1000000,82,81,7.19,0.023,2.300,'Bad Value',0.75,0.25),
	 ('Thanasis Antetokounmpo','< $5 M','MIL',37,0.68,1000000,82,45,7.19,0.020,2.000,'Bad Value',0.75,0.25),
	 ('Justin Jackson','< $5 M','BOS',23,0.60,1000000,82,59,7.19,0.016,1.600,'Bad Value',0.75,0.25),
	 ('Ryan Rollins','< $5 M','GSW',12,-0.38,1719864,82,70,7.19,0.013,1.300,'Bad Value',0.75,0.25),
	 ('Michael Foster','< $5 M','PHI',1,-0.75,1000000,82,81,7.19,0.010,1.000,'Bad Value',0.75,0.25),
	 ('Chima Moneke','< $5 M','SAC',2,-1.13,1000000,82,80,7.19,0.007,0.700,'Bad Value',0.75,0.25),
	 ('Trevor Keels','< $5 M','NYK',3,-1.28,1000000,82,79,7.19,0.003,0.300,'Bad Value',0.75,0.25),
	 ('Alondes Williams','< $5 M','BKN',1,-3.75,1000000,82,81,7.19,0.000,0.000,'Bad Value',0.75,0.25);

DROP TABLE IF EXISTS past_schedule_analysis;
CREATE TABLE IF NOT EXISTS past_schedule_analysis (
	team text NULL,
	win_pct numeric NULL,
	avg_win_pct_opp numeric NULL,
	home_record text NULL,
	road_record text NULL,
	above_record text NULL,
	below_record text NULL,
	pct_vs_above_500 numeric NULL,
	pct_vs_below_500 numeric NULL,
	record text NULL
);

INSERT INTO past_schedule_analysis (team,win_pct,avg_win_pct_opp,home_record,road_record,above_record,below_record,pct_vs_above_500,pct_vs_below_500,record) VALUES
	 ('LAC',0.537,0.494,'23 - 18','21 - 20','20 - 27','24 - 11',0.573,0.427,'44 - 38'),
	 ('IND',0.427,0.507,'20 - 21','15 - 26','18 - 33','17 - 14',0.622,0.378,'35 - 47'),
	 ('WAS',0.427,0.507,'19 - 22','16 - 25','16 - 35','19 - 12',0.622,0.378,'35 - 47'),
	 ('UTA',0.451,0.501,'23 - 18','14 - 27','22 - 29','15 - 16',0.622,0.378,'37 - 45'),
	 ('ATL',0.500,0.500,'24 - 17','17 - 24','19 - 28','22 - 13',0.573,0.427,'41 - 41'),
	 ('MIL',0.707,0.493,'32 - 9','26 - 15','31 - 17','27 - 7',0.585,0.415,'58 - 24'),
	 ('CHI',0.488,0.504,'22 - 19','18 - 23','21 - 30','19 - 12',0.622,0.378,'40 - 42'),
	 ('CHA',0.329,0.507,'13 - 28','14 - 27','14 - 37','13 - 18',0.622,0.378,'27 - 55'),
	 ('DET',0.207,0.515,'9 - 32','8 - 33','7 - 44','10 - 21',0.622,0.378,'17 - 65'),
	 ('HOU',0.268,0.509,'14 - 27','8 - 33','10 - 42','12 - 18',0.634,0.366,'22 - 60');
INSERT INTO past_schedule_analysis (team,win_pct,avg_win_pct_opp,home_record,road_record,above_record,below_record,pct_vs_above_500,pct_vs_below_500,record) VALUES
	 ('POR',0.402,0.502,'17 - 24','16 - 25','15 - 36','18 - 13',0.622,0.378,'33 - 49'),
	 ('BOS',0.695,0.493,'32 - 9','25 - 16','33 - 15','24 - 10',0.585,0.415,'57 - 25'),
	 ('PHX',0.549,0.502,'28 - 13','17 - 24','24 - 26','21 - 11',0.610,0.390,'45 - 37'),
	 ('MIA',0.537,0.503,'27 - 14','17 - 24','24 - 24','20 - 14',0.585,0.415,'44 - 38'),
	 ('CLE',0.622,0.496,'31 - 10','20 - 21','21 - 26','30 - 5',0.573,0.427,'51 - 31'),
	 ('MIN',0.512,0.496,'22 - 19','20 - 21','25 - 22','17 - 18',0.573,0.427,'42 - 40'),
	 ('OKC',0.488,0.499,'24 - 17','16 - 25','19 - 33','21 - 9',0.634,0.366,'40 - 42'),
	 ('NYK',0.573,0.500,'23 - 18','24 - 17','24 - 25','23 - 10',0.598,0.402,'47 - 35'),
	 ('MEM',0.622,0.489,'35 - 6','16 - 25','24 - 23','27 - 8',0.573,0.427,'51 - 31'),
	 ('SAS',0.268,0.505,'14 - 27','8 - 33','11 - 40','11 - 20',0.622,0.378,'22 - 60');
INSERT INTO past_schedule_analysis (team,win_pct,avg_win_pct_opp,home_record,road_record,above_record,below_record,pct_vs_above_500,pct_vs_below_500,record) VALUES
	 ('ORL',0.415,0.504,'20 - 21','14 - 27','19 - 32','15 - 16',0.622,0.378,'34 - 48'),
	 ('PHI',0.659,0.499,'29 - 12','25 - 16','30 - 18','24 - 10',0.585,0.415,'54 - 28'),
	 ('DAL',0.463,0.497,'23 - 18','15 - 26','23 - 28','15 - 16',0.622,0.378,'38 - 44'),
	 ('TOR',0.500,0.505,'27 - 14','14 - 27','19 - 30','22 - 11',0.598,0.402,'41 - 41'),
	 ('SAC',0.585,0.491,'23 - 18','25 - 16','22 - 26','26 - 8',0.585,0.415,'48 - 34'),
	 ('NOP',0.512,0.495,'27 - 14','15 - 26','19 - 28','23 - 12',0.573,0.427,'42 - 40'),
	 ('GSW',0.537,0.497,'33 - 8','11 - 30','23 - 26','21 - 12',0.598,0.402,'44 - 38'),
	 ('DEN',0.646,0.489,'34 - 7','19 - 22','29 - 18','24 - 11',0.573,0.427,'53 - 29'),
	 ('LAL',0.524,0.497,'23 - 18','20 - 21','21 - 27','22 - 12',0.585,0.415,'43 - 39'),
	 ('BKN',0.549,0.504,'23 - 18','22 - 19','23 - 25','22 - 12',0.585,0.415,'45 - 37');

DROP TABLE IF EXISTS pbp;
CREATE TABLE IF NOT EXISTS pbp
(
    time_quarter text COLLATE pg_catalog."default",
    play text COLLATE pg_catalog."default",
    time_remaining_final numeric,
    quarter text COLLATE pg_catalog."default",
    away_score text COLLATE pg_catalog."default",
    score text COLLATE pg_catalog."default",
    home_score text COLLATE pg_catalog."default",
    home_team text COLLATE pg_catalog."default",
    away_team text COLLATE pg_catalog."default",
    score_away numeric,
    score_home numeric,
    margin_score numeric,
    game_date date,
    leading_team text COLLATE pg_catalog."default",
    home_team_full text COLLATE pg_catalog."default",
    home_primary_color text COLLATE pg_catalog."default",
    away_team_full text COLLATE pg_catalog."default",
    away_primary_color text COLLATE pg_catalog."default",
    game_description text COLLATE pg_catalog."default",
    away_fill text COLLATE pg_catalog."default",
    home_fill text COLLATE pg_catalog."default",
    scoring_team_color text COLLATE pg_catalog."default",
    scoring_team text COLLATE pg_catalog."default",
    max_home_lead numeric,
    max_away_lead numeric,
    winning_team text COLLATE pg_catalog."default",
    losing_team text COLLATE pg_catalog."default",
	leading_team_text text
);

INSERT INTO pbp (time_quarter,play,time_remaining_final,quarter,away_score,score,home_score,home_team,away_team,score_away,score_home,margin_score,game_date,leading_team,home_team_full,home_primary_color,away_team_full,away_primary_color,game_description,away_fill,home_fill,scoring_team_color,scoring_team,max_home_lead,max_away_lead,winning_team,losing_team,leading_team_text) VALUES
	 ('12:00','Jump ball: B. Adebayo vs. N. Joki (J. Murray gains possession)',48.00,'1st Quarter','Jump ball: B. Adebayo vs. N. Joki (J. Murray gains possession)','Jump ball: B. Adebayo vs. N. Joki (J. Murray gains possession)','Jump ball: B. Adebayo vs. N. Joki (J. Murray gains possession)','DEN','MIA',0,0,0,'2023-06-12','TIE','Denver Nuggets','#4d90cd','Miami Heat','#98002e','Denver Nuggets Vs. Miami Heat','<span style=''color:#98002e'';>Miami Heat</span>','<span style=''color:#4d90cd'';>Denver Nuggets</span>','#808080','TIE',8,-10,'DEN','MIA','TIE'),
	 ('11:39','B. Adebayo makes 2-pt dunk from 2 ft',47.65,'1st Quarter','+2','2-0',NULL,'DEN','MIA',2,0,-2,'2023-06-12','MIA','Denver Nuggets','#4d90cd','Miami Heat','#98002e','Denver Nuggets Vs. Miami Heat','<span style=''color:#98002e'';>Miami Heat</span>','<span style=''color:#4d90cd'';>Denver Nuggets</span>','#98002e','MIA',8,-10,'DEN','MIA','Leading'),
	 ('10:35','M. Strus makes 3-pt jump shot from 27 ft (assist by G. Vincent)',46.58,'1st Quarter','+3','5-0',NULL,'DEN','MIA',5,0,-5,'2023-06-12','MIA','Denver Nuggets','#4d90cd','Miami Heat','#98002e','Denver Nuggets Vs. Miami Heat','<span style=''color:#98002e'';>Miami Heat</span>','<span style=''color:#4d90cd'';>Denver Nuggets</span>','#98002e','MIA',8,-10,'DEN','MIA','Leading'),
	 ('10:00','K. Caldwell-Pope makes 2-pt jump shot from 15 ft',46.00,'1st Quarter',NULL,'5-2','+2','DEN','MIA',5,2,-3,'2023-06-12','MIA','Denver Nuggets','#4d90cd','Miami Heat','#98002e','Denver Nuggets Vs. Miami Heat','<span style=''color:#98002e'';>Miami Heat</span>','<span style=''color:#4d90cd'';>Denver Nuggets</span>','#4d90cd','DEN',8,-10,'DEN','MIA','Trailing'),
	 ('8:15','K. Caldwell-Pope makes 2-pt jump shot from 9 ft (assist by J. Murray)',44.25,'1st Quarter',NULL,'5-4','+2','DEN','MIA',5,4,-1,'2023-06-12','MIA','Denver Nuggets','#4d90cd','Miami Heat','#98002e','Denver Nuggets Vs. Miami Heat','<span style=''color:#98002e'';>Miami Heat</span>','<span style=''color:#4d90cd'';>Denver Nuggets</span>','#4d90cd','DEN',8,-10,'DEN','MIA','Trailing'),
	 ('7:48','A. Gordon makes 2-pt jump shot from 10 ft',43.80,'1st Quarter',NULL,'5-6','+2','DEN','MIA',5,6,1,'2023-06-12','DEN','Denver Nuggets','#4d90cd','Miami Heat','#98002e','Denver Nuggets Vs. Miami Heat','<span style=''color:#98002e'';>Miami Heat</span>','<span style=''color:#4d90cd'';>Denver Nuggets</span>','#4d90cd','DEN',8,-10,'DEN','MIA','Leading'),
	 ('6:47','J. Murray makes 2-pt dunk from 2 ft',42.78,'1st Quarter',NULL,'5-8','+2','DEN','MIA',5,8,3,'2023-06-12','DEN','Denver Nuggets','#4d90cd','Miami Heat','#98002e','Denver Nuggets Vs. Miami Heat','<span style=''color:#98002e'';>Miami Heat</span>','<span style=''color:#4d90cd'';>Denver Nuggets</span>','#4d90cd','DEN',8,-10,'DEN','MIA','Leading'),
	 ('6:18','M. Porter makes 2-pt jump shot from 12 ft (assist by N. Joki)',42.30,'1st Quarter',NULL,'5-10','+2','DEN','MIA',5,10,5,'2023-06-12','DEN','Denver Nuggets','#4d90cd','Miami Heat','#98002e','Denver Nuggets Vs. Miami Heat','<span style=''color:#98002e'';>Miami Heat</span>','<span style=''color:#4d90cd'';>Denver Nuggets</span>','#4d90cd','DEN',8,-10,'DEN','MIA','Leading'),
	 ('5:57','J. Green makes 2-pt dunk from 2 ft (assist by M. Porter)',41.95,'1st Quarter',NULL,'5-12','+2','DEN','MIA',5,12,7,'2023-06-12','DEN','Denver Nuggets','#4d90cd','Miami Heat','#98002e','Denver Nuggets Vs. Miami Heat','<span style=''color:#98002e'';>Miami Heat</span>','<span style=''color:#4d90cd'';>Denver Nuggets</span>','#4d90cd','DEN',8,-10,'DEN','MIA','Leading'),
	 ('5:41','M. Strus makes 2-pt layup from 4 ft (assist by J. Butler)',41.68,'1st Quarter','+2','7-12',NULL,'DEN','MIA',7,12,5,'2023-06-12','DEN','Denver Nuggets','#4d90cd','Miami Heat','#98002e','Denver Nuggets Vs. Miami Heat','<span style=''color:#98002e'';>Miami Heat</span>','<span style=''color:#4d90cd'';>Denver Nuggets</span>','#98002e','MIA',8,-10,'DEN','MIA','Trailing');
INSERT INTO pbp (time_quarter,play,time_remaining_final,quarter,away_score,score,home_score,home_team,away_team,score_away,score_home,margin_score,game_date,leading_team,home_team_full,home_primary_color,away_team_full,away_primary_color,game_description,away_fill,home_fill,scoring_team_color,scoring_team,max_home_lead,max_away_lead,winning_team,losing_team,leading_team_text) VALUES
	 ('5:41','M. Strus makes free throw 1 of 1',41.68,'1st Quarter','+1','8-12',NULL,'DEN','MIA',8,12,4,'2023-06-12','DEN','Denver Nuggets','#4d90cd','Miami Heat','#98002e','Denver Nuggets Vs. Miami Heat','<span style=''color:#98002e'';>Miami Heat</span>','<span style=''color:#4d90cd'';>Denver Nuggets</span>','#98002e','MIA',8,-10,'DEN','MIA','Trailing'),
	 ('5:28','N. Joki makes 3-pt jump shot from 26 ft (assist by J. Green)',41.47,'1st Quarter',NULL,'8-15','+3','DEN','MIA',8,15,7,'2023-06-12','DEN','Denver Nuggets','#4d90cd','Miami Heat','#98002e','Denver Nuggets Vs. Miami Heat','<span style=''color:#98002e'';>Miami Heat</span>','<span style=''color:#4d90cd'';>Denver Nuggets</span>','#4d90cd','DEN',8,-10,'DEN','MIA','Leading'),
	 ('4:55','M. Porter makes free throw 2 of 2',40.92,'1st Quarter',NULL,'8-16','+1','DEN','MIA',8,16,8,'2023-06-12','DEN','Denver Nuggets','#4d90cd','Miami Heat','#98002e','Denver Nuggets Vs. Miami Heat','<span style=''color:#98002e'';>Miami Heat</span>','<span style=''color:#4d90cd'';>Denver Nuggets</span>','#4d90cd','DEN',8,-10,'DEN','MIA','Leading'),
	 ('4:42','B. Adebayo makes 2-pt dunk from 1 ft (assist by M. Strus)',40.70,'1st Quarter','+2','10-16',NULL,'DEN','MIA',10,16,6,'2023-06-12','DEN','Denver Nuggets','#4d90cd','Miami Heat','#98002e','Denver Nuggets Vs. Miami Heat','<span style=''color:#98002e'';>Miami Heat</span>','<span style=''color:#4d90cd'';>Denver Nuggets</span>','#98002e','MIA',8,-10,'DEN','MIA','Trailing'),
	 ('4:11','C. Martin makes 2-pt layup from 2 ft (assist by K. Lowry)',40.18,'1st Quarter','+2','12-16',NULL,'DEN','MIA',12,16,4,'2023-06-12','DEN','Denver Nuggets','#4d90cd','Miami Heat','#98002e','Denver Nuggets Vs. Miami Heat','<span style=''color:#98002e'';>Miami Heat</span>','<span style=''color:#4d90cd'';>Denver Nuggets</span>','#98002e','MIA',8,-10,'DEN','MIA','Trailing'),
	 ('3:46','M. Strus makes 2-pt dunk from 3 ft (assist by K. Lowry)',39.77,'1st Quarter','+2','14-16',NULL,'DEN','MIA',14,16,2,'2023-06-12','DEN','Denver Nuggets','#4d90cd','Miami Heat','#98002e','Denver Nuggets Vs. Miami Heat','<span style=''color:#98002e'';>Miami Heat</span>','<span style=''color:#4d90cd'';>Denver Nuggets</span>','#98002e','MIA',8,-10,'DEN','MIA','Trailing'),
	 ('3:27','J. Green makes 2-pt layup from 3 ft (assist by N. Joki)',39.45,'1st Quarter',NULL,'14-18','+2','DEN','MIA',14,18,4,'2023-06-12','DEN','Denver Nuggets','#4d90cd','Miami Heat','#98002e','Denver Nuggets Vs. Miami Heat','<span style=''color:#98002e'';>Miami Heat</span>','<span style=''color:#4d90cd'';>Denver Nuggets</span>','#4d90cd','DEN',8,-10,'DEN','MIA','Leading'),
	 ('3:15','B. Adebayo makes 2-pt jump shot from 9 ft (assist by K. Lowry)',39.25,'1st Quarter','+2','16-18',NULL,'DEN','MIA',16,18,2,'2023-06-12','DEN','Denver Nuggets','#4d90cd','Miami Heat','#98002e','Denver Nuggets Vs. Miami Heat','<span style=''color:#98002e'';>Miami Heat</span>','<span style=''color:#4d90cd'';>Denver Nuggets</span>','#98002e','MIA',8,-10,'DEN','MIA','Trailing'),
	 ('2:42','B. Adebayo makes free throw 1 of 1',38.70,'1st Quarter','+1','19-18',NULL,'DEN','MIA',19,18,-1,'2023-06-12','MIA','Denver Nuggets','#4d90cd','Miami Heat','#98002e','Denver Nuggets Vs. Miami Heat','<span style=''color:#98002e'';>Miami Heat</span>','<span style=''color:#4d90cd'';>Denver Nuggets</span>','#98002e','MIA',8,-10,'DEN','MIA','Leading'),
	 ('2:42','B. Adebayo makes 2-pt layup from 2 ft',38.70,'1st Quarter','+2','18-18',NULL,'DEN','MIA',18,18,0,'2023-06-12','TIE','Denver Nuggets','#4d90cd','Miami Heat','#98002e','Denver Nuggets Vs. Miami Heat','<span style=''color:#98002e'';>Miami Heat</span>','<span style=''color:#4d90cd'';>Denver Nuggets</span>','#98002e','MIA',8,-10,'DEN','MIA','TIE');
INSERT INTO pbp (time_quarter,play,time_remaining_final,quarter,away_score,score,home_score,home_team,away_team,score_away,score_home,margin_score,game_date,leading_team,home_team_full,home_primary_color,away_team_full,away_primary_color,game_description,away_fill,home_fill,scoring_team_color,scoring_team,max_home_lead,max_away_lead,winning_team,losing_team,leading_team_text) VALUES
	 ('2:14','B. Adebayo makes 2-pt jump shot from 7 ft',38.23,'1st Quarter','+2','21-18',NULL,'DEN','MIA',21,18,-3,'2023-06-12','MIA','Denver Nuggets','#4d90cd','Miami Heat','#98002e','Denver Nuggets Vs. Miami Heat','<span style=''color:#98002e'';>Miami Heat</span>','<span style=''color:#4d90cd'';>Denver Nuggets</span>','#98002e','MIA',8,-10,'DEN','MIA','Leading'),
	 ('2:14','B. Adebayo makes free throw 1 of 1',38.23,'1st Quarter','+1','22-18',NULL,'DEN','MIA',22,18,-4,'2023-06-12','MIA','Denver Nuggets','#4d90cd','Miami Heat','#98002e','Denver Nuggets Vs. Miami Heat','<span style=''color:#98002e'';>Miami Heat</span>','<span style=''color:#4d90cd'';>Denver Nuggets</span>','#98002e','MIA',8,-10,'DEN','MIA','Leading'),
	 ('1:09','M. Porter makes 2-pt layup from 2 ft',37.15,'1st Quarter',NULL,'22-20','+2','DEN','MIA',22,20,-2,'2023-06-12','MIA','Denver Nuggets','#4d90cd','Miami Heat','#98002e','Denver Nuggets Vs. Miami Heat','<span style=''color:#98002e'';>Miami Heat</span>','<span style=''color:#4d90cd'';>Denver Nuggets</span>','#4d90cd','DEN',8,-10,'DEN','MIA','Trailing'),
	 ('0:39','M. Porter makes 2-pt jump shot from 11 ft (assist by J. Murray)',36.65,'1st Quarter',NULL,'22-22','+2','DEN','MIA',22,22,0,'2023-06-12','TIE','Denver Nuggets','#4d90cd','Miami Heat','#98002e','Denver Nuggets Vs. Miami Heat','<span style=''color:#98002e'';>Miami Heat</span>','<span style=''color:#4d90cd'';>Denver Nuggets</span>','#4d90cd','DEN',8,-10,'DEN','MIA','TIE'),
	 ('0:21','B. Adebayo makes 2-pt hook shot at rim',36.35,'1st Quarter','+2','24-22',NULL,'DEN','MIA',24,22,-2,'2023-06-12','MIA','Denver Nuggets','#4d90cd','Miami Heat','#98002e','Denver Nuggets Vs. Miami Heat','<span style=''color:#98002e'';>Miami Heat</span>','<span style=''color:#4d90cd'';>Denver Nuggets</span>','#98002e','MIA',8,-10,'DEN','MIA','Leading'),
	 ('12:00','Start of 2nd quarter',36.00,'2nd Quarter','Start of 2nd quarter','Start of 2nd quarter','Start of 2nd quarter','DEN','MIA',24,22,-2,'2023-06-12','MIA','Denver Nuggets','#4d90cd','Miami Heat','#98002e','Denver Nuggets Vs. Miami Heat','<span style=''color:#98002e'';>Miami Heat</span>','<span style=''color:#4d90cd'';>Denver Nuggets</span>','#808080','TIE',8,-10,'DEN','MIA','Trailing'),
	 ('0:00','End of 1st quarter',36.00,'1st Quarter','End of 1st quarter','End of 1st quarter','End of 1st quarter','DEN','MIA',24,22,-2,'2023-06-12','MIA','Denver Nuggets','#4d90cd','Miami Heat','#98002e','Denver Nuggets Vs. Miami Heat','<span style=''color:#98002e'';>Miami Heat</span>','<span style=''color:#4d90cd'';>Denver Nuggets</span>','#808080','TIE',8,-10,'DEN','MIA','Trailing'),
	 ('11:39','J. Butler makes 2-pt layup from 3 ft',35.65,'2nd Quarter','+2','26-22',NULL,'DEN','MIA',26,22,-4,'2023-06-12','MIA','Denver Nuggets','#4d90cd','Miami Heat','#98002e','Denver Nuggets Vs. Miami Heat','<span style=''color:#98002e'';>Miami Heat</span>','<span style=''color:#4d90cd'';>Denver Nuggets</span>','#98002e','MIA',8,-10,'DEN','MIA','Leading'),
	 ('11:13','J. Butler makes free throw 2 of 2',35.22,'2nd Quarter','+1','28-22',NULL,'DEN','MIA',28,22,-6,'2023-06-12','MIA','Denver Nuggets','#4d90cd','Miami Heat','#98002e','Denver Nuggets Vs. Miami Heat','<span style=''color:#98002e'';>Miami Heat</span>','<span style=''color:#4d90cd'';>Denver Nuggets</span>','#98002e','MIA',8,-10,'DEN','MIA','Leading'),
	 ('11:13','J. Butler makes free throw 1 of 2',35.22,'2nd Quarter','+1','27-22',NULL,'DEN','MIA',27,22,-5,'2023-06-12','MIA','Denver Nuggets','#4d90cd','Miami Heat','#98002e','Denver Nuggets Vs. Miami Heat','<span style=''color:#98002e'';>Miami Heat</span>','<span style=''color:#4d90cd'';>Denver Nuggets</span>','#98002e','MIA',8,-10,'DEN','MIA','Leading');
INSERT INTO pbp (time_quarter,play,time_remaining_final,quarter,away_score,score,home_score,home_team,away_team,score_away,score_home,margin_score,game_date,leading_team,home_team_full,home_primary_color,away_team_full,away_primary_color,game_description,away_fill,home_fill,scoring_team_color,scoring_team,max_home_lead,max_away_lead,winning_team,losing_team,leading_team_text) VALUES
	 ('10:17','A. Gordon makes free throw 2 of 2',34.28,'2nd Quarter',NULL,'28-23','+1','DEN','MIA',28,23,-5,'2023-06-12','MIA','Denver Nuggets','#4d90cd','Miami Heat','#98002e','Denver Nuggets Vs. Miami Heat','<span style=''color:#98002e'';>Miami Heat</span>','<span style=''color:#4d90cd'';>Denver Nuggets</span>','#4d90cd','DEN',8,-10,'DEN','MIA','Trailing'),
	 ('9:59','C. Braun makes 2-pt layup from 3 ft (assist by M. Porter)',33.98,'2nd Quarter',NULL,'28-25','+2','DEN','MIA',28,25,-3,'2023-06-12','MIA','Denver Nuggets','#4d90cd','Miami Heat','#98002e','Denver Nuggets Vs. Miami Heat','<span style=''color:#98002e'';>Miami Heat</span>','<span style=''color:#4d90cd'';>Denver Nuggets</span>','#4d90cd','DEN',8,-10,'DEN','MIA','Trailing'),
	 ('9:46','J. Butler makes free throw 2 of 2',33.77,'2nd Quarter','+1','30-25',NULL,'DEN','MIA',30,25,-5,'2023-06-12','MIA','Denver Nuggets','#4d90cd','Miami Heat','#98002e','Denver Nuggets Vs. Miami Heat','<span style=''color:#98002e'';>Miami Heat</span>','<span style=''color:#4d90cd'';>Denver Nuggets</span>','#98002e','MIA',8,-10,'DEN','MIA','Leading'),
	 ('9:46','J. Butler makes free throw 1 of 2',33.77,'2nd Quarter','+1','29-25',NULL,'DEN','MIA',29,25,-4,'2023-06-12','MIA','Denver Nuggets','#4d90cd','Miami Heat','#98002e','Denver Nuggets Vs. Miami Heat','<span style=''color:#98002e'';>Miami Heat</span>','<span style=''color:#4d90cd'';>Denver Nuggets</span>','#98002e','MIA',8,-10,'DEN','MIA','Leading'),
	 ('9:32','B. Brown makes 2-pt layup from 3 ft (assist by J. Murray)',33.53,'2nd Quarter',NULL,'30-27','+2','DEN','MIA',30,27,-3,'2023-06-12','MIA','Denver Nuggets','#4d90cd','Miami Heat','#98002e','Denver Nuggets Vs. Miami Heat','<span style=''color:#98002e'';>Miami Heat</span>','<span style=''color:#4d90cd'';>Denver Nuggets</span>','#4d90cd','DEN',8,-10,'DEN','MIA','Trailing'),
	 ('9:09','C. Martin makes free throw 2 of 2',33.15,'2nd Quarter','+1','32-27',NULL,'DEN','MIA',32,27,-5,'2023-06-12','MIA','Denver Nuggets','#4d90cd','Miami Heat','#98002e','Denver Nuggets Vs. Miami Heat','<span style=''color:#98002e'';>Miami Heat</span>','<span style=''color:#4d90cd'';>Denver Nuggets</span>','#98002e','MIA',8,-10,'DEN','MIA','Leading'),
	 ('9:09','C. Martin makes free throw 1 of 2',33.15,'2nd Quarter','+1','31-27',NULL,'DEN','MIA',31,27,-4,'2023-06-12','MIA','Denver Nuggets','#4d90cd','Miami Heat','#98002e','Denver Nuggets Vs. Miami Heat','<span style=''color:#98002e'';>Miami Heat</span>','<span style=''color:#4d90cd'';>Denver Nuggets</span>','#98002e','MIA',8,-10,'DEN','MIA','Leading'),
	 ('8:22','C. Martin makes 2-pt layup from 5 ft',32.37,'2nd Quarter','+2','34-27',NULL,'DEN','MIA',34,27,-7,'2023-06-12','MIA','Denver Nuggets','#4d90cd','Miami Heat','#98002e','Denver Nuggets Vs. Miami Heat','<span style=''color:#98002e'';>Miami Heat</span>','<span style=''color:#4d90cd'';>Denver Nuggets</span>','#98002e','MIA',8,-10,'DEN','MIA','Leading'),
	 ('8:04','N. Joki makes 2-pt jump shot from 5 ft (assist by C. Braun)',32.07,'2nd Quarter',NULL,'34-29','+2','DEN','MIA',34,29,-5,'2023-06-12','MIA','Denver Nuggets','#4d90cd','Miami Heat','#98002e','Denver Nuggets Vs. Miami Heat','<span style=''color:#98002e'';>Miami Heat</span>','<span style=''color:#4d90cd'';>Denver Nuggets</span>','#4d90cd','DEN',8,-10,'DEN','MIA','Trailing'),
	 ('7:47','D. Robinson makes 3-pt jump shot from 24 ft (assist by J. Butler)',31.78,'2nd Quarter','+3','37-29',NULL,'DEN','MIA',37,29,-8,'2023-06-12','MIA','Denver Nuggets','#4d90cd','Miami Heat','#98002e','Denver Nuggets Vs. Miami Heat','<span style=''color:#98002e'';>Miami Heat</span>','<span style=''color:#4d90cd'';>Denver Nuggets</span>','#98002e','MIA',8,-10,'DEN','MIA','Leading');
INSERT INTO pbp (time_quarter,play,time_remaining_final,quarter,away_score,score,home_score,home_team,away_team,score_away,score_home,margin_score,game_date,leading_team,home_team_full,home_primary_color,away_team_full,away_primary_color,game_description,away_fill,home_fill,scoring_team_color,scoring_team,max_home_lead,max_away_lead,winning_team,losing_team,leading_team_text) VALUES
	 ('7:17','D. Robinson makes 2-pt layup from 3 ft (assist by B. Adebayo)',31.28,'2nd Quarter','+2','39-29',NULL,'DEN','MIA',39,29,-10,'2023-06-12','MIA','Denver Nuggets','#4d90cd','Miami Heat','#98002e','Denver Nuggets Vs. Miami Heat','<span style=''color:#98002e'';>Miami Heat</span>','<span style=''color:#4d90cd'';>Denver Nuggets</span>','#98002e','MIA',8,-10,'DEN','MIA','Leading'),
	 ('6:56','N. Joki makes 2-pt layup from 3 ft',30.93,'2nd Quarter',NULL,'39-31','+2','DEN','MIA',39,31,-8,'2023-06-12','MIA','Denver Nuggets','#4d90cd','Miami Heat','#98002e','Denver Nuggets Vs. Miami Heat','<span style=''color:#98002e'';>Miami Heat</span>','<span style=''color:#4d90cd'';>Denver Nuggets</span>','#4d90cd','DEN',8,-10,'DEN','MIA','Trailing'),
	 ('6:17','K. Caldwell-Pope makes 2-pt jump shot from 17 ft (assist by N. Joki)',30.28,'2nd Quarter',NULL,'39-33','+2','DEN','MIA',39,33,-6,'2023-06-12','MIA','Denver Nuggets','#4d90cd','Miami Heat','#98002e','Denver Nuggets Vs. Miami Heat','<span style=''color:#98002e'';>Miami Heat</span>','<span style=''color:#4d90cd'';>Denver Nuggets</span>','#4d90cd','DEN',8,-10,'DEN','MIA','Trailing'),
	 ('5:46','B. Brown makes 2-pt dunk from 1 ft (assist by K. Caldwell-Pope)',29.77,'2nd Quarter',NULL,'39-35','+2','DEN','MIA',39,35,-4,'2023-06-12','MIA','Denver Nuggets','#4d90cd','Miami Heat','#98002e','Denver Nuggets Vs. Miami Heat','<span style=''color:#98002e'';>Miami Heat</span>','<span style=''color:#4d90cd'';>Denver Nuggets</span>','#4d90cd','DEN',8,-10,'DEN','MIA','Trailing'),
	 ('5:23','K. Lowry makes 3-pt jump shot from 23 ft',29.38,'2nd Quarter','+3','42-35',NULL,'DEN','MIA',42,35,-7,'2023-06-12','MIA','Denver Nuggets','#4d90cd','Miami Heat','#98002e','Denver Nuggets Vs. Miami Heat','<span style=''color:#98002e'';>Miami Heat</span>','<span style=''color:#4d90cd'';>Denver Nuggets</span>','#98002e','MIA',8,-10,'DEN','MIA','Leading'),
	 ('5:00','N. Joki makes 2-pt jump shot from 7 ft (assist by J. Murray)',29.00,'2nd Quarter',NULL,'42-37','+2','DEN','MIA',42,37,-5,'2023-06-12','MIA','Denver Nuggets','#4d90cd','Miami Heat','#98002e','Denver Nuggets Vs. Miami Heat','<span style=''color:#98002e'';>Miami Heat</span>','<span style=''color:#4d90cd'';>Denver Nuggets</span>','#4d90cd','DEN',8,-10,'DEN','MIA','Trailing'),
	 ('4:29','J. Murray makes 2-pt jump shot from 16 ft',28.48,'2nd Quarter',NULL,'42-39','+2','DEN','MIA',42,39,-3,'2023-06-12','MIA','Denver Nuggets','#4d90cd','Miami Heat','#98002e','Denver Nuggets Vs. Miami Heat','<span style=''color:#98002e'';>Miami Heat</span>','<span style=''color:#4d90cd'';>Denver Nuggets</span>','#4d90cd','DEN',8,-10,'DEN','MIA','Trailing'),
	 ('4:14','K. Lowry makes 3-pt jump shot from 25 ft',28.23,'2nd Quarter','+3','45-39',NULL,'DEN','MIA',45,39,-6,'2023-06-12','MIA','Denver Nuggets','#4d90cd','Miami Heat','#98002e','Denver Nuggets Vs. Miami Heat','<span style=''color:#98002e'';>Miami Heat</span>','<span style=''color:#4d90cd'';>Denver Nuggets</span>','#98002e','MIA',8,-10,'DEN','MIA','Leading'),
	 ('3:32','J. Butler makes 2-pt dunk from 1 ft',27.53,'2nd Quarter','+2','47-39',NULL,'DEN','MIA',47,39,-8,'2023-06-12','MIA','Denver Nuggets','#4d90cd','Miami Heat','#98002e','Denver Nuggets Vs. Miami Heat','<span style=''color:#98002e'';>Miami Heat</span>','<span style=''color:#4d90cd'';>Denver Nuggets</span>','#98002e','MIA',8,-10,'DEN','MIA','Leading'),
	 ('2:41','C. Braun makes 2-pt layup from 3 ft',26.68,'2nd Quarter',NULL,'47-41','+2','DEN','MIA',47,41,-6,'2023-06-12','MIA','Denver Nuggets','#4d90cd','Miami Heat','#98002e','Denver Nuggets Vs. Miami Heat','<span style=''color:#98002e'';>Miami Heat</span>','<span style=''color:#4d90cd'';>Denver Nuggets</span>','#4d90cd','DEN',8,-10,'DEN','MIA','Trailing');
INSERT INTO pbp (time_quarter,play,time_remaining_final,quarter,away_score,score,home_score,home_team,away_team,score_away,score_home,margin_score,game_date,leading_team,home_team_full,home_primary_color,away_team_full,away_primary_color,game_description,away_fill,home_fill,scoring_team_color,scoring_team,max_home_lead,max_away_lead,winning_team,losing_team,leading_team_text) VALUES
	 ('2:13','C. Braun makes free throw 1 of 2',26.22,'2nd Quarter',NULL,'47-42','+1','DEN','MIA',47,42,-5,'2023-06-12','MIA','Denver Nuggets','#4d90cd','Miami Heat','#98002e','Denver Nuggets Vs. Miami Heat','<span style=''color:#98002e'';>Miami Heat</span>','<span style=''color:#4d90cd'';>Denver Nuggets</span>','#4d90cd','DEN',8,-10,'DEN','MIA','Trailing'),
	 ('1:59','B. Adebayo makes 2-pt layup from 3 ft (assist by G. Vincent)',25.98,'2nd Quarter','+2','49-42',NULL,'DEN','MIA',49,42,-7,'2023-06-12','MIA','Denver Nuggets','#4d90cd','Miami Heat','#98002e','Denver Nuggets Vs. Miami Heat','<span style=''color:#98002e'';>Miami Heat</span>','<span style=''color:#4d90cd'';>Denver Nuggets</span>','#98002e','MIA',8,-10,'DEN','MIA','Leading'),
	 ('1:34','B. Adebayo makes 2-pt jump shot from 3 ft',25.57,'2nd Quarter','+2','51-42',NULL,'DEN','MIA',51,42,-9,'2023-06-12','MIA','Denver Nuggets','#4d90cd','Miami Heat','#98002e','Denver Nuggets Vs. Miami Heat','<span style=''color:#98002e'';>Miami Heat</span>','<span style=''color:#4d90cd'';>Denver Nuggets</span>','#98002e','MIA',8,-10,'DEN','MIA','Leading'),
	 ('0:25','M. Porter makes 2-pt dunk from 1 ft (assist by N. Joki)',24.42,'2nd Quarter',NULL,'51-44','+2','DEN','MIA',51,44,-7,'2023-06-12','MIA','Denver Nuggets','#4d90cd','Miami Heat','#98002e','Denver Nuggets Vs. Miami Heat','<span style=''color:#98002e'';>Miami Heat</span>','<span style=''color:#4d90cd'';>Denver Nuggets</span>','#4d90cd','DEN',8,-10,'DEN','MIA','Trailing'),
	 ('12:00','Start of 3rd quarter',24.00,'3rd Quarter','Start of 3rd quarter','Start of 3rd quarter','Start of 3rd quarter','DEN','MIA',51,44,-7,'2023-06-12','MIA','Denver Nuggets','#4d90cd','Miami Heat','#98002e','Denver Nuggets Vs. Miami Heat','<span style=''color:#98002e'';>Miami Heat</span>','<span style=''color:#4d90cd'';>Denver Nuggets</span>','#808080','TIE',8,-10,'DEN','MIA','Trailing'),
	 ('0:00','End of 2nd quarter',24.00,'2nd Quarter','End of 2nd quarter','End of 2nd quarter','End of 2nd quarter','DEN','MIA',51,44,-7,'2023-06-12','MIA','Denver Nuggets','#4d90cd','Miami Heat','#98002e','Denver Nuggets Vs. Miami Heat','<span style=''color:#98002e'';>Miami Heat</span>','<span style=''color:#4d90cd'';>Denver Nuggets</span>','#808080','TIE',8,-10,'DEN','MIA','Trailing'),
	 ('11:28','N. Joki makes 2-pt jump shot from 4 ft',23.47,'3rd Quarter',NULL,'51-46','+2','DEN','MIA',51,46,-5,'2023-06-12','MIA','Denver Nuggets','#4d90cd','Miami Heat','#98002e','Denver Nuggets Vs. Miami Heat','<span style=''color:#98002e'';>Miami Heat</span>','<span style=''color:#4d90cd'';>Denver Nuggets</span>','#4d90cd','DEN',8,-10,'DEN','MIA','Trailing'),
	 ('11:28','N. Joki makes free throw 1 of 1',23.47,'3rd Quarter',NULL,'51-47','+1','DEN','MIA',51,47,-4,'2023-06-12','MIA','Denver Nuggets','#4d90cd','Miami Heat','#98002e','Denver Nuggets Vs. Miami Heat','<span style=''color:#98002e'';>Miami Heat</span>','<span style=''color:#4d90cd'';>Denver Nuggets</span>','#4d90cd','DEN',8,-10,'DEN','MIA','Trailing'),
	 ('11:17','M. Strus makes 2-pt jump shot from 9 ft (assist by G. Vincent)',23.28,'3rd Quarter','+2','53-47',NULL,'DEN','MIA',53,47,-6,'2023-06-12','MIA','Denver Nuggets','#4d90cd','Miami Heat','#98002e','Denver Nuggets Vs. Miami Heat','<span style=''color:#98002e'';>Miami Heat</span>','<span style=''color:#4d90cd'';>Denver Nuggets</span>','#98002e','MIA',8,-10,'DEN','MIA','Leading'),
	 ('10:40','G. Vincent makes 2-pt jump shot from 22 ft',22.67,'3rd Quarter','+2','55-47',NULL,'DEN','MIA',55,47,-8,'2023-06-12','MIA','Denver Nuggets','#4d90cd','Miami Heat','#98002e','Denver Nuggets Vs. Miami Heat','<span style=''color:#98002e'';>Miami Heat</span>','<span style=''color:#4d90cd'';>Denver Nuggets</span>','#98002e','MIA',8,-10,'DEN','MIA','Leading');
INSERT INTO pbp (time_quarter,play,time_remaining_final,quarter,away_score,score,home_score,home_team,away_team,score_away,score_home,margin_score,game_date,leading_team,home_team_full,home_primary_color,away_team_full,away_primary_color,game_description,away_fill,home_fill,scoring_team_color,scoring_team,max_home_lead,max_away_lead,winning_team,losing_team,leading_team_text) VALUES
	 ('9:17','M. Porter makes 2-pt jump shot from 3 ft',21.28,'3rd Quarter',NULL,'55-49','+2','DEN','MIA',55,49,-6,'2023-06-12','MIA','Denver Nuggets','#4d90cd','Miami Heat','#98002e','Denver Nuggets Vs. Miami Heat','<span style=''color:#98002e'';>Miami Heat</span>','<span style=''color:#4d90cd'';>Denver Nuggets</span>','#4d90cd','DEN',8,-10,'DEN','MIA','Trailing'),
	 ('8:45','J. Murray makes 2-pt layup from 3 ft',20.75,'3rd Quarter',NULL,'55-51','+2','DEN','MIA',55,51,-4,'2023-06-12','MIA','Denver Nuggets','#4d90cd','Miami Heat','#98002e','Denver Nuggets Vs. Miami Heat','<span style=''color:#98002e'';>Miami Heat</span>','<span style=''color:#4d90cd'';>Denver Nuggets</span>','#4d90cd','DEN',8,-10,'DEN','MIA','Trailing'),
	 ('8:33','K. Love makes 3-pt jump shot from 26 ft (assist by J. Butler)',20.55,'3rd Quarter','+3','58-51',NULL,'DEN','MIA',58,51,-7,'2023-06-12','MIA','Denver Nuggets','#4d90cd','Miami Heat','#98002e','Denver Nuggets Vs. Miami Heat','<span style=''color:#98002e'';>Miami Heat</span>','<span style=''color:#4d90cd'';>Denver Nuggets</span>','#98002e','MIA',8,-10,'DEN','MIA','Leading'),
	 ('8:14','N. Joki makes 2-pt hook shot from 4 ft',20.23,'3rd Quarter',NULL,'58-53','+2','DEN','MIA',58,53,-5,'2023-06-12','MIA','Denver Nuggets','#4d90cd','Miami Heat','#98002e','Denver Nuggets Vs. Miami Heat','<span style=''color:#98002e'';>Miami Heat</span>','<span style=''color:#4d90cd'';>Denver Nuggets</span>','#4d90cd','DEN',8,-10,'DEN','MIA','Trailing'),
	 ('8:00','G. Vincent makes 2-pt jump shot from 20 ft',20.00,'3rd Quarter','+2','60-53',NULL,'DEN','MIA',60,53,-7,'2023-06-12','MIA','Denver Nuggets','#4d90cd','Miami Heat','#98002e','Denver Nuggets Vs. Miami Heat','<span style=''color:#98002e'';>Miami Heat</span>','<span style=''color:#4d90cd'';>Denver Nuggets</span>','#98002e','MIA',8,-10,'DEN','MIA','Leading'),
	 ('7:45','A. Gordon makes free throw 1 of 2',19.75,'3rd Quarter',NULL,'60-54','+1','DEN','MIA',60,54,-6,'2023-06-12','MIA','Denver Nuggets','#4d90cd','Miami Heat','#98002e','Denver Nuggets Vs. Miami Heat','<span style=''color:#98002e'';>Miami Heat</span>','<span style=''color:#4d90cd'';>Denver Nuggets</span>','#4d90cd','DEN',8,-10,'DEN','MIA','Trailing'),
	 ('7:32','N. Joki makes 2-pt layup at rim',19.53,'3rd Quarter',NULL,'60-56','+2','DEN','MIA',60,56,-4,'2023-06-12','MIA','Denver Nuggets','#4d90cd','Miami Heat','#98002e','Denver Nuggets Vs. Miami Heat','<span style=''color:#98002e'';>Miami Heat</span>','<span style=''color:#4d90cd'';>Denver Nuggets</span>','#4d90cd','DEN',8,-10,'DEN','MIA','Trailing'),
	 ('7:02','N. Joki makes free throw 2 of 2',19.03,'3rd Quarter',NULL,'60-57','+1','DEN','MIA',60,57,-3,'2023-06-12','MIA','Denver Nuggets','#4d90cd','Miami Heat','#98002e','Denver Nuggets Vs. Miami Heat','<span style=''color:#98002e'';>Miami Heat</span>','<span style=''color:#4d90cd'';>Denver Nuggets</span>','#4d90cd','DEN',8,-10,'DEN','MIA','Trailing'),
	 ('6:46','J. Murray makes 3-pt jump shot from 23 ft (assist by M. Porter)',18.77,'3rd Quarter',NULL,'60-60','+3','DEN','MIA',60,60,0,'2023-06-12','TIE','Denver Nuggets','#4d90cd','Miami Heat','#98002e','Denver Nuggets Vs. Miami Heat','<span style=''color:#98002e'';>Miami Heat</span>','<span style=''color:#4d90cd'';>Denver Nuggets</span>','#4d90cd','DEN',8,-10,'DEN','MIA','TIE'),
	 ('5:47','M. Strus makes 2-pt layup from 3 ft (assist by J. Butler)',17.78,'3rd Quarter','+2','62-60',NULL,'DEN','MIA',62,60,-2,'2023-06-12','MIA','Denver Nuggets','#4d90cd','Miami Heat','#98002e','Denver Nuggets Vs. Miami Heat','<span style=''color:#98002e'';>Miami Heat</span>','<span style=''color:#4d90cd'';>Denver Nuggets</span>','#98002e','MIA',8,-10,'DEN','MIA','Leading');
INSERT INTO pbp (time_quarter,play,time_remaining_final,quarter,away_score,score,home_score,home_team,away_team,score_away,score_home,margin_score,game_date,leading_team,home_team_full,home_primary_color,away_team_full,away_primary_color,game_description,away_fill,home_fill,scoring_team_color,scoring_team,max_home_lead,max_away_lead,winning_team,losing_team,leading_team_text) VALUES
	 ('3:58','C. Martin makes 2-pt layup from 3 ft (assist by K. Lowry)',15.97,'3rd Quarter','+2','64-60',NULL,'DEN','MIA',64,60,-4,'2023-06-12','MIA','Denver Nuggets','#4d90cd','Miami Heat','#98002e','Denver Nuggets Vs. Miami Heat','<span style=''color:#98002e'';>Miami Heat</span>','<span style=''color:#4d90cd'';>Denver Nuggets</span>','#98002e','MIA',8,-10,'DEN','MIA','Leading'),
	 ('3:18','Jump ball: B. Brown vs. G. Vincent (K. Caldwell-Pope gains possession)',15.30,'3rd Quarter','Jump ball: B. Brown vs. G. Vincent (K. Caldwell-Pope gains possession)','Jump ball: B. Brown vs. G. Vincent (K. Caldwell-Pope gains possession)','Jump ball: B. Brown vs. G. Vincent (K. Caldwell-Pope gains possession)','DEN','MIA',64,60,-4,'2023-06-12','MIA','Denver Nuggets','#4d90cd','Miami Heat','#98002e','Denver Nuggets Vs. Miami Heat','<span style=''color:#98002e'';>Miami Heat</span>','<span style=''color:#4d90cd'';>Denver Nuggets</span>','#808080','TIE',8,-10,'DEN','MIA','Trailing'),
	 ('2:45','B. Brown makes 2-pt layup at rim',14.75,'3rd Quarter',NULL,'64-62','+2','DEN','MIA',64,62,-2,'2023-06-12','MIA','Denver Nuggets','#4d90cd','Miami Heat','#98002e','Denver Nuggets Vs. Miami Heat','<span style=''color:#98002e'';>Miami Heat</span>','<span style=''color:#4d90cd'';>Denver Nuggets</span>','#4d90cd','DEN',8,-10,'DEN','MIA','Trailing'),
	 ('2:25','M. Porter makes 2-pt layup from 2 ft',14.42,'3rd Quarter',NULL,'64-64','+2','DEN','MIA',64,64,0,'2023-06-12','TIE','Denver Nuggets','#4d90cd','Miami Heat','#98002e','Denver Nuggets Vs. Miami Heat','<span style=''color:#98002e'';>Miami Heat</span>','<span style=''color:#4d90cd'';>Denver Nuggets</span>','#4d90cd','DEN',8,-10,'DEN','MIA','TIE'),
	 ('2:05','G. Vincent makes 2-pt jump shot from 8 ft (assist by D. Robinson)',14.08,'3rd Quarter','+2','66-64',NULL,'DEN','MIA',66,64,-2,'2023-06-12','MIA','Denver Nuggets','#4d90cd','Miami Heat','#98002e','Denver Nuggets Vs. Miami Heat','<span style=''color:#98002e'';>Miami Heat</span>','<span style=''color:#4d90cd'';>Denver Nuggets</span>','#98002e','MIA',8,-10,'DEN','MIA','Leading'),
	 ('1:49','C. Braun makes free throw 1 of 2',13.82,'3rd Quarter',NULL,'66-65','+1','DEN','MIA',66,65,-1,'2023-06-12','MIA','Denver Nuggets','#4d90cd','Miami Heat','#98002e','Denver Nuggets Vs. Miami Heat','<span style=''color:#98002e'';>Miami Heat</span>','<span style=''color:#4d90cd'';>Denver Nuggets</span>','#4d90cd','DEN',8,-10,'DEN','MIA','Trailing'),
	 ('1:49','C. Braun makes free throw 2 of 2',13.82,'3rd Quarter',NULL,'66-66','+1','DEN','MIA',66,66,0,'2023-06-12','TIE','Denver Nuggets','#4d90cd','Miami Heat','#98002e','Denver Nuggets Vs. Miami Heat','<span style=''color:#98002e'';>Miami Heat</span>','<span style=''color:#4d90cd'';>Denver Nuggets</span>','#4d90cd','DEN',8,-10,'DEN','MIA','TIE'),
	 ('1:31','M. Porter makes 3-pt jump shot from 25 ft',13.52,'3rd Quarter',NULL,'66-69','+3','DEN','MIA',66,69,3,'2023-06-12','DEN','Denver Nuggets','#4d90cd','Miami Heat','#98002e','Denver Nuggets Vs. Miami Heat','<span style=''color:#98002e'';>Miami Heat</span>','<span style=''color:#4d90cd'';>Denver Nuggets</span>','#4d90cd','DEN',8,-10,'DEN','MIA','Leading'),
	 ('1:10','B. Adebayo makes 2-pt jump shot from 13 ft (assist by D. Robinson)',13.17,'3rd Quarter','+2','68-69',NULL,'DEN','MIA',68,69,1,'2023-06-12','DEN','Denver Nuggets','#4d90cd','Miami Heat','#98002e','Denver Nuggets Vs. Miami Heat','<span style=''color:#98002e'';>Miami Heat</span>','<span style=''color:#4d90cd'';>Denver Nuggets</span>','#98002e','MIA',8,-10,'DEN','MIA','Trailing'),
	 ('0:54','N. Joki makes free throw 2 of 2',12.90,'3rd Quarter',NULL,'68-70','+1','DEN','MIA',68,70,2,'2023-06-12','DEN','Denver Nuggets','#4d90cd','Miami Heat','#98002e','Denver Nuggets Vs. Miami Heat','<span style=''color:#98002e'';>Miami Heat</span>','<span style=''color:#4d90cd'';>Denver Nuggets</span>','#4d90cd','DEN',8,-10,'DEN','MIA','Leading');
INSERT INTO pbp (time_quarter,play,time_remaining_final,quarter,away_score,score,home_score,home_team,away_team,score_away,score_home,margin_score,game_date,leading_team,home_team_full,home_primary_color,away_team_full,away_primary_color,game_description,away_fill,home_fill,scoring_team_color,scoring_team,max_home_lead,max_away_lead,winning_team,losing_team,leading_team_text) VALUES
	 ('0:33','K. Lowry makes 3-pt jump shot from 30 ft',12.55,'3rd Quarter','+3','71-70',NULL,'DEN','MIA',71,70,-1,'2023-06-12','MIA','Denver Nuggets','#4d90cd','Miami Heat','#98002e','Denver Nuggets Vs. Miami Heat','<span style=''color:#98002e'';>Miami Heat</span>','<span style=''color:#4d90cd'';>Denver Nuggets</span>','#98002e','MIA',8,-10,'DEN','MIA','Leading'),
	 ('12:00','Start of 4th quarter',12.00,'4th Quarter','Start of 4th quarter','Start of 4th quarter','Start of 4th quarter','DEN','MIA',71,70,-1,'2023-06-12','MIA','Denver Nuggets','#4d90cd','Miami Heat','#98002e','Denver Nuggets Vs. Miami Heat','<span style=''color:#98002e'';>Miami Heat</span>','<span style=''color:#4d90cd'';>Denver Nuggets</span>','#808080','TIE',8,-10,'DEN','MIA','Trailing'),
	 ('0:00','End of 3rd quarter',12.00,'3rd Quarter','End of 3rd quarter','End of 3rd quarter','End of 3rd quarter','DEN','MIA',71,70,-1,'2023-06-12','MIA','Denver Nuggets','#4d90cd','Miami Heat','#98002e','Denver Nuggets Vs. Miami Heat','<span style=''color:#98002e'';>Miami Heat</span>','<span style=''color:#4d90cd'';>Denver Nuggets</span>','#808080','TIE',8,-10,'DEN','MIA','Trailing'),
	 ('11:39','N. Joki makes 2-pt hook shot from 3 ft (assist by J. Murray)',11.65,'4th Quarter',NULL,'71-72','+2','DEN','MIA',71,72,1,'2023-06-12','DEN','Denver Nuggets','#4d90cd','Miami Heat','#98002e','Denver Nuggets Vs. Miami Heat','<span style=''color:#98002e'';>Miami Heat</span>','<span style=''color:#4d90cd'';>Denver Nuggets</span>','#4d90cd','DEN',8,-10,'DEN','MIA','Leading'),
	 ('11:00','J. Murray makes 3-pt jump shot from 25 ft (assist by A. Gordon)',11.00,'4th Quarter',NULL,'71-75','+3','DEN','MIA',71,75,4,'2023-06-12','DEN','Denver Nuggets','#4d90cd','Miami Heat','#98002e','Denver Nuggets Vs. Miami Heat','<span style=''color:#98002e'';>Miami Heat</span>','<span style=''color:#4d90cd'';>Denver Nuggets</span>','#4d90cd','DEN',8,-10,'DEN','MIA','Leading'),
	 ('10:32','C. Martin makes 2-pt layup from 3 ft (assist by J. Butler)',10.53,'4th Quarter','+2','73-75',NULL,'DEN','MIA',73,75,2,'2023-06-12','DEN','Denver Nuggets','#4d90cd','Miami Heat','#98002e','Denver Nuggets Vs. Miami Heat','<span style=''color:#98002e'';>Miami Heat</span>','<span style=''color:#4d90cd'';>Denver Nuggets</span>','#98002e','MIA',8,-10,'DEN','MIA','Trailing'),
	 ('10:03','N. Joki makes 2-pt jump shot from 4 ft (assist by J. Murray)',10.05,'4th Quarter',NULL,'73-77','+2','DEN','MIA',73,77,4,'2023-06-12','DEN','Denver Nuggets','#4d90cd','Miami Heat','#98002e','Denver Nuggets Vs. Miami Heat','<span style=''color:#98002e'';>Miami Heat</span>','<span style=''color:#4d90cd'';>Denver Nuggets</span>','#4d90cd','DEN',8,-10,'DEN','MIA','Leading'),
	 ('9:38','K. Lowry makes 3-pt jump shot from 23 ft (assist by D. Robinson)',9.63,'4th Quarter','+3','76-77',NULL,'DEN','MIA',76,77,1,'2023-06-12','DEN','Denver Nuggets','#4d90cd','Miami Heat','#98002e','Denver Nuggets Vs. Miami Heat','<span style=''color:#98002e'';>Miami Heat</span>','<span style=''color:#4d90cd'';>Denver Nuggets</span>','#98002e','MIA',8,-10,'DEN','MIA','Trailing'),
	 ('9:18','N. Joki makes 2-pt jump shot from 10 ft (assist by B. Brown)',9.30,'4th Quarter',NULL,'76-79','+2','DEN','MIA',76,79,3,'2023-06-12','DEN','Denver Nuggets','#4d90cd','Miami Heat','#98002e','Denver Nuggets Vs. Miami Heat','<span style=''color:#98002e'';>Miami Heat</span>','<span style=''color:#4d90cd'';>Denver Nuggets</span>','#4d90cd','DEN',8,-10,'DEN','MIA','Leading'),
	 ('6:43','J. Murray makes 2-pt jump shot from 14 ft',6.72,'4th Quarter',NULL,'76-81','+2','DEN','MIA',76,81,5,'2023-06-12','DEN','Denver Nuggets','#4d90cd','Miami Heat','#98002e','Denver Nuggets Vs. Miami Heat','<span style=''color:#98002e'';>Miami Heat</span>','<span style=''color:#4d90cd'';>Denver Nuggets</span>','#4d90cd','DEN',8,-10,'DEN','MIA','Leading');
INSERT INTO pbp (time_quarter,play,time_remaining_final,quarter,away_score,score,home_score,home_team,away_team,score_away,score_home,margin_score,game_date,leading_team,home_team_full,home_primary_color,away_team_full,away_primary_color,game_description,away_fill,home_fill,scoring_team_color,scoring_team,max_home_lead,max_away_lead,winning_team,losing_team,leading_team_text) VALUES
	 ('4:43','N. Joki makes 2-pt jump shot from 6 ft (assist by K. Caldwell-Pope)',4.72,'4th Quarter',NULL,'76-83','+2','DEN','MIA',76,83,7,'2023-06-12','DEN','Denver Nuggets','#4d90cd','Miami Heat','#98002e','Denver Nuggets Vs. Miami Heat','<span style=''color:#98002e'';>Miami Heat</span>','<span style=''color:#4d90cd'';>Denver Nuggets</span>','#4d90cd','DEN',8,-10,'DEN','MIA','Leading'),
	 ('4:29','J. Butler makes 3-pt jump shot from 24 ft (assist by C. Martin)',4.48,'4th Quarter','+3','79-83',NULL,'DEN','MIA',79,83,4,'2023-06-12','DEN','Denver Nuggets','#4d90cd','Miami Heat','#98002e','Denver Nuggets Vs. Miami Heat','<span style=''color:#98002e'';>Miami Heat</span>','<span style=''color:#4d90cd'';>Denver Nuggets</span>','#98002e','MIA',8,-10,'DEN','MIA','Trailing'),
	 ('4:06','K. Caldwell-Pope makes 3-pt jump shot from 25 ft (assist by J. Murray)',4.10,'4th Quarter',NULL,'79-86','+3','DEN','MIA',79,86,7,'2023-06-12','DEN','Denver Nuggets','#4d90cd','Miami Heat','#98002e','Denver Nuggets Vs. Miami Heat','<span style=''color:#98002e'';>Miami Heat</span>','<span style=''color:#4d90cd'';>Denver Nuggets</span>','#4d90cd','DEN',8,-10,'DEN','MIA','Leading'),
	 ('3:47','J. Butler makes 3-pt jump shot from 26 ft',3.78,'4th Quarter','+3','82-86',NULL,'DEN','MIA',82,86,4,'2023-06-12','DEN','Denver Nuggets','#4d90cd','Miami Heat','#98002e','Denver Nuggets Vs. Miami Heat','<span style=''color:#98002e'';>Miami Heat</span>','<span style=''color:#4d90cd'';>Denver Nuggets</span>','#98002e','MIA',8,-10,'DEN','MIA','Trailing'),
	 ('3:21','J. Butler makes free throw 2 of 3',3.35,'4th Quarter','+1','84-86',NULL,'DEN','MIA',84,86,2,'2023-06-12','DEN','Denver Nuggets','#4d90cd','Miami Heat','#98002e','Denver Nuggets Vs. Miami Heat','<span style=''color:#98002e'';>Miami Heat</span>','<span style=''color:#4d90cd'';>Denver Nuggets</span>','#98002e','MIA',8,-10,'DEN','MIA','Trailing'),
	 ('3:21','J. Butler makes free throw 1 of 3',3.35,'4th Quarter','+1','83-86',NULL,'DEN','MIA',83,86,3,'2023-06-12','DEN','Denver Nuggets','#4d90cd','Miami Heat','#98002e','Denver Nuggets Vs. Miami Heat','<span style=''color:#98002e'';>Miami Heat</span>','<span style=''color:#4d90cd'';>Denver Nuggets</span>','#98002e','MIA',8,-10,'DEN','MIA','Trailing'),
	 ('3:21','J. Butler makes free throw 3 of 3',3.35,'4th Quarter','+1','85-86',NULL,'DEN','MIA',85,86,1,'2023-06-12','DEN','Denver Nuggets','#4d90cd','Miami Heat','#98002e','Denver Nuggets Vs. Miami Heat','<span style=''color:#98002e'';>Miami Heat</span>','<span style=''color:#4d90cd'';>Denver Nuggets</span>','#98002e','MIA',8,-10,'DEN','MIA','Trailing'),
	 ('2:47','J. Butler makes 2-pt jump shot from 10 ft',2.78,'4th Quarter','+2','87-86',NULL,'DEN','MIA',87,86,-1,'2023-06-12','MIA','Denver Nuggets','#4d90cd','Miami Heat','#98002e','Denver Nuggets Vs. Miami Heat','<span style=''color:#98002e'';>Miami Heat</span>','<span style=''color:#4d90cd'';>Denver Nuggets</span>','#98002e','MIA',8,-10,'DEN','MIA','Leading'),
	 ('2:24','N. Joki makes 2-pt layup from 4 ft (assist by J. Murray)',2.40,'4th Quarter',NULL,'87-88','+2','DEN','MIA',87,88,1,'2023-06-12','DEN','Denver Nuggets','#4d90cd','Miami Heat','#98002e','Denver Nuggets Vs. Miami Heat','<span style=''color:#98002e'';>Miami Heat</span>','<span style=''color:#4d90cd'';>Denver Nuggets</span>','#4d90cd','DEN',8,-10,'DEN','MIA','Leading'),
	 ('1:58','J. Butler makes free throw 2 of 2',1.97,'4th Quarter','+1','89-88',NULL,'DEN','MIA',89,88,-1,'2023-06-12','MIA','Denver Nuggets','#4d90cd','Miami Heat','#98002e','Denver Nuggets Vs. Miami Heat','<span style=''color:#98002e'';>Miami Heat</span>','<span style=''color:#4d90cd'';>Denver Nuggets</span>','#98002e','MIA',8,-10,'DEN','MIA','Leading');
INSERT INTO pbp (time_quarter,play,time_remaining_final,quarter,away_score,score,home_score,home_team,away_team,score_away,score_home,margin_score,game_date,leading_team,home_team_full,home_primary_color,away_team_full,away_primary_color,game_description,away_fill,home_fill,scoring_team_color,scoring_team,max_home_lead,max_away_lead,winning_team,losing_team,leading_team_text) VALUES
	 ('1:58','J. Butler makes free throw 1 of 2',1.97,'4th Quarter','+1','88-88',NULL,'DEN','MIA',88,88,0,'2023-06-12','TIE','Denver Nuggets','#4d90cd','Miami Heat','#98002e','Denver Nuggets Vs. Miami Heat','<span style=''color:#98002e'';>Miami Heat</span>','<span style=''color:#4d90cd'';>Denver Nuggets</span>','#98002e','MIA',8,-10,'DEN','MIA','TIE'),
	 ('1:31','B. Brown makes 2-pt layup at rim',1.52,'4th Quarter',NULL,'89-90','+2','DEN','MIA',89,90,1,'2023-06-12','DEN','Denver Nuggets','#4d90cd','Miami Heat','#98002e','Denver Nuggets Vs. Miami Heat','<span style=''color:#98002e'';>Miami Heat</span>','<span style=''color:#4d90cd'';>Denver Nuggets</span>','#4d90cd','DEN',8,-10,'DEN','MIA','Leading'),
	 ('0:24','K. Caldwell-Pope makes free throw 1 of 2',0.40,'4th Quarter',NULL,'89-91','+1','DEN','MIA',89,91,2,'2023-06-12','DEN','Denver Nuggets','#4d90cd','Miami Heat','#98002e','Denver Nuggets Vs. Miami Heat','<span style=''color:#98002e'';>Miami Heat</span>','<span style=''color:#4d90cd'';>Denver Nuggets</span>','#4d90cd','DEN',8,-10,'DEN','MIA','Leading'),
	 ('0:24','K. Caldwell-Pope makes free throw 2 of 2',0.40,'4th Quarter',NULL,'89-92','+1','DEN','MIA',89,92,3,'2023-06-12','DEN','Denver Nuggets','#4d90cd','Miami Heat','#98002e','Denver Nuggets Vs. Miami Heat','<span style=''color:#98002e'';>Miami Heat</span>','<span style=''color:#4d90cd'';>Denver Nuggets</span>','#4d90cd','DEN',8,-10,'DEN','MIA','Leading'),
	 ('0:14','B. Brown makes free throw 1 of 2',0.23,'4th Quarter',NULL,'89-93','+1','DEN','MIA',89,93,4,'2023-06-12','DEN','Denver Nuggets','#4d90cd','Miami Heat','#98002e','Denver Nuggets Vs. Miami Heat','<span style=''color:#98002e'';>Miami Heat</span>','<span style=''color:#4d90cd'';>Denver Nuggets</span>','#4d90cd','DEN',8,-10,'DEN','MIA','Leading'),
	 ('0:14','B. Brown makes free throw 2 of 2',0.23,'4th Quarter',NULL,'89-94','+1','DEN','MIA',89,94,5,'2023-06-12','DEN','Denver Nuggets','#4d90cd','Miami Heat','#98002e','Denver Nuggets Vs. Miami Heat','<span style=''color:#98002e'';>Miami Heat</span>','<span style=''color:#4d90cd'';>Denver Nuggets</span>','#4d90cd','DEN',8,-10,'DEN','MIA','Leading'),
	 ('0:00','End of 4th quarter',0.00,'4th Quarter','End of 4th quarter','End of 4th quarter','End of 4th quarter','DEN','MIA',89,94,5,'2023-06-12','DEN','Denver Nuggets','#4d90cd','Miami Heat','#98002e','Denver Nuggets Vs. Miami Heat','<span style=''color:#98002e'';>Miami Heat</span>','<span style=''color:#4d90cd'';>Denver Nuggets</span>','#808080','TIE',8,-10,'DEN','MIA','Trailing');

DROP TABLE IF EXISTS standings;
CREATE TABLE standings(
    rank text,
    team text,
    team_full text,
    conference text,
    wins bigint,
    losses bigint,
    games_played bigint,
    win_pct numeric,
    active_injuries numeric,
    active_protocols numeric,
    last_10 text
);

INSERT INTO standings ("rank",team,team_full,conference,wins,losses,games_played,win_pct,active_injuries,active_protocols,last_10) VALUES
	 ('1st','MIL','Milwaukee Bucks','Eastern',58,24,82,0.707,0,0,'6-4'),
	 ('2nd','BOS','Boston Celtics','Eastern',57,25,82,0.695,0,0,'8-2'),
	 ('3rd','PHI','Philadelphia 76ers','Eastern',54,28,82,0.659,1,0,'5-5'),
	 ('4th','CLE','Cleveland Cavaliers','Eastern',51,31,82,0.622,1,0,'7-3'),
	 ('5th','NYK','New York Knicks','Eastern',47,35,82,0.573,0,0,'5-5'),
	 ('6th','BKN','Brooklyn Nets','Eastern',45,37,82,0.549,0,0,'6-4'),
	 ('7th','MIA','Miami Heat','Eastern',44,38,82,0.537,0,0,'6-4'),
	 ('8th','ATL','Atlanta Hawks','Eastern',41,41,82,0.500,0,0,'5-5'),
	 ('9th','TOR','Toronto Raptors','Eastern',41,41,82,0.500,0,0,'6-4'),
	 ('10th','CHI','Chicago Bulls','Eastern',40,42,82,0.488,1,0,'6-4');
INSERT INTO standings ("rank",team,team_full,conference,wins,losses,games_played,win_pct,active_injuries,active_protocols,last_10) VALUES
	 ('11th','WAS','Washington Wizards','Eastern',35,47,82,0.427,0,0,'3-7'),
	 ('12th','IND','Indiana Pacers','Eastern',35,47,82,0.427,0,0,'3-7'),
	 ('13th','ORL','Orlando Magic','Eastern',34,48,82,0.415,0,0,'5-5'),
	 ('14th','CHA','Charlotte Hornets','Eastern',27,55,82,0.329,1,0,'5-5'),
	 ('15th','DET','Detroit Pistons','Eastern',17,65,82,0.207,0,0,'1-9'),
	 ('1st','DEN','Denver Nuggets','Western',53,29,82,0.646,1,0,'5-5'),
	 ('2nd','MEM','Memphis Grizzlies','Western',51,31,82,0.622,1,0,'6-4'),
	 ('3rd','SAC','Sacramento Kings','Western',48,34,82,0.585,0,0,'5-5'),
	 ('4th','PHX','Phoenix Suns','Western',45,37,82,0.549,0,0,'7-3'),
	 ('5th','GSW','Golden State Warriors','Western',44,38,82,0.537,0,0,'8-2');
INSERT INTO standings ("rank",team,team_full,conference,wins,losses,games_played,win_pct,active_injuries,active_protocols,last_10) VALUES
	 ('6th','LAC','Los Angeles Clippers','Western',44,38,82,0.537,1,0,'6-4'),
	 ('7th','LAL','Los Angeles Lakers','Western',43,39,82,0.524,0,0,'8-2'),
	 ('8th','MIN','Minnesota Timberwolves','Western',42,40,82,0.512,1,0,'7-3'),
	 ('9th','NOP','New Orleans Pelicans','Western',42,40,82,0.512,1,0,'7-3'),
	 ('10th','OKC','Oklahoma City Thunder','Western',40,42,82,0.488,0,0,'4-6'),
	 ('11th','DAL','Dallas Mavericks','Western',38,44,82,0.463,0,0,'2-8'),
	 ('12th','UTA','Utah Jazz','Western',37,45,82,0.451,0,0,'2-8'),
	 ('13th','POR','Portland Trail Blazers','Western',33,49,82,0.402,0,0,'1-9'),
	 ('14th','SAS','San Antonio Spurs','Western',22,60,82,0.268,1,0,'3-7'),
	 ('15th','HOU','Houston Rockets','Western',22,60,82,0.268,1,0,'4-6');

DROP TABLE IF EXISTS player_stats;
CREATE TABLE IF NOT EXISTS player_stats (
	player text NULL,
	season_type text NULL,
	team text NULL,
	full_team text NULL,
	avg_ppg numeric NULL,
	avg_ts_percent numeric NULL,
	avg_mvp_score numeric NULL,
	avg_plus_minus numeric NULL,
	games_played int8 NULL,
	ppg_rank int8 NULL,
	scoring_category text NULL,
	games_missed int8 NULL,
	penalized_games_missed numeric NULL,
	is_mvp_candidate text NULL,
	mvp_rank int8 NULL
);
INSERT INTO player_stats (player,season_type,team,full_team,avg_ppg,avg_ts_percent,avg_mvp_score,avg_plus_minus,games_played,ppg_rank,scoring_category,games_missed,penalized_games_missed,is_mvp_candidate,mvp_rank) VALUES
	 ('Joel Embiid','Regular Season','PHI','Philadelphia 76ers',30.3,0.586,53.00,11.8,4,6,'Top 20 Scorers',0,0,'Top 5 MVP Candidate',1),
	 ('Luka Doncic','Regular Season','DAL','Dallas Mavericks',33.8,0.645,51.40,5.2,5,1,'Top 20 Scorers',0,0,'Top 5 MVP Candidate',2),
	 ('Jayson Tatum','Regular Season','BOS','Boston Celtics',29.8,0.670,48.10,19.0,4,7,'Top 20 Scorers',0,0,'Top 5 MVP Candidate',3),
	 ('De''Aaron Fox','Regular Season','SAC','Sacramento Kings',31.3,0.593,47.50,10.0,3,4,'Top 20 Scorers',1,0,'Top 5 MVP Candidate',4),
	 ('Paul George','Regular Season','LAC','Los Angeles Clippers',28.8,0.737,46.80,17.4,5,8,'Top 20 Scorers',0,0,'Top 5 MVP Candidate',5),
	 ('Donovan Mitchell','Regular Season','CLE','Cleveland Cavaliers',32.8,0.656,46.10,1.2,5,2,'Top 20 Scorers',1,0,'Other',6),
	 ('Nikola Jokic','Regular Season','DEN','Denver Nuggets',27.3,0.695,45.70,8.8,6,10,'Top 20 Scorers',0,0,'Other',7),
	 ('Tyrese Maxey','Regular Season','PHI','Philadelphia 76ers',27.3,0.650,43.90,8.8,4,11,'Top 20 Scorers',0,0,'Other',8),
	 ('Anthony Davis','Regular Season','LAL','Los Angeles Lakers',26.0,0.608,43.50,-2.2,5,12,'Top 20 Scorers',0,0,'Other',9),
	 ('Devin Booker','Regular Season','PHX','Phoenix Suns',31.5,0.717,42.72,1.5,2,3,'Top 20 Scorers',3,2,'Other',10);
INSERT INTO player_stats (player,season_type,team,full_team,avg_ppg,avg_ts_percent,avg_mvp_score,avg_plus_minus,games_played,ppg_rank,scoring_category,games_missed,penalized_games_missed,is_mvp_candidate,mvp_rank) VALUES
	 ('Shai Gilgeous-Alexander','Regular Season','OKC','Oklahoma City Thunder',24.8,0.544,42.70,4.2,5,17,'Top 20 Scorers',1,0,'Other',11),
	 ('Kawhi Leonard','Regular Season','LAC','Los Angeles Clippers',23.0,0.581,41.70,16.0,5,25,'Other',0,0,'Other',12),
	 ('Tyrese Haliburton','Regular Season','IND','Indiana Pacers',19.5,0.554,40.80,2.5,4,45,'Other',1,0,'Other',13),
	 ('LeBron James','Regular Season','LAL','Los Angeles Lakers',24.6,0.629,40.80,7.0,5,19,'Top 20 Scorers',0,0,'Other',14),
	 ('Stephen Curry','Regular Season','GSW','Golden State Warriors',30.8,0.753,38.70,1.8,6,5,'Top 20 Scorers',0,0,'Other',15),
	 ('Kevin Durant','Regular Season','PHX','Phoenix Suns',27.4,0.613,37.80,6.8,5,9,'Top 20 Scorers',0,0,'Other',16),
	 ('Jaylen Brown','Regular Season','BOS','Boston Celtics',22.5,0.576,37.60,16.3,4,29,'Other',0,0,'Other',17),
	 ('Dejounte Murray','Regular Season','ATL','Atlanta Hawks',21.8,0.609,37.40,9.0,5,32,'Other',0,0,'Other',18),
	 ('Scottie Barnes','Regular Season','TOR','Toronto Raptors',21.3,0.610,36.80,2.5,6,36,'Other',0,0,'Other',19),
	 ('Trae Young','Regular Season','ATL','Atlanta Hawks',21.6,0.490,36.00,1.0,5,33,'Other',0,0,'Other',20);
INSERT INTO player_stats (player,season_type,team,full_team,avg_ppg,avg_ts_percent,avg_mvp_score,avg_plus_minus,games_played,ppg_rank,scoring_category,games_missed,penalized_games_missed,is_mvp_candidate,mvp_rank) VALUES
	 ('Russell Westbrook','Regular Season','LAC','Los Angeles Clippers',15.2,0.572,35.90,12.8,5,86,'Other',0,0,'Other',21),
	 ('CJ McCollum','Regular Season','NOP','New Orleans Pelicans',23.4,0.583,35.50,-0.6,5,23,'Other',0,0,'Other',23),
	 ('Derrick White','Regular Season','BOS','Boston Celtics',15.8,0.820,35.50,18.0,4,76,'Other',0,0,'Other',22),
	 ('Domantas Sabonis','Regular Season','SAC','Sacramento Kings',19.0,0.582,35.10,-0.8,4,52,'Other',0,0,'Other',24),
	 ('Tyler Herro','Regular Season','MIA','Miami Heat',25.8,0.570,34.30,-1.3,6,14,'Top 20 Scorers',0,0,'Other',25),
	 ('Kristaps Porzingis','Regular Season','BOS','Boston Celtics',18.8,0.724,34.10,14.5,4,54,'Other',0,0,'Other',26),
	 ('Desmond Bane','Regular Season','MEM','Memphis Grizzlies',26.0,0.591,33.70,-4.5,6,13,'Top 20 Scorers',0,0,'Other',27),
	 ('Anthony Edwards','Regular Season','MIN','Minnesota Timberwolves',25.0,0.578,33.40,5.8,4,16,'Top 20 Scorers',0,0,'Other',28),
	 ('Jalen Brunson','Regular Season','NYK','New York Knicks',24.7,0.529,32.70,2.0,6,18,'Top 20 Scorers',0,0,'Other',29),
	 ('Jamal Murray','Regular Season','DEN','Denver Nuggets',18.7,0.547,32.40,2.2,6,55,'Other',0,0,'Other',30);
INSERT INTO player_stats (player,season_type,team,full_team,avg_ppg,avg_ts_percent,avg_mvp_score,avg_plus_minus,games_played,ppg_rank,scoring_category,games_missed,penalized_games_missed,is_mvp_candidate,mvp_rank) VALUES
	 ('Cam Thomas','Regular Season','BKN','Brooklyn Nets',25.8,0.587,32.30,0.4,5,15,'Top 20 Scorers',0,0,'Other',31),
	 ('D''Angelo Russell','Regular Season','LAL','Los Angeles Lakers',19.4,0.589,31.40,2.4,5,48,'Other',0,0,'Other',32),
	 ('Jrue Holiday','Regular Season','BOS','Boston Celtics',13.0,0.638,31.30,13.8,4,112,'Other',0,0,'Other',34),
	 ('Lauri Markkanen','Regular Season','UTA','Utah Jazz',23.5,0.633,31.30,-0.3,6,22,'Other',0,0,'Other',33),
	 ('Dennis Schroder','Regular Season','TOR','Toronto Raptors',15.7,0.574,31.20,2.3,6,77,'Other',0,0,'Other',35),
	 ('Armoni Brooks','Regular Season','BKN','Brooklyn Nets',17.0,1.214,31.02,30.0,1,66,'Other',4,3,'Other',36),
	 ('Tobias Harris','Regular Season','PHI','Philadelphia 76ers',20.5,0.747,31.00,5.8,4,42,'Other',0,0,'Other',37),
	 ('Alperen Sengun','Regular Season','HOU','Houston Rockets',19.3,0.615,30.60,-1.8,4,49,'Other',0,0,'Other',38),
	 ('Malcolm Brogdon','Regular Season','POR','Portland Trail Blazers',19.2,0.525,30.40,4.2,6,50,'Other',0,0,'Other',39),
	 ('Karl-Anthony Towns','Regular Season','MIN','Minnesota Timberwolves',17.0,0.439,30.40,4.8,4,67,'Other',0,0,'Other',40);
INSERT INTO player_stats (player,season_type,team,full_team,avg_ppg,avg_ts_percent,avg_mvp_score,avg_plus_minus,games_played,ppg_rank,scoring_category,games_missed,penalized_games_missed,is_mvp_candidate,mvp_rank) VALUES
	 ('Chris Paul','Regular Season','GSW','Golden State Warriors',8.0,0.394,30.20,9.5,6,192,'Other',0,0,'Other',41),
	 ('Giannis Antetokounmpo','Regular Season','MIL','Milwaukee Bucks',24.0,0.595,30.20,-0.6,5,20,'Top 20 Scorers',0,0,'Other',42),
	 ('Kyrie Irving','Regular Season','DAL','Dallas Mavericks',20.3,0.509,30.09,-6.0,3,43,'Other',2,1,'Other',43),
	 ('Franz Wagner','Regular Season','ORL','Orlando Magic',18.6,0.527,29.90,6.4,5,56,'Other',0,0,'Other',44),
	 ('Victor Wembanyama','Regular Season','SAS','San Antonio Spurs',20.6,0.589,29.20,2.6,5,39,'Other',0,0,'Other',45),
	 ('Cade Cunningham','Regular Season','DET','Detroit Pistons',22.7,0.513,28.60,-0.5,6,27,'Other',0,0,'Other',47),
	 ('Chet Holmgren','Regular Season','OKC','Oklahoma City Thunder',17.2,0.779,28.60,0.7,6,64,'Other',0,0,'Other',46),
	 ('Terry Rozier','Regular Season','CHA','Charlotte Hornets',22.0,0.527,28.50,-2.8,4,31,'Other',0,0,'Other',48),
	 ('Evan Mobley','Regular Season','CLE','Cleveland Cavaliers',15.2,0.521,28.50,-3.5,6,87,'Other',0,0,'Other',49),
	 ('Kelly Oubre','Regular Season','PHI','Philadelphia 76ers',20.0,0.679,28.40,6.0,4,44,'Other',0,0,'Other',50);
INSERT INTO player_stats (player,season_type,team,full_team,avg_ppg,avg_ts_percent,avg_mvp_score,avg_plus_minus,games_played,ppg_rank,scoring_category,games_missed,penalized_games_missed,is_mvp_candidate,mvp_rank) VALUES
	 ('Caris LeVert','Regular Season','CLE','Cleveland Cavaliers',18.2,0.482,28.00,-0.4,5,57,'Other',1,0,'Other',51),
	 ('Brandon Ingram','Regular Season','NOP','New Orleans Pelicans',22.5,0.571,27.84,1.5,2,28,'Other',3,2,'Other',52),
	 ('Jaren Jackson','Regular Season','MEM','Memphis Grizzlies',20.7,0.600,27.80,-7.3,6,38,'Other',0,0,'Other',53),
	 ('Lonnie Walker','Regular Season','BKN','Brooklyn Nets',15.3,0.629,27.60,10.8,4,83,'Other',1,0,'Other',54),
	 ('Fred VanVleet','Regular Season','HOU','Houston Rockets',17.0,0.518,27.60,-2.8,4,65,'Other',0,0,'Other',57),
	 ('DeMar DeRozan','Regular Season','CHI','Chicago Bulls',22.2,0.530,27.60,-9.7,6,30,'Other',0,0,'Other',56),
	 ('Keegan Murray','Regular Season','SAC','Sacramento Kings',14.5,0.471,27.60,4.3,4,98,'Other',0,0,'Other',55),
	 ('Alec Burks','Regular Season','DET','Detroit Pistons',15.0,0.658,27.34,11.8,4,89,'Other',2,1,'Other',58),
	 ('Trendon Watford','Regular Season','BKN','Brooklyn Nets',11.0,0.799,27.26,19.0,1,135,'Other',4,3,'Other',59),
	 ('Bam Adebayo','Regular Season','MIA','Miami Heat',21.4,0.576,27.10,-0.6,5,35,'Other',1,0,'Other',60);
INSERT INTO player_stats (player,season_type,team,full_team,avg_ppg,avg_ts_percent,avg_mvp_score,avg_plus_minus,games_played,ppg_rank,scoring_category,games_missed,penalized_games_missed,is_mvp_candidate,mvp_rank) VALUES
	 ('Aaron Gordon','Regular Season','DEN','Denver Nuggets',12.8,0.597,26.90,8.8,6,114,'Other',0,0,'Other',61),
	 ('Gordon Hayward','Regular Season','CHA','Charlotte Hornets',15.3,0.581,26.60,-1.5,4,84,'Other',0,0,'Other',62),
	 ('Shaedon Sharpe','Regular Season','POR','Portland Trail Blazers',20.5,0.582,26.50,-1.8,6,41,'Other',0,0,'Other',63),
	 ('Tre Jones','Regular Season','SAS','San Antonio Spurs',9.8,0.659,26.40,9.4,5,156,'Other',0,0,'Other',64),
	 ('LaMelo Ball','Regular Season','CHA','Charlotte Hornets',15.5,0.451,26.40,-4.3,4,79,'Other',0,0,'Other',66),
	 ('Jimmy Butler','Regular Season','MIA','Miami Heat',17.2,0.519,26.40,-2.6,5,63,'Other',1,0,'Other',65),
	 ('Jonas Valanciunas','Regular Season','NOP','New Orleans Pelicans',14.6,0.624,26.00,6.4,5,95,'Other',0,0,'Other',67),
	 ('Myles Turner','Regular Season','IND','Indiana Pacers',17.2,0.604,25.70,-1.8,5,62,'Other',0,0,'Other',68),
	 ('Mikal Bridges','Regular Season','BKN','Brooklyn Nets',20.6,0.608,25.60,-4.8,5,40,'Other',0,0,'Other',69),
	 ('Jalen Johnson','Regular Season','ATL','Atlanta Hawks',13.2,0.668,25.50,10.0,5,109,'Other',0,0,'Other',72);
INSERT INTO player_stats (player,season_type,team,full_team,avg_ppg,avg_ts_percent,avg_mvp_score,avg_plus_minus,games_played,ppg_rank,scoring_category,games_missed,penalized_games_missed,is_mvp_candidate,mvp_rank) VALUES
	 ('OG Anunoby','Regular Season','TOR','Toronto Raptors',14.6,0.673,25.50,11.0,5,96,'Other',1,0,'Other',71),
	 ('Damian Lillard','Regular Season','MIL','Milwaukee Bucks',23.0,0.634,25.50,-7.8,5,24,'Other',0,0,'Other',70),
	 ('Zach LaVine','Regular Season','CHI','Chicago Bulls',24.0,0.542,25.30,-4.3,6,21,'Other',0,0,'Other',73),
	 ('Zion Williamson','Regular Season','NOP','New Orleans Pelicans',21.5,0.532,25.30,-5.3,4,34,'Other',1,0,'Other',74),
	 ('Pascal Siakam','Regular Season','TOR','Toronto Raptors',16.7,0.541,25.30,1.0,6,69,'Other',0,0,'Other',75),
	 ('Deandre Ayton','Regular Season','POR','Portland Trail Blazers',11.2,0.617,25.30,1.3,6,134,'Other',0,0,'Other',76),
	 ('RJ Barrett','Regular Season','NYK','New York Knicks',21.0,0.573,25.28,2.8,4,37,'Other',2,1,'Other',77),
	 ('Rudy Gobert','Regular Season','MIN','Minnesota Timberwolves',11.8,0.537,25.00,1.3,4,126,'Other',0,0,'Other',78),
	 ('De''Andre Hunter','Regular Season','ATL','Atlanta Hawks',18.0,0.683,24.90,2.0,5,58,'Other',0,0,'Other',79),
	 ('Paolo Banchero','Regular Season','ORL','Orlando Magic',16.0,0.526,24.50,-3.4,5,72,'Other',0,0,'Other',80);
INSERT INTO player_stats (player,season_type,team,full_team,avg_ppg,avg_ts_percent,avg_mvp_score,avg_plus_minus,games_played,ppg_rank,scoring_category,games_missed,penalized_games_missed,is_mvp_candidate,mvp_rank) VALUES
	 ('Jalen Duren','Regular Season','DET','Detroit Pistons',14.8,0.687,24.40,-2.4,5,92,'Other',1,0,'Other',81),
	 ('Mike Conley','Regular Season','MIN','Minnesota Timberwolves',12.0,0.634,24.40,5.5,4,122,'Other',0,0,'Other',82),
	 ('Jalen Williams','Regular Season','OKC','Oklahoma City Thunder',16.3,0.583,24.20,-0.2,6,70,'Other',0,0,'Other',83),
	 ('Julius Randle','Regular Season','NYK','New York Knicks',13.7,0.370,24.00,-1.3,6,102,'Other',0,0,'Other',84),
	 ('Keldon Johnson','Regular Season','SAS','San Antonio Spurs',15.2,0.515,23.90,-3.4,5,85,'Other',0,0,'Other',85),
	 ('Devin Vassell','Regular Season','SAS','San Antonio Spurs',19.4,0.644,23.50,-1.8,5,47,'Other',0,0,'Other',86),
	 ('Michael Porter','Regular Season','DEN','Denver Nuggets',13.0,0.543,23.50,4.7,6,110,'Other',0,0,'Other',87),
	 ('Ivica Zubac','Regular Season','LAC','Los Angeles Clippers',11.6,0.624,23.50,12.4,5,128,'Other',0,0,'Other',88),
	 ('Klay Thompson','Regular Season','GSW','Golden State Warriors',16.8,0.607,23.20,4.2,5,68,'Other',1,0,'Other',89),
	 ('Bogdan Bogdanovic','Regular Season','ATL','Atlanta Hawks',12.0,0.580,23.10,5.8,5,120,'Other',0,0,'Other',90);
INSERT INTO player_stats (player,season_type,team,full_team,avg_ppg,avg_ts_percent,avg_mvp_score,avg_plus_minus,games_played,ppg_rank,scoring_category,games_missed,penalized_games_missed,is_mvp_candidate,mvp_rank) VALUES
	 ('Tim Hardaway','Regular Season','DAL','Dallas Mavericks',18.0,0.610,22.80,1.8,5,60,'Other',0,0,'Other',91),
	 ('Max Strus','Regular Season','CLE','Cleveland Cavaliers',13.5,0.486,22.80,1.7,6,104,'Other',0,0,'Other',92),
	 ('Nikola Vucevic','Regular Season','CHI','Chicago Bulls',15.3,0.524,22.50,-4.7,6,82,'Other',0,0,'Other',93),
	 ('De''Anthony Melton','Regular Season','PHI','Philadelphia 76ers',7.0,0.399,22.40,8.3,4,215,'Other',0,0,'Other',94),
	 ('Kyle Kuzma','Regular Season','WAS','Washington Wizards',22.8,0.558,22.30,-14.2,5,26,'Other',0,0,'Other',95),
	 ('Malik Monk','Regular Season','SAC','Sacramento Kings',14.3,0.603,22.00,1.8,4,100,'Other',0,0,'Other',96),
	 ('Markelle Fultz','Regular Season','ORL','Orlando Magic',11.0,0.495,21.80,1.8,4,137,'Other',1,0,'Other',97),
	 ('Spencer Dinwiddie','Regular Season','BKN','Brooklyn Nets',10.8,0.619,21.60,5.8,4,142,'Other',1,0,'Other',98),
	 ('Saddiq Bey','Regular Season','ATL','Atlanta Hawks',11.6,0.647,21.50,8.4,5,129,'Other',0,0,'Other',101),
	 ('P.J. Washington','Regular Season','CHA','Charlotte Hornets',19.0,0.636,21.50,-5.3,4,53,'Other',0,0,'Other',99);
INSERT INTO player_stats (player,season_type,team,full_team,avg_ppg,avg_ts_percent,avg_mvp_score,avg_plus_minus,games_played,ppg_rank,scoring_category,games_missed,penalized_games_missed,is_mvp_candidate,mvp_rank) VALUES
	 ('Naz Reid','Regular Season','MIN','Minnesota Timberwolves',16.0,0.688,21.50,3.5,4,73,'Other',0,0,'Other',100),
	 ('Onyeka Okongwu','Regular Season','ATL','Atlanta Hawks',10.6,0.763,21.30,7.0,5,143,'Other',0,0,'Other',102),
	 ('Jerami Grant','Regular Season','POR','Portland Trail Blazers',19.5,0.500,21.10,-2.8,6,46,'Other',0,0,'Other',104),
	 ('Herbert Jones','Regular Season','NOP','New Orleans Pelicans',10.6,0.630,21.10,1.2,5,144,'Other',0,0,'Other',103),
	 ('Buddy Hield','Regular Season','IND','Indiana Pacers',11.2,0.560,21.00,3.8,5,131,'Other',0,0,'Other',105),
	 ('Harrison Barnes','Regular Season','SAC','Sacramento Kings',16.3,0.736,21.00,-0.3,4,71,'Other',0,0,'Other',106),
	 ('Jalen Green','Regular Season','HOU','Houston Rockets',19.0,0.511,20.90,-3.8,4,51,'Other',0,0,'Other',107),
	 ('Jusuf Nurkic','Regular Season','PHX','Phoenix Suns',9.4,0.552,20.90,-0.2,5,168,'Other',0,0,'Other',108),
	 ('Talen Horton-Tucker','Regular Season','UTA','Utah Jazz',10.3,0.491,20.60,-1.2,6,149,'Other',0,0,'Other',109),
	 ('John Collins','Regular Season','UTA','Utah Jazz',15.0,0.582,20.60,-4.2,6,88,'Other',0,0,'Other',110);
INSERT INTO player_stats (player,season_type,team,full_team,avg_ppg,avg_ts_percent,avg_mvp_score,avg_plus_minus,games_played,ppg_rank,scoring_category,games_missed,penalized_games_missed,is_mvp_candidate,mvp_rank) VALUES
	 ('Christian Wood','Regular Season','LAL','Los Angeles Lakers',8.8,0.694,20.40,12.6,5,172,'Other',0,0,'Other',111),
	 ('Cole Anthony','Regular Season','ORL','Orlando Magic',15.6,0.591,20.20,-5.2,5,78,'Other',0,0,'Other',112),
	 ('Ben Simmons','Regular Season','BKN','Brooklyn Nets',7.4,0.532,20.10,-4.2,5,204,'Other',0,0,'Other',114),
	 ('Josh Giddey','Regular Season','OKC','Oklahoma City Thunder',13.5,0.460,20.10,-0.5,6,105,'Other',0,0,'Other',113),
	 ('Eric Gordon','Regular Season','PHX','Phoenix Suns',14.6,0.558,20.00,1.6,5,97,'Other',0,0,'Other',115),
	 ('Jabari Smith','Regular Season','HOU','Houston Rockets',12.8,0.514,19.90,-0.8,4,116,'Other',0,0,'Other',116),
	 ('Ausar Thompson','Regular Season','DET','Detroit Pistons',11.0,0.432,19.90,-6.0,6,138,'Other',0,0,'Other',117),
	 ('Draymond Green','Regular Season','GSW','Golden State Warriors',9.5,0.567,19.89,0.5,4,165,'Other',2,1,'Other',118),
	 ('Grant Williams','Regular Season','DAL','Dallas Mavericks',15.0,0.739,19.70,1.6,5,90,'Other',0,0,'Other',120),
	 ('Kentavious Caldwell-Pope','Regular Season','DEN','Denver Nuggets',9.5,0.631,19.70,7.2,6,163,'Other',0,0,'Other',119);
INSERT INTO player_stats (player,season_type,team,full_team,avg_ppg,avg_ts_percent,avg_mvp_score,avg_plus_minus,games_played,ppg_rank,scoring_category,games_missed,penalized_games_missed,is_mvp_candidate,mvp_rank) VALUES
	 ('Immanuel Quickley','Regular Season','NYK','New York Knicks',15.8,0.589,19.50,-1.8,6,74,'Other',0,0,'Other',121),
	 ('Dillon Brooks','Regular Season','HOU','Houston Rockets',15.8,0.741,19.40,-3.0,4,75,'Other',0,0,'Other',124),
	 ('Luguentz Dort','Regular Season','OKC','Oklahoma City Thunder',14.7,0.721,19.40,-1.2,6,94,'Other',0,0,'Other',125),
	 ('Clint Capela','Regular Season','ATL','Atlanta Hawks',10.4,0.562,19.40,0.0,5,147,'Other',0,0,'Other',122),
	 ('Zach Collins','Regular Season','SAS','San Antonio Spurs',13.0,0.565,19.40,-5.6,5,111,'Other',0,0,'Other',123),
	 ('Kyle Anderson','Regular Season','MIN','Minnesota Timberwolves',8.0,0.576,19.30,3.3,4,190,'Other',0,0,'Other',126),
	 ('Jalen Suggs','Regular Season','ORL','Orlando Magic',10.2,0.502,19.20,0.4,5,151,'Other',0,0,'Other',127),
	 ('T.J. McConnell','Regular Season','IND','Indiana Pacers',10.0,0.689,19.11,-2.3,3,152,'Other',2,1,'Other',128),
	 ('Jalen Smith','Regular Season','IND','Indiana Pacers',11.8,0.802,19.00,5.3,4,125,'Other',1,0,'Other',129),
	 ('Dario Saric','Regular Season','GSW','Golden State Warriors',9.5,0.564,18.90,4.5,6,164,'Other',0,0,'Other',131);
INSERT INTO player_stats (player,season_type,team,full_team,avg_ppg,avg_ts_percent,avg_mvp_score,avg_plus_minus,games_played,ppg_rank,scoring_category,games_missed,penalized_games_missed,is_mvp_candidate,mvp_rank) VALUES
	 ('Marcus Smart','Regular Season','MEM','Memphis Grizzlies',14.7,0.573,18.90,-10.8,6,93,'Other',0,0,'Other',130),
	 ('Bones Hyland','Regular Season','LAC','Los Angeles Clippers',13.6,0.589,18.80,4.2,5,103,'Other',0,0,'Other',132),
	 ('Jordan Clarkson','Regular Season','UTA','Utah Jazz',14.8,0.481,18.80,-3.5,6,91,'Other',0,0,'Other',133),
	 ('Gary Payton','Regular Season','GSW','Golden State Warriors',7.7,0.593,18.70,9.3,6,196,'Other',0,0,'Other',134),
	 ('Darius Garland','Regular Season','CLE','Cleveland Cavaliers',14.5,0.566,18.61,-2.0,2,99,'Other',4,3,'Other',135),
	 ('Cameron Johnson','Regular Season','BKN','Brooklyn Nets',12.0,0.551,18.33,-1.0,1,119,'Other',4,3,'Other',136),
	 ('Kelly Olynyk','Regular Season','UTA','Utah Jazz',8.3,0.785,18.30,2.2,6,182,'Other',0,0,'Other',138),
	 ('Dereck Lively','Regular Season','DAL','Dallas Mavericks',7.6,0.732,18.30,4.8,5,199,'Other',0,0,'Other',139),
	 ('Christian Braun','Regular Season','DEN','Denver Nuggets',8.2,0.541,18.30,4.7,6,185,'Other',0,0,'Other',137),
	 ('Aaron Nesmith','Regular Season','IND','Indiana Pacers',12.0,0.640,18.10,1.4,5,118,'Other',0,0,'Other',140);
INSERT INTO player_stats (player,season_type,team,full_team,avg_ppg,avg_ts_percent,avg_mvp_score,avg_plus_minus,games_played,ppg_rank,scoring_category,games_missed,penalized_games_missed,is_mvp_candidate,mvp_rank) VALUES
	 ('Kevon Looney','Regular Season','GSW','Golden State Warriors',6.3,0.653,18.10,2.0,6,230,'Other',0,0,'Other',141),
	 ('Isaiah Stewart','Regular Season','DET','Detroit Pistons',13.0,0.593,18.00,1.3,6,113,'Other',0,0,'Other',142),
	 ('Brandon Miller','Regular Season','CHA','Charlotte Hornets',15.5,0.593,17.90,-6.3,4,80,'Other',0,0,'Other',143),
	 ('Killian Hayes','Regular Season','DET','Detroit Pistons',7.0,0.381,17.90,0.3,6,218,'Other',0,0,'Other',145),
	 ('Kevin Huerter','Regular Season','SAC','Sacramento Kings',7.5,0.387,17.90,4.3,4,202,'Other',0,0,'Other',144),
	 ('Josh Green','Regular Season','DAL','Dallas Mavericks',9.2,0.584,17.80,6.8,5,169,'Other',0,0,'Other',146),
	 ('Mark Williams','Regular Season','CHA','Charlotte Hornets',10.5,0.782,17.80,-1.5,4,145,'Other',0,0,'Other',147),
	 ('Marvin Bagley','Regular Season','DET','Detroit Pistons',10.3,0.622,17.70,5.3,6,148,'Other',0,0,'Other',148),
	 ('Jaden McDaniels','Regular Season','MIN','Minnesota Timberwolves',9.0,0.818,17.44,5.5,2,171,'Other',2,1,'Other',149),
	 ('Norman Powell','Regular Season','LAC','Los Angeles Clippers',14.0,0.629,17.40,-1.8,5,101,'Other',0,0,'Other',150);
INSERT INTO player_stats (player,season_type,team,full_team,avg_ppg,avg_ts_percent,avg_mvp_score,avg_plus_minus,games_played,ppg_rank,scoring_category,games_missed,penalized_games_missed,is_mvp_candidate,mvp_rank) VALUES
	 ('Jakob Poeltl','Regular Season','TOR','Toronto Raptors',9.7,0.661,17.20,2.8,6,157,'Other',0,0,'Other',152),
	 ('Reggie Jackson','Regular Season','DEN','Denver Nuggets',7.2,0.474,17.20,5.0,6,211,'Other',0,0,'Other',151),
	 ('Jordan Poole','Regular Season','WAS','Washington Wizards',17.6,0.511,17.00,-14.2,5,61,'Other',0,0,'Other',154),
	 ('Deni Avdija','Regular Season','WAS','Washington Wizards',13.2,0.622,17.00,-8.6,5,108,'Other',0,0,'Other',153),
	 ('Grayson Allen','Regular Season','PHX','Phoenix Suns',11.6,0.665,16.90,-1.2,5,130,'Other',0,0,'Other',155),
	 ('Jonathan Kuminga','Regular Season','GSW','Golden State Warriors',12.8,0.551,16.90,4.6,5,115,'Other',1,0,'Other',156),
	 ('Dorian Finney-Smith','Regular Season','BKN','Brooklyn Nets',15.4,0.722,16.70,-6.2,5,81,'Other',0,0,'Other',158),
	 ('Moses Moody','Regular Season','GSW','Golden State Warriors',8.0,0.630,16.70,5.5,6,191,'Other',0,0,'Other',157),
	 ('Khris Middleton','Regular Season','MIL','Milwaukee Bucks',8.5,0.523,16.50,3.3,4,174,'Other',1,0,'Other',160),
	 ('Bobby Portis','Regular Season','MIL','Milwaukee Bucks',10.4,0.505,16.50,-1.2,5,146,'Other',0,0,'Other',159);
INSERT INTO player_stats (player,season_type,team,full_team,avg_ppg,avg_ts_percent,avg_mvp_score,avg_plus_minus,games_played,ppg_rank,scoring_category,games_missed,penalized_games_missed,is_mvp_candidate,mvp_rank) VALUES
	 ('Ryan Rollins','Regular Season','WAS','Washington Wizards',5.3,0.597,16.40,11.3,4,259,'Other',1,0,'Other',161),
	 ('Xavier Tillman','Regular Season','MEM','Memphis Grizzlies',8.3,0.410,16.40,-5.0,6,183,'Other',0,0,'Other',163),
	 ('Mitchell Robinson','Regular Season','NYK','New York Knicks',5.2,0.441,16.40,0.3,6,262,'Other',0,0,'Other',162),
	 ('Bruce Brown','Regular Season','IND','Indiana Pacers',13.4,0.623,16.10,-2.8,5,107,'Other',0,0,'Other',164),
	 ('Jarrett Allen','Regular Season','CLE','Cleveland Cavaliers',10.0,0.683,16.10,-1.0,1,153,'Other',5,4,'Other',167),
	 ('Payton Pritchard','Regular Season','BOS','Boston Celtics',5.5,0.452,16.10,7.5,4,253,'Other',0,0,'Other',165),
	 ('Royce O''Neale','Regular Season','BKN','Brooklyn Nets',7.8,0.500,16.10,-1.8,5,194,'Other',0,0,'Other',166),
	 ('Wendell Carter','Regular Season','ORL','Orlando Magic',9.4,0.459,15.90,0.4,5,166,'Other',0,0,'Other',168),
	 ('Josh Okogie','Regular Season','PHX','Phoenix Suns',9.0,0.638,15.70,4.6,5,170,'Other',0,0,'Other',170),
	 ('Drew Eubanks','Regular Season','PHX','Phoenix Suns',6.8,0.608,15.70,2.8,5,221,'Other',0,0,'Other',169);
INSERT INTO player_stats (player,season_type,team,full_team,avg_ppg,avg_ts_percent,avg_mvp_score,avg_plus_minus,games_played,ppg_rank,scoring_category,games_missed,penalized_games_missed,is_mvp_candidate,mvp_rank) VALUES
	 ('Kevin Love','Regular Season','MIA','Miami Heat',8.3,0.526,15.65,2.7,3,180,'Other',3,2,'Other',171),
	 ('Nikola Jovic','Regular Season','MIA','Miami Heat',6.5,0.732,15.51,7.5,2,225,'Other',4,3,'Other',172),
	 ('Nic Claxton','Regular Season','BKN','Brooklyn Nets',7.0,0.335,15.51,-12.0,1,217,'Other',4,3,'Other',173),
	 ('Coby White','Regular Season','CHI','Chicago Bulls',11.2,0.449,15.30,-2.8,6,133,'Other',0,0,'Other',175),
	 ('Robert Covington','Regular Season','PHI','Philadelphia 76ers',2.3,0.455,15.30,10.8,4,340,'Other',0,0,'Other',174),
	 ('Brandin Podziemski','Regular Season','GSW','Golden State Warriors',5.0,0.425,15.18,15.0,1,265,'Other',5,4,'Other',176),
	 ('Otto Porter','Regular Season','TOR','Toronto Raptors',6.0,0.750,15.18,11.0,1,244,'Other',5,4,'Other',177),
	 ('Matt Ryan','Regular Season','NOP','New Orleans Pelicans',9.8,0.621,15.10,4.8,5,155,'Other',0,0,'Other',178),
	 ('Trayce Jackson-Davis','Regular Season','GSW','Golden State Warriors',6.5,0.604,15.04,9.0,2,227,'Other',4,3,'Other',179),
	 ('Brook Lopez','Regular Season','MIL','Milwaukee Bucks',11.2,0.528,14.70,-8.4,5,132,'Other',0,0,'Other',180);
INSERT INTO player_stats (player,season_type,team,full_team,avg_ppg,avg_ts_percent,avg_mvp_score,avg_plus_minus,games_played,ppg_rank,scoring_category,games_missed,penalized_games_missed,is_mvp_candidate,mvp_rank) VALUES
	 ('Alex Caruso','Regular Season','CHI','Chicago Bulls',6.3,0.601,14.60,-2.3,6,229,'Other',0,0,'Other',181),
	 ('Gabe Vincent','Regular Season','LAL','Los Angeles Lakers',6.0,0.416,14.50,2.5,4,241,'Other',1,0,'Other',182),
	 ('Jeremy Sochan','Regular Season','SAS','San Antonio Spurs',9.8,0.493,14.40,-11.0,5,154,'Other',0,0,'Other',183),
	 ('Isaac Okoro','Regular Season','CLE','Cleveland Cavaliers',9.5,0.585,14.30,-5.5,6,160,'Other',0,0,'Other',185),
	 ('Jaden Ivey','Regular Season','DET','Detroit Pistons',11.8,0.609,14.30,-4.3,6,123,'Other',0,0,'Other',184),
	 ('Anfernee Simons','Regular Season','POR','Portland Trail Blazers',18.0,0.571,14.26,-27.0,1,59,'Other',5,4,'Other',186),
	 ('Kyle Lowry','Regular Season','MIA','Miami Heat',5.5,0.569,14.20,-3.2,6,250,'Other',0,0,'Other',187),
	 ('Jordan Hawkins','Regular Season','NOP','New Orleans Pelicans',8.4,0.418,14.10,2.0,5,176,'Other',0,0,'Other',189),
	 ('Dyson Daniels','Regular Season','NOP','New Orleans Pelicans',6.6,0.453,14.10,-1.0,5,224,'Other',0,0,'Other',190),
	 ('Andrew Nembhard','Regular Season','IND','Indiana Pacers',8.4,0.469,14.10,0.4,5,179,'Other',0,0,'Other',188);
INSERT INTO player_stats (player,season_type,team,full_team,avg_ppg,avg_ts_percent,avg_mvp_score,avg_plus_minus,games_played,ppg_rank,scoring_category,games_missed,penalized_games_missed,is_mvp_candidate,mvp_rank) VALUES
	 ('Furkan Korkmaz','Regular Season','PHI','Philadelphia 76ers',7.0,0.751,14.01,9.5,2,214,'Other',2,1,'Other',191),
	 ('Collin Sexton','Regular Season','UTA','Utah Jazz',13.5,0.592,13.90,-2.3,6,106,'Other',0,0,'Other',193),
	 ('Jordan Goodwin','Regular Season','PHX','Phoenix Suns',7.4,0.441,13.90,0.6,5,205,'Other',0,0,'Other',195),
	 ('Isaiah Joe','Regular Season','OKC','Oklahoma City Thunder',9.7,0.578,13.90,2.8,6,158,'Other',0,0,'Other',194),
	 ('Cedi Osman','Regular Season','SAS','San Antonio Spurs',12.0,0.744,13.90,-3.4,5,121,'Other',0,0,'Other',192),
	 ('Eugene Omoruyi','Regular Season','WAS','Washington Wizards',7.3,0.778,13.80,6.8,4,209,'Other',1,0,'Other',196),
	 ('Toumani Camara','Regular Season','POR','Portland Trail Blazers',6.0,0.398,13.70,3.7,6,237,'Other',0,0,'Other',197),
	 ('Anthony Gill','Regular Season','WAS','Washington Wizards',4.3,0.674,13.43,14.7,3,289,'Other',2,1,'Other',198),
	 ('Sam Hauser','Regular Season','BOS','Boston Celtics',7.0,0.586,13.40,6.0,4,216,'Other',0,0,'Other',199),
	 ('Moritz Wagner','Regular Season','ORL','Orlando Magic',9.4,0.728,13.20,0.6,5,167,'Other',0,0,'Other',201);
INSERT INTO player_stats (player,season_type,team,full_team,avg_ppg,avg_ts_percent,avg_mvp_score,avg_plus_minus,games_played,ppg_rank,scoring_category,games_missed,penalized_games_missed,is_mvp_candidate,mvp_rank) VALUES
	 ('Jae Crowder','Regular Season','MIL','Milwaukee Bucks',8.4,0.695,13.20,-5.8,5,178,'Other',0,0,'Other',200),
	 ('Gary Harris','Regular Season','ORL','Orlando Magic',8.0,0.732,13.20,4.0,5,187,'Other',0,0,'Other',202),
	 ('Orlando Robinson','Regular Season','MIA','Miami Heat',5.5,0.557,13.16,3.0,2,251,'Other',4,3,'Other',203),
	 ('Patrick Beverley','Regular Season','PHI','Philadelphia 76ers',2.5,0.417,13.10,8.5,4,336,'Other',0,0,'Other',204),
	 ('Marcus Sasser','Regular Season','DET','Detroit Pistons',7.2,0.771,13.00,-1.2,6,212,'Other',0,0,'Other',205),
	 ('Derrick Jones','Regular Season','DAL','Dallas Mavericks',10.2,0.645,12.90,1.4,5,150,'Other',0,0,'Other',206),
	 ('Bennedict Mathurin','Regular Season','IND','Indiana Pacers',11.8,0.517,12.80,-6.4,5,124,'Other',0,0,'Other',207),
	 ('Johnny Davis','Regular Season','WAS','Washington Wizards',7.7,0.705,12.74,6.0,3,197,'Other',2,1,'Other',208),
	 ('Day''Ron Sharpe','Regular Season','BKN','Brooklyn Nets',5.6,0.647,12.70,6.4,5,248,'Other',0,0,'Other',209),
	 ('Robert Williams','Regular Season','POR','Portland Trail Blazers',7.2,0.679,12.60,-6.8,5,210,'Other',1,0,'Other',211);
INSERT INTO player_stats (player,season_type,team,full_team,avg_ppg,avg_ts_percent,avg_mvp_score,avg_plus_minus,games_played,ppg_rank,scoring_category,games_missed,penalized_games_missed,is_mvp_candidate,mvp_rank) VALUES
	 ('Tyus Jones','Regular Season','WAS','Washington Wizards',10.8,0.608,12.60,-16.0,5,141,'Other',0,0,'Other',210),
	 ('Delon Wright','Regular Season','WAS','Washington Wizards',2.8,0.330,12.40,-4.8,5,330,'Other',0,0,'Other',212),
	 ('Josh Hart','Regular Season','NYK','New York Knicks',6.0,0.411,12.20,-2.5,6,236,'Other',0,0,'Other',213),
	 ('Quentin Grimes','Regular Season','NYK','New York Knicks',8.2,0.551,12.20,1.3,6,186,'Other',0,0,'Other',214),
	 ('Duncan Robinson','Regular Season','MIA','Miami Heat',11.7,0.603,12.00,-6.0,6,127,'Other',0,0,'Other',215),
	 ('Vince Williams','Regular Season','MEM','Memphis Grizzlies',4.0,0.570,11.81,8.0,3,295,'Other',3,2,'Other',216),
	 ('John Konchar','Regular Season','MEM','Memphis Grizzlies',3.8,0.594,11.80,1.2,5,311,'Other',1,0,'Other',217),
	 ('Austin Reaves','Regular Season','LAL','Los Angeles Lakers',11.0,0.443,11.70,-11.2,5,139,'Other',0,0,'Other',218),
	 ('Al Horford','Regular Season','BOS','Boston Celtics',5.3,0.459,11.60,2.8,4,258,'Other',0,0,'Other',219),
	 ('Bilal Coulibaly','Regular Season','WAS','Washington Wizards',5.2,0.452,11.50,0.8,5,261,'Other',0,0,'Other',221);
INSERT INTO player_stats (player,season_type,team,full_team,avg_ppg,avg_ts_percent,avg_mvp_score,avg_plus_minus,games_played,ppg_rank,scoring_category,games_missed,penalized_games_missed,is_mvp_candidate,mvp_rank) VALUES
	 ('Aleksandar Vezenkov','Regular Season','SAC','Sacramento Kings',7.8,0.545,11.50,1.5,4,195,'Other',0,0,'Other',220),
	 ('Cason Wallace','Regular Season','OKC','Oklahoma City Thunder',8.3,0.873,11.20,-0.2,6,181,'Other',0,0,'Other',222),
	 ('Gary Trent','Regular Season','TOR','Toronto Raptors',9.5,0.398,11.20,-4.3,6,162,'Other',0,0,'Other',223),
	 ('Jaime Jaquez','Regular Season','MIA','Miami Heat',5.3,0.493,11.10,0.7,6,254,'Other',0,0,'Other',224),
	 ('JaVale McGee','Regular Season','SAC','Sacramento Kings',6.3,0.615,11.10,5.3,4,231,'Other',0,0,'Other',225),
	 ('Jonathan Isaac','Regular Season','ORL','Orlando Magic',4.3,0.507,11.00,3.5,4,290,'Other',1,0,'Other',226),
	 ('Anthony Black','Regular Season','ORL','Orlando Magic',4.7,0.902,10.98,4.7,3,281,'Other',2,1,'Other',227),
	 ('Andrew Wiggins','Regular Season','GSW','Golden State Warriors',12.3,0.502,10.90,-5.5,6,117,'Other',0,0,'Other',228),
	 ('Donte DiVincenzo','Regular Season','NYK','New York Knicks',7.2,0.477,10.80,-1.3,6,213,'Other',0,0,'Other',229),
	 ('Svi Mykhailiuk','Regular Season','BOS','Boston Celtics',4.0,0.500,10.78,9.0,2,296,'Other',2,1,'Other',230);
INSERT INTO player_stats (player,season_type,team,full_team,avg_ppg,avg_ts_percent,avg_mvp_score,avg_plus_minus,games_played,ppg_rank,scoring_category,games_missed,penalized_games_missed,is_mvp_candidate,mvp_rank) VALUES
	 ('Jaden Hardy','Regular Season','DAL','Dallas Mavericks',7.0,0.528,10.58,2.3,3,219,'Other',2,1,'Other',231),
	 ('Josh Richardson','Regular Season','MIA','Miami Heat',6.7,0.429,10.56,-3.7,3,223,'Other',3,2,'Other',232),
	 ('Theo Maledon','Regular Season','CHA','Charlotte Hornets',6.0,0.438,10.40,-1.5,4,240,'Other',0,0,'Other',233),
	 ('Haywood Highsmith','Regular Season','MIA','Miami Heat',8.5,0.944,10.34,0.5,2,175,'Other',4,3,'Other',235),
	 ('Dereon Seabron','Regular Season','NOP','New Orleans Pelicans',2.0,0.347,10.34,15.0,1,344,'Other',4,3,'Other',234),
	 ('Keyonte George','Regular Season','UTA','Utah Jazz',7.7,0.554,10.30,-4.5,6,198,'Other',0,0,'Other',236),
	 ('Nicolas Batum','Regular Season','LAC','Los Angeles Clippers',2.7,0.500,10.29,0.0,3,332,'Other',2,1,'Other',237),
	 ('David Roddy','Regular Season','MEM','Memphis Grizzlies',9.5,0.566,10.20,-7.2,6,161,'Other',0,0,'Other',238),
	 ('Ziaire Williams','Regular Season','MEM','Memphis Grizzlies',10.8,0.581,10.20,-9.7,6,140,'Other',0,0,'Other',239),
	 ('Isaiah Hartenstein','Regular Season','NYK','New York Knicks',6.0,0.606,10.10,-2.0,6,242,'Other',0,0,'Other',241);
INSERT INTO player_stats (player,season_type,team,full_team,avg_ppg,avg_ts_percent,avg_mvp_score,avg_plus_minus,games_played,ppg_rank,scoring_category,games_missed,penalized_games_missed,is_mvp_candidate,mvp_rank) VALUES
	 ('Malaki Branham','Regular Season','SAS','San Antonio Spurs',6.2,0.379,10.10,0.4,5,234,'Other',0,0,'Other',240),
	 ('Peyton Watson','Regular Season','DEN','Denver Nuggets',6.8,0.648,10.10,-2.0,6,220,'Other',0,0,'Other',243),
	 ('MarJon Beauchamp','Regular Season','MIL','Milwaukee Bucks',8.3,0.774,10.10,1.3,4,184,'Other',1,0,'Other',242),
	 ('Chris Boucher','Regular Season','TOR','Toronto Raptors',6.2,0.550,10.00,0.4,5,233,'Other',1,0,'Other',244),
	 ('Andre Drummond','Regular Season','CHI','Chicago Bulls',6.0,0.571,10.00,-1.7,6,243,'Other',0,0,'Other',245),
	 ('Derrick Rose','Regular Season','MEM','Memphis Grizzlies',8.0,0.413,9.70,-5.0,4,188,'Other',2,1,'Other',246),
	 ('Jaylin Williams','Regular Season','OKC','Oklahoma City Thunder',6.0,0.510,9.66,-2.0,1,239,'Other',5,4,'Other',247),
	 ('Davis Bertans','Regular Season','OKC','Oklahoma City Thunder',6.0,0.904,9.66,8.0,1,238,'Other',5,4,'Other',248),
	 ('Corey Kispert','Regular Season','WAS','Washington Wizards',11.0,0.576,9.50,-4.0,4,136,'Other',1,0,'Other',249),
	 ('Malik Beasley','Regular Season','MIL','Milwaukee Bucks',9.6,0.621,9.50,-11.6,5,159,'Other',0,0,'Other',250);
INSERT INTO player_stats (player,season_type,team,full_team,avg_ppg,avg_ts_percent,avg_mvp_score,avg_plus_minus,games_played,ppg_rank,scoring_category,games_missed,penalized_games_missed,is_mvp_candidate,mvp_rank) VALUES
	 ('Keita Bates-Diop','Regular Season','PHX','Phoenix Suns',7.5,0.697,9.41,1.5,2,203,'Other',3,2,'Other',251),
	 ('Shake Milton','Regular Season','MIN','Minnesota Timberwolves',4.5,0.405,9.40,2.8,4,286,'Other',0,0,'Other',255),
	 ('Torrey Craig','Regular Season','CHI','Chicago Bulls',5.3,0.552,9.40,-3.0,6,256,'Other',0,0,'Other',254),
	 ('Danilo Gallinari','Regular Season','WAS','Washington Wizards',7.6,0.637,9.40,-3.0,5,200,'Other',0,0,'Other',253),
	 ('Walker Kessler','Regular Season','UTA','Utah Jazz',7.8,0.601,9.40,-8.3,6,193,'Other',0,0,'Other',252),
	 ('Jacob Gilyard','Regular Season','MEM','Memphis Grizzlies',1.0,0.500,9.31,7.0,3,376,'Other',3,2,'Other',256),
	 ('Ayo Dosunmu','Regular Season','CHI','Chicago Bulls',5.0,0.595,9.30,2.6,5,266,'Other',1,0,'Other',258),
	 ('Dennis Smith','Regular Season','BKN','Brooklyn Nets',5.0,0.457,9.30,3.3,4,267,'Other',1,0,'Other',259),
	 ('Jae''Sean Tate','Regular Season','HOU','Houston Rockets',4.5,0.523,9.30,-6.5,4,284,'Other',0,0,'Other',257),
	 ('Patrick Williams','Regular Season','CHI','Chicago Bulls',5.0,0.407,9.20,-1.8,6,268,'Other',0,0,'Other',260);
INSERT INTO player_stats (player,season_type,team,full_team,avg_ppg,avg_ts_percent,avg_mvp_score,avg_plus_minus,games_played,ppg_rank,scoring_category,games_missed,penalized_games_missed,is_mvp_candidate,mvp_rank) VALUES
	 ('Dwight Powell','Regular Season','DAL','Dallas Mavericks',5.5,0.821,9.10,-0.8,4,249,'Other',1,0,'Other',261),
	 ('Obi Toppin','Regular Season','IND','Indiana Pacers',7.6,0.572,9.00,-6.2,5,201,'Other',0,0,'Other',262),
	 ('Chris Livingston','Regular Season','MIL','Milwaukee Bucks',5.0,1.250,8.93,6.0,1,264,'Other',4,3,'Other',263),
	 ('Daniel Gafford','Regular Season','WAS','Washington Wizards',6.7,0.786,8.82,-8.3,3,222,'Other',2,1,'Other',264),
	 ('Jabari Walker','Regular Season','POR','Portland Trail Blazers',5.3,0.587,8.70,1.0,6,257,'Other',0,0,'Other',265),
	 ('Rui Hachimura','Regular Season','LAL','Los Angeles Lakers',8.0,0.555,8.62,-4.0,3,189,'Other',2,1,'Other',267),
	 ('A.J. Green','Regular Season','MIL','Milwaukee Bucks',3.0,0.605,8.62,8.0,3,326,'Other',2,1,'Other',266),
	 ('Maxi Kleber','Regular Season','DAL','Dallas Mavericks',3.3,0.385,8.60,1.0,4,324,'Other',1,0,'Other',270),
	 ('Chris Duarte','Regular Season','SAC','Sacramento Kings',4.8,0.448,8.60,1.3,4,279,'Other',0,0,'Other',269),
	 ('Yuta Watanabe','Regular Season','PHX','Phoenix Suns',6.4,0.556,8.60,-2.2,5,228,'Other',0,0,'Other',268);
INSERT INTO player_stats (player,season_type,team,full_team,avg_ppg,avg_ts_percent,avg_mvp_score,avg_plus_minus,games_played,ppg_rank,scoring_category,games_missed,penalized_games_missed,is_mvp_candidate,mvp_rank) VALUES
	 ('Andre Jackson','Regular Season','MIL','Milwaukee Bucks',1.0,0.500,8.45,4.5,2,370,'Other',3,2,'Other',271),
	 ('JT Thor','Regular Season','CHA','Charlotte Hornets',4.8,0.475,8.40,-3.5,4,278,'Other',0,0,'Other',273),
	 ('Kris Dunn','Regular Season','UTA','Utah Jazz',3.8,0.402,8.40,0.8,6,309,'Other',0,0,'Other',272),
	 ('Georges Niang','Regular Season','CLE','Cleveland Cavaliers',6.2,0.387,8.30,-3.5,6,235,'Other',0,0,'Other',274),
	 ('Cole Swider','Regular Season','MIA','Miami Heat',5.0,0.833,8.28,7.0,1,269,'Other',5,4,'Other',275),
	 ('Thomas Bryant','Regular Season','MIA','Miami Heat',7.3,0.583,8.20,-5.2,6,207,'Other',0,0,'Other',276),
	 ('Mason Plumlee','Regular Season','LAC','Los Angeles Clippers',5.6,0.579,8.20,-4.8,5,247,'Other',0,0,'Other',277),
	 ('Paul Reed','Regular Season','PHI','Philadelphia 76ers',3.8,0.472,7.90,1.0,4,313,'Other',0,0,'Other',278),
	 ('Oshae Brissett','Regular Season','BOS','Boston Celtics',2.0,0.276,7.80,6.0,3,342,'Other',1,0,'Other',280),
	 ('Scoot Henderson','Regular Season','POR','Portland Trail Blazers',8.8,0.399,7.80,-9.2,5,173,'Other',1,0,'Other',279);
INSERT INTO player_stats (player,season_type,team,full_team,avg_ppg,avg_ts_percent,avg_mvp_score,avg_plus_minus,games_played,ppg_rank,scoring_category,games_missed,penalized_games_missed,is_mvp_candidate,mvp_rank) VALUES
	 ('Nick Richards','Regular Season','CHA','Charlotte Hornets',5.3,0.687,7.60,-7.3,4,260,'Other',0,0,'Other',281),
	 ('Zeke Nnaji','Regular Season','DEN','Denver Nuggets',5.0,0.612,7.40,-1.3,6,272,'Other',0,0,'Other',282),
	 ('Kenneth Lofton','Regular Season','MEM','Memphis Grizzlies',4.0,0.502,7.39,2.0,3,297,'Other',3,2,'Other',283),
	 ('P.J. Tucker','Regular Season','LAC','Los Angeles Clippers',1.5,0.500,7.30,3.3,4,361,'Other',1,0,'Other',284),
	 ('Isaiah Jackson','Regular Season','IND','Indiana Pacers',5.5,0.557,7.20,-7.5,2,252,'Other',3,2,'Other',285),
	 ('Simone Fontecchio','Regular Season','UTA','Utah Jazz',5.0,0.625,7.15,2.5,4,273,'Other',2,1,'Other',286),
	 ('Goga Bitadze','Regular Season','ORL','Orlando Magic',2.7,0.862,7.06,4.3,3,331,'Other',2,1,'Other',287),
	 ('Precious Achiuwa','Regular Season','TOR','Toronto Raptors',7.3,0.434,7.01,-7.3,3,206,'Other',3,2,'Other',288),
	 ('Jarace Walker','Regular Season','IND','Indiana Pacers',4.0,0.364,7.01,-5.0,2,298,'Other',3,2,'Other',289),
	 ('Pat Connaughton','Regular Season','MIL','Milwaukee Bucks',5.0,0.450,7.00,-5.8,5,274,'Other',0,0,'Other',290);
INSERT INTO player_stats (player,season_type,team,full_team,avg_ppg,avg_ts_percent,avg_mvp_score,avg_plus_minus,games_played,ppg_rank,scoring_category,games_missed,penalized_games_missed,is_mvp_candidate,mvp_rank) VALUES
	 ('Julian Strawther','Regular Season','DEN','Denver Nuggets',4.3,0.461,6.96,1.3,4,291,'Other',2,1,'Other',291),
	 ('Olivier Sarr','Regular Season','OKC','Oklahoma City Thunder',1.5,0.824,6.86,2.3,4,362,'Other',2,1,'Other',292),
	 ('Sam Merrill','Regular Season','CLE','Cleveland Cavaliers',3.0,0.500,6.86,0.0,2,325,'Other',4,3,'Other',293),
	 ('Jeff Green','Regular Season','HOU','Houston Rockets',7.3,0.660,6.80,-5.8,4,208,'Other',0,0,'Other',295),
	 ('Taurean Prince','Regular Season','LAL','Los Angeles Lakers',8.4,0.573,6.80,-8.8,5,177,'Other',0,0,'Other',296),
	 ('Larry Nance','Regular Season','NOP','New Orleans Pelicans',4.0,0.592,6.80,-3.0,5,300,'Other',0,0,'Other',294),
	 ('Kenyon Martin','Regular Season','LAC','Los Angeles Clippers',5.0,0.460,6.72,-2.0,2,263,'Other',3,2,'Other',298),
	 ('Boban Marjanovic','Regular Season','HOU','Houston Rockets',4.0,1.000,6.72,3.0,1,299,'Other',3,2,'Other',297),
	 ('Cam Reddish','Regular Season','LAL','Los Angeles Lakers',3.8,0.439,6.70,-3.8,5,310,'Other',0,0,'Other',299),
	 ('Danuel House','Regular Season','PHI','Philadelphia 76ers',2.0,0.400,6.66,2.0,2,349,'Other',2,1,'Other',300);
INSERT INTO player_stats (player,season_type,team,full_team,avg_ppg,avg_ts_percent,avg_mvp_score,avg_plus_minus,games_played,ppg_rank,scoring_category,games_missed,penalized_games_missed,is_mvp_candidate,mvp_rank) VALUES
	 ('Robin Lopez','Regular Season','MIL','Milwaukee Bucks',2.0,1.136,6.58,10.0,1,347,'Other',4,3,'Other',301),
	 ('Caleb Houstan','Regular Season','ORL','Orlando Magic',4.5,0.605,6.53,4.0,2,285,'Other',3,2,'Other',302),
	 ('Nassir Little','Regular Season','PHX','Phoenix Suns',4.3,0.571,6.50,-2.3,4,292,'Other',1,0,'Other',304),
	 ('Amen Thompson','Regular Season','HOU','Houston Rockets',6.3,0.490,6.50,-5.3,4,232,'Other',0,0,'Other',303),
	 ('Omer Yurtseven','Regular Season','UTA','Utah Jazz',3.5,0.788,6.47,2.8,4,316,'Other',2,1,'Other',305),
	 ('Davion Mitchell','Regular Season','SAC','Sacramento Kings',4.5,0.500,6.40,-6.0,4,287,'Other',0,0,'Other',306),
	 ('Charles Bassey','Regular Season','SAS','San Antonio Spurs',2.6,0.770,6.40,-1.0,5,333,'Other',0,0,'Other',307),
	 ('Nickeil Alexander-Walker','Regular Season','MIN','Minnesota Timberwolves',3.8,0.328,6.30,-4.0,4,312,'Other',0,0,'Other',310),
	 ('Kira Lewis','Regular Season','NOP','New Orleans Pelicans',4.8,0.470,6.30,-3.2,5,277,'Other',0,0,'Other',309),
	 ('Aaron Wiggins','Regular Season','OKC','Oklahoma City Thunder',4.8,0.640,6.30,0.2,5,276,'Other',1,0,'Other',308);
INSERT INTO player_stats (player,season_type,team,full_team,avg_ppg,avg_ts_percent,avg_mvp_score,avg_plus_minus,games_played,ppg_rank,scoring_category,games_missed,penalized_games_missed,is_mvp_candidate,mvp_rank) VALUES
	 ('Dru Smith','Regular Season','MIA','Miami Heat',5.3,0.667,6.24,-11.3,3,255,'Other',3,2,'Other',311),
	 ('TyTy Washington','Regular Season','MIL','Milwaukee Bucks',3.0,0.750,6.11,10.0,1,329,'Other',4,3,'Other',312),
	 ('Luka Samanic','Regular Season','UTA','Utah Jazz',3.5,0.583,5.92,3.0,2,320,'Other',4,3,'Other',313),
	 ('Joe Ingles','Regular Season','ORL','Orlando Magic',1.2,0.233,5.90,0.4,5,369,'Other',0,0,'Other',314),
	 ('Dalano Banton','Regular Season','BOS','Boston Celtics',6.5,0.781,5.88,-7.0,2,226,'Other',2,1,'Other',315),
	 ('Jevon Carter','Regular Season','CHI','Chicago Bulls',5.7,0.586,5.70,-4.7,6,245,'Other',0,0,'Other',316),
	 ('Seth Curry','Regular Season','DAL','Dallas Mavericks',1.8,0.375,5.70,3.6,5,355,'Other',0,0,'Other',317),
	 ('Jock Landale','Regular Season','HOU','Houston Rockets',3.5,0.354,5.68,-3.5,2,318,'Other',2,1,'Other',318),
	 ('Thanasis Antetokounmpo','Regular Season','MIL','Milwaukee Bucks',1.0,0.500,5.57,9.0,2,374,'Other',3,2,'Other',319),
	 ('Kobe Brown','Regular Season','LAC','Los Angeles Clippers',2.5,0.556,5.40,0.5,4,335,'Other',1,0,'Other',320);
INSERT INTO player_stats (player,season_type,team,full_team,avg_ppg,avg_ts_percent,avg_mvp_score,avg_plus_minus,games_played,ppg_rank,scoring_category,games_missed,penalized_games_missed,is_mvp_candidate,mvp_rank) VALUES
	 ('Craig Porter','Regular Season','CLE','Cleveland Cavaliers',4.7,0.504,5.28,-5.3,3,280,'Other',3,2,'Other',321),
	 ('Cameron Payne','Regular Season','MIL','Milwaukee Bucks',4.6,0.676,5.20,0.2,5,282,'Other',0,0,'Other',322),
	 ('Lamar Stevens','Regular Season','BOS','Boston Celtics',4.5,0.750,5.19,1.0,2,288,'Other',2,1,'Other',323),
	 ('Dean Wade','Regular Season','CLE','Cleveland Cavaliers',4.0,0.526,5.10,-4.2,5,294,'Other',1,0,'Other',325),
	 ('Skylar Mays','Regular Season','POR','Portland Trail Blazers',3.6,0.453,5.10,-0.8,5,315,'Other',1,0,'Other',324),
	 ('Doug McDermott','Regular Season','SAS','San Antonio Spurs',5.6,0.737,4.90,-7.2,5,246,'Other',0,0,'Other',326),
	 ('Joe Harris','Regular Season','DET','Detroit Pistons',4.0,0.522,4.80,-1.7,6,301,'Other',0,0,'Other',327),
	 ('Saben Lee','Regular Season','PHX','Phoenix Suns',2.0,0.500,4.70,-4.0,1,343,'Other',4,3,'Other',329),
	 ('Dante Exum','Regular Season','DAL','Dallas Mavericks',1.8,0.431,4.70,1.4,5,354,'Other',0,0,'Other',328),
	 ('Dylan Windler','Regular Season','NYK','New York Knicks',1.5,0.750,4.70,5.0,2,358,'Other',4,3,'Other',330);
INSERT INTO player_stats (player,season_type,team,full_team,avg_ppg,avg_ts_percent,avg_mvp_score,avg_plus_minus,games_played,ppg_rank,scoring_category,games_missed,penalized_games_missed,is_mvp_candidate,mvp_rank) VALUES
	 ('Ousmane Dieng','Regular Season','OKC','Oklahoma City Thunder',4.8,0.539,4.50,-4.7,6,275,'Other',0,0,'Other',331),
	 ('Moussa Diabate','Regular Season','LAC','Los Angeles Clippers',1.3,0.400,4.41,0.7,3,366,'Other',2,1,'Other',332),
	 ('Tristan Thompson','Regular Season','CLE','Cleveland Cavaliers',3.5,0.788,4.41,-2.5,4,319,'Other',2,1,'Other',333),
	 ('Luka Garza','Regular Season','MIN','Minnesota Timberwolves',2.0,1.000,4.32,4.0,1,346,'Other',3,2,'Other',334),
	 ('Ochai Agbaji','Regular Season','UTA','Utah Jazz',2.5,0.334,4.20,-2.2,6,334,'Other',0,0,'Other',335),
	 ('Caleb Martin','Regular Season','MIA','Miami Heat',2.0,0.143,4.14,-5.0,1,345,'Other',5,4,'Other',336),
	 ('Jared Rhoden','Regular Season','DET','Detroit Pistons',0.0,NULL,4.14,8.0,1,428,'Other',5,4,'Other',337),
	 ('Landry Shamet','Regular Season','WAS','Washington Wizards',4.0,0.571,4.13,-8.5,2,302,'Other',3,2,'Other',339),
	 ('Max Christie','Regular Season','LAL','Los Angeles Lakers',2.5,0.317,4.13,0.0,2,337,'Other',3,2,'Other',338),
	 ('Jericho Sims','Regular Season','NYK','New York Knicks',0.0,0.000,4.04,5.0,2,427,'Other',4,3,'Other',340);
INSERT INTO player_stats (player,season_type,team,full_team,avg_ppg,avg_ts_percent,avg_mvp_score,avg_plus_minus,games_played,ppg_rank,scoring_category,games_missed,penalized_games_missed,is_mvp_candidate,mvp_rank) VALUES
	 ('Jordan McLaughlin','Regular Season','MIN','Minnesota Timberwolves',1.0,0.375,4.00,0.7,3,380,'Other',1,0,'Other',341),
	 ('Jett Howard','Regular Season','ORL','Orlando Magic',1.0,0.500,3.84,4.0,2,373,'Other',3,2,'Other',342),
	 ('DaQuan Jeffries','Regular Season','NYK','New York Knicks',2.5,0.833,3.76,2.5,2,338,'Other',4,3,'Other',343),
	 ('Vasilije Micic','Regular Season','OKC','Oklahoma City Thunder',3.3,0.556,3.36,-3.0,3,323,'Other',3,2,'Other',344),
	 ('Miles McBride','Regular Season','NYK','New York Knicks',2.0,0.450,3.33,-1.3,4,348,'Other',2,1,'Other',345),
	 ('Jaden Springer','Regular Season','PHI','Philadelphia 76ers',0.7,0.200,3.30,-1.0,3,382,'Other',1,0,'Other',346),
	 ('Lester Quinones','Regular Season','GSW','Golden State Warriors',5.0,0.833,3.22,0.0,1,270,'Other',5,4,'Other',348),
	 ('R.J. Hampton','Regular Season','MIA','Miami Heat',0.0,0.000,3.22,7.0,1,425,'Other',5,4,'Other',347),
	 ('Gradey Dick','Regular Season','TOR','Toronto Raptors',4.2,0.405,3.20,-5.5,6,293,'Other',0,0,'Other',349),
	 ('Chuma Okeke','Regular Season','ORL','Orlando Magic',1.0,0.500,3.17,4.0,2,377,'Other',3,2,'Other',350);
INSERT INTO player_stats (player,season_type,team,full_team,avg_ppg,avg_ts_percent,avg_mvp_score,avg_plus_minus,games_played,ppg_rank,scoring_category,games_missed,penalized_games_missed,is_mvp_candidate,mvp_rank) VALUES
	 ('Luke Kennard','Regular Season','MEM','Memphis Grizzlies',3.7,0.246,3.07,-14.3,3,314,'Other',3,2,'Other',351),
	 ('Colby Jones','Regular Season','SAC','Sacramento Kings',1.3,0.500,3.00,-1.7,3,365,'Other',1,0,'Other',352),
	 ('Jaxson Hayes','Regular Season','LAL','Los Angeles Lakers',1.4,0.931,3.00,0.4,5,364,'Other',0,0,'Other',353),
	 ('Damian Jones','Regular Season','CLE','Cleveland Cavaliers',1.8,0.902,2.94,-0.3,4,356,'Other',2,1,'Other',354),
	 ('Malachi Flynn','Regular Season','TOR','Toronto Raptors',4.0,0.560,2.90,-8.2,6,304,'Other',0,0,'Other',355),
	 ('Jared Butler','Regular Season','WAS','Washington Wizards',1.5,0.375,2.88,3.0,2,357,'Other',3,2,'Other',356),
	 ('Tre Mann','Regular Season','OKC','Oklahoma City Thunder',4.0,0.806,2.88,-4.3,3,303,'Other',3,2,'Other',357),
	 ('Dalen Terry','Regular Season','CHI','Chicago Bulls',1.5,0.500,2.82,0.5,2,363,'Other',4,3,'Other',358),
	 ('Matisse Thybulle','Regular Season','POR','Portland Trail Blazers',4.0,0.545,2.50,-8.7,6,305,'Other',0,0,'Other',359),
	 ('Jordan Nwora','Regular Season','IND','Indiana Pacers',5.0,0.324,2.40,-9.5,2,271,'Other',3,2,'Other',360);
INSERT INTO player_stats (player,season_type,team,full_team,avg_ppg,avg_ts_percent,avg_mvp_score,avg_plus_minus,games_played,ppg_rank,scoring_category,games_missed,penalized_games_missed,is_mvp_candidate,mvp_rank) VALUES
	 ('Jake LaRavia','Regular Season','MEM','Memphis Grizzlies',3.4,0.407,2.40,-4.4,5,321,'Other',1,0,'Other',361),
	 ('Jalen Pickett','Regular Season','DEN','Denver Nuggets',2.0,0.667,2.35,0.0,2,350,'Other',4,3,'Other',362),
	 ('Taylor Hendricks','Regular Season','UTA','Utah Jazz',1.0,0.568,2.30,2.0,1,375,'Other',5,4,'Other',363),
	 ('Thaddeus Young','Regular Season','TOR','Toronto Raptors',0.0,0.000,2.30,1.0,1,423,'Other',5,4,'Other',364),
	 ('Danny Green','Regular Season','PHI','Philadelphia 76ers',0.0,0.000,2.25,0.0,2,416,'Other',2,1,'Other',365),
	 ('Patrick Baldwin','Regular Season','WAS','Washington Wizards',0.0,0.000,2.21,3.0,2,405,'Other',3,2,'Other',367),
	 ('Braxton Key','Regular Season','DEN','Denver Nuggets',0.7,0.250,2.21,0.0,3,383,'Other',3,2,'Other',366),
	 ('Luke Kornet','Regular Season','BOS','Boston Celtics',0.7,0.500,2.20,-1.7,3,381,'Other',1,0,'Other',368),
	 ('Justin Holiday','Regular Season','DEN','Denver Nuggets',1.5,0.750,2.16,1.0,2,360,'Other',4,3,'Other',369),
	 ('Kris Murray','Regular Season','POR','Portland Trail Blazers',0.0,0.000,2.16,2.0,2,397,'Other',4,3,'Other',370);
INSERT INTO player_stats (player,season_type,team,full_team,avg_ppg,avg_ts_percent,avg_mvp_score,avg_plus_minus,games_played,ppg_rank,scoring_category,games_missed,penalized_games_missed,is_mvp_candidate,mvp_rank) VALUES
	 ('Troy Brown','Regular Season','MIN','Minnesota Timberwolves',1.3,0.420,2.00,-1.3,3,367,'Other',1,0,'Other',371),
	 ('Ben Sheppard','Regular Season','IND','Indiana Pacers',3.0,0.600,1.92,-6.0,2,327,'Other',3,2,'Other',372),
	 ('Filip Petrusev','Regular Season','PHI','Philadelphia 76ers',0.0,NULL,1.92,3.0,1,388,'Other',3,2,'Other',374),
	 ('Daishen Nix','Regular Season','MIN','Minnesota Timberwolves',0.0,NULL,1.92,4.0,1,392,'Other',3,2,'Other',373),
	 ('Chimezie Metu','Regular Season','PHX','Phoenix Suns',2.0,0.500,1.88,-4.0,1,352,'Other',4,3,'Other',375),
	 ('Brice Sensabaugh','Regular Season','UTA','Utah Jazz',0.0,0.000,1.84,2.0,1,391,'Other',5,4,'Other',376),
	 ('Josh Minott','Regular Season','MIN','Minnesota Timberwolves',1.3,0.500,1.80,-0.3,3,368,'Other',1,0,'Other',377),
	 ('Collin Gillespie','Regular Season','DEN','Denver Nuggets',0.0,0.000,1.41,1.0,2,387,'Other',4,3,'Other',378),
	 ('Udoka Azubuike','Regular Season','PHX','Phoenix Suns',2.0,1.000,1.41,-4.0,1,353,'Other',4,3,'Other',379),
	 ('Jordan Miller','Regular Season','LAC','Los Angeles Clippers',2.5,0.833,1.25,-2.5,2,339,'Other',3,2,'Other',380);
INSERT INTO player_stats (player,season_type,team,full_team,avg_ppg,avg_ts_percent,avg_mvp_score,avg_plus_minus,games_played,ppg_rank,scoring_category,games_missed,penalized_games_missed,is_mvp_candidate,mvp_rank) VALUES
	 ('Garrett Temple','Regular Season','TOR','Toronto Raptors',2.0,1.064,1.22,-1.5,2,341,'Other',4,3,'Other',381),
	 ('AJ Griffin','Regular Season','ATL','Atlanta Hawks',3.4,0.708,1.20,-6.2,5,322,'Other',0,0,'Other',382),
	 ('Emoni Bates','Regular Season','CLE','Cleveland Cavaliers',4.5,0.455,0.94,-12.0,2,283,'Other',4,3,'Other',385),
	 ('Olivier-Maxence Prosper','Regular Season','DAL','Dallas Mavericks',0.0,0.000,0.94,2.0,1,430,'Other',4,3,'Other',384),
	 ('Hunter Tyson','Regular Season','DEN','Denver Nuggets',1.0,0.500,0.94,-1.0,2,379,'Other',4,3,'Other',383),
	 ('Ryan Arcidiacono','Regular Season','NYK','New York Knicks',0.0,NULL,0.92,1.0,1,431,'Other',5,4,'Other',387),
	 ('Jerome Robinson','Regular Season','GSW','Golden State Warriors',0.0,0.000,0.92,0.0,1,429,'Other',5,4,'Other',386),
	 ('Mike Muscala','Regular Season','WAS','Washington Wizards',3.5,0.504,0.90,-10.8,4,317,'Other',1,0,'Other',388),
	 ('Aaron Holiday','Regular Season','HOU','Houston Rockets',3.0,0.600,0.78,-5.0,2,328,'Other',2,1,'Other',389),
	 ('Lindy Waters','Regular Season','OKC','Oklahoma City Thunder',0.0,0.000,0.77,1.7,3,390,'Other',3,2,'Other',390);
INSERT INTO player_stats (player,season_type,team,full_team,avg_ppg,avg_ts_percent,avg_mvp_score,avg_plus_minus,games_played,ppg_rank,scoring_category,games_missed,penalized_games_missed,is_mvp_candidate,mvp_rank) VALUES
	 ('Jamal Cain','Regular Season','MIA','Miami Heat',4.0,0.444,0.75,-14.0,2,306,'Other',4,3,'Other',391),
	 ('Jalen McDaniels','Regular Season','TOR','Toronto Raptors',1.0,0.227,0.70,-6.6,5,371,'Other',1,0,'Other',392),
	 ('Amir Coffey','Regular Season','LAC','Los Angeles Clippers',0.7,0.347,0.69,-0.3,3,384,'Other',2,1,'Other',393),
	 ('Jalen Wilson','Regular Season','BKN','Brooklyn Nets',0.0,0.000,0.47,-4.0,1,393,'Other',4,3,'Other',394),
	 ('Stanley Umude','Regular Season','DET','Detroit Pistons',0.0,0.000,0.39,-0.8,4,394,'Other',2,1,'Other',395),
	 ('Mohamed Bamba','Regular Season','PHI','Philadelphia 76ers',0.0,NULL,0.29,-1.0,2,396,'Other',2,1,'Other',396),
	 ('Ty Jerome','Regular Season','CLE','Cleveland Cavaliers',2.0,0.500,0.28,-7.0,2,351,'Other',4,3,'Other',398),
	 ('Julian Phillips','Regular Season','CHI','Chicago Bulls',0.0,NULL,0.28,0.5,2,395,'Other',4,3,'Other',397),
	 ('Terry Taylor','Regular Season','CHI','Chicago Bulls',0.0,NULL,0.00,0.0,1,401,'Other',5,4,'Other',400),
	 ('Maxwell Lewis','Regular Season','LAL','Los Angeles Lakers',0.0,NULL,0.00,0.0,1,402,'Other',4,3,'Other',399);
INSERT INTO player_stats (player,season_type,team,full_team,avg_ppg,avg_ts_percent,avg_mvp_score,avg_plus_minus,games_played,ppg_rank,scoring_category,games_missed,penalized_games_missed,is_mvp_candidate,mvp_rank) VALUES
	 ('Gregory Jackson','Regular Season','MEM','Memphis Grizzlies',0.0,NULL,0.00,0.0,1,398,'Other',5,4,'Other',401),
	 ('Nick Smith','Regular Season','CHA','Charlotte Hornets',0.0,NULL,0.00,0.0,1,400,'Other',3,2,'Other',403),
	 ('Bismack Biyombo','Regular Season','MEM','Memphis Grizzlies',0.0,NULL,0.00,0.0,1,399,'Other',5,4,'Other',402),
	 ('Kaiser Gates','Regular Season','NOP','New Orleans Pelicans',0.0,0.000,-0.47,-2.0,1,403,'Other',4,3,'Other',404),
	 ('Jeenathan Williams','Regular Season','HOU','Houston Rockets',4.0,0.667,-0.48,-9.0,1,307,'Other',3,2,'Other',405),
	 ('Reggie Bullock','Regular Season','HOU','Houston Rockets',1.0,0.375,-0.70,-5.7,3,378,'Other',1,0,'Other',406),
	 ('Isaiah Mobley','Regular Season','CLE','Cleveland Cavaliers',0.0,NULL,-0.92,-3.0,1,410,'Other',5,4,'Other',407),
	 ('Keyontae Johnson','Regular Season','OKC','Oklahoma City Thunder',0.0,0.000,-0.92,-2.0,1,406,'Other',5,4,'Other',408),
	 ('Rayan Rupert','Regular Season','POR','Portland Trail Blazers',0.0,0.000,-0.94,-2.0,2,408,'Other',4,3,'Other',409),
	 ('Cory Joseph','Regular Season','GSW','Golden State Warriors',0.0,0.000,-0.94,-6.0,2,409,'Other',4,3,'Other',410);
INSERT INTO player_stats (player,season_type,team,full_team,avg_ppg,avg_ts_percent,avg_mvp_score,avg_plus_minus,games_played,ppg_rank,scoring_category,games_missed,penalized_games_missed,is_mvp_candidate,mvp_rank) VALUES
	 ('Alex Len','Regular Season','SAC','Sacramento Kings',0.0,NULL,-0.96,-2.0,1,407,'Other',3,2,'Other',413),
	 ('Jordan Ford','Regular Season','SAC','Sacramento Kings',0.0,0.000,-0.96,-2.0,1,412,'Other',3,2,'Other',411),
	 ('Keon Ellis','Regular Season','SAC','Sacramento Kings',0.0,NULL,-0.96,-2.0,1,413,'Other',3,2,'Other',414),
	 ('KJ Martin','Regular Season','PHI','Philadelphia 76ers',0.0,NULL,-0.96,-2.0,1,414,'Other',3,2,'Other',412),
	 ('Kessler Edwards','Regular Season','SAC','Sacramento Kings',0.0,0.000,-0.98,-2.0,2,411,'Other',2,1,'Other',415),
	 ('Julian Champagnie','Regular Season','SAS','San Antonio Spurs',1.5,0.300,-1.25,-7.0,2,359,'Other',3,2,'Other',416),
	 ('Cody Zeller','Regular Season','NOP','New Orleans Pelicans',0.0,0.000,-1.27,-4.3,3,415,'Other',2,1,'Other',417),
	 ('Trent Forrest','Regular Season','ATL','Atlanta Hawks',0.0,NULL,-1.88,-7.0,1,417,'Other',4,3,'Other',418),
	 ('Mouhamed Gueye','Regular Season','ATL','Atlanta Hawks',0.0,0.000,-2.21,-6.5,2,418,'Other',3,2,'Other',419),
	 ('James Wiseman','Regular Season','DET','Detroit Pistons',4.0,0.500,-2.30,-15.0,1,308,'Other',5,4,'Other',420);
INSERT INTO player_stats (player,season_type,team,full_team,avg_ppg,avg_ts_percent,avg_mvp_score,avg_plus_minus,games_played,ppg_rank,scoring_category,games_missed,penalized_games_missed,is_mvp_candidate,mvp_rank) VALUES
	 ('Bol Bol','Regular Season','PHX','Phoenix Suns',0.0,NULL,-2.35,-4.0,1,420,'Other',4,3,'Other',421),
	 ('Kobe Bufkin','Regular Season','ATL','Atlanta Hawks',0.5,0.129,-2.40,-7.0,2,385,'Other',3,2,'Other',422),
	 ('Leonard Miller','Regular Season','MIN','Minnesota Timberwolves',0.0,0.000,-2.88,-7.0,1,421,'Other',3,2,'Other',423),
	 ('Aleksej Pokusevski','Regular Season','OKC','Oklahoma City Thunder',0.3,0.102,-3.07,-6.3,3,386,'Other',3,2,'Other',424),
	 ('Blake Wesley','Regular Season','SAS','San Antonio Spurs',1.0,0.266,-3.29,-13.0,1,372,'Other',4,3,'Other',426),
	 ('Sandro Mamukelashvili','Regular Season','SAS','San Antonio Spurs',0.0,NULL,-3.29,-13.0,1,426,'Other',4,3,'Other',425),
	 ('E.J. Liddell','Regular Season','NOP','New Orleans Pelicans',0.0,0.000,-3.76,-10.0,1,424,'Other',4,3,'Other',427),
	 ('Bruno Fernando','Regular Season','ATL','Atlanta Hawks',0.0,0.000,-4.13,-5.5,2,422,'Other',3,2,'Other',428),
	 ('Dominick Barlow','Regular Season','SAS','San Antonio Spurs',0.0,NULL,-4.70,-10.0,1,389,'Other',4,3,'Other',429),
	 ('Jermaine Samuels','Regular Season','HOU','Houston Rockets',0.0,NULL,-4.80,-10.0,1,404,'Other',3,2,'Other',430);
INSERT INTO player_stats (player,season_type,team,full_team,avg_ppg,avg_ts_percent,avg_mvp_score,avg_plus_minus,games_played,ppg_rank,scoring_category,games_missed,penalized_games_missed,is_mvp_candidate,mvp_rank) VALUES
	 ('Cam Whitmore','Regular Season','HOU','Houston Rockets',0.0,0.000,-6.72,-12.0,1,419,'Other',3,2,'Other',431);

DROP TABLE IF EXISTS twitter_comments;
CREATE TABLE twitter_comments(
    created_at date,
    scrape_ts timestamp without time zone,
    username text,
    tweet text,
    url text,
    likes numeric,
    retweets numeric,
    compound numeric,
    neg numeric,
    neu numeric,
    pos numeric
);

INSERT INTO twitter_comments (created_at, scrape_ts, username, tweet, url, likes, retweets, compound, neg, neu, pos)
VALUES (current_date, current_timestamp, 'KingJames', 'Man thats SIMPLY INSANE!!!!  https://t.co/WqyIWKHs4T',
        'https://twitter.com/twitter/statuses/1640515719896141826', 205431, 12757, 0, 0, 1, 0),
       (current_date, current_timestamp, 'FOS', 'The NCAA Womens National Championships 9.9 million viewers are more than',
        'https://twitter.com/twitter/statuses/1643051889846525953', 205431, 12757, 0, 0, 1, 0);

DROP TABLE IF EXISTS reddit_comments;
CREATE TABLE reddit_comments(
    scrape_date date,
    author text,
    comment text,
    flair text,
    score bigint,
    url text,
    compound numeric,
    pos numeric,
    neu numeric,
    neg numeric
);

INSERT INTO reddit_comments (scrape_date,author,"comment",flair,score,url,compound,pos,neu,neg) VALUES
	 ('2023-10-26','aaa1','Bro how do you get crossed by Andre Drummond ','Mavs',5412,'https://www.reddit.com/r/nba/comments/17gkehh/highlight_andre_drummomd_welcomes_chet_to_the/',0,0,1,0),
	 ('2023-10-26','aaa2','Thats a pretty fuckin good answer','Celtics',3185,'https://www.reddit.com/r/nba/comments/17g8or6/you_could_win_anywhere_but_why_here/',0.7269,0.67,0.33,0),
	 ('2023-10-26','aaa3','67 285lb tank splitting the double like prime D-Rose is insane','Lakers',2949,'https://www.reddit.com/r/nba/comments/17gkse6/highlight_zion_williamson_with_two_dunk_of_the/',-0.0516,0.176,0.634,0.19),
	 ('2023-10-26','aaa4','"Thank you, Giannis."  \*camera pans to side\* "Damian, same question."','SuperSonics',2878,'https://www.reddit.com/r/nba/comments/17g8or6/you_could_win_anywhere_but_why_here/',0.3612,0.217,0.783,0),
	 ('2023-10-26','aaa5','Im shocked they had one to lose','Bucks',2724,'https://www.reddit.com/r/nba/comments/17gdano/charania_the_suns_have_lost_their_2024/',-0.6124,0,0.5,0.5),
	 ('2023-10-26','aaa6','I''m big on Chet but this a hell of a lowlight lmao','Nuggets',2687,'https://www.reddit.com/r/nba/comments/17gkehh/highlight_andre_drummomd_welcomes_chet_to_the/',-0.8126,0.222,0.29,0.488),
	 ('2023-10-26','aaa7','Damn Drummond almost broke Chet in half without even touching him',NULL,2480,'https://www.reddit.com/r/nba/comments/17gkehh/highlight_andre_drummomd_welcomes_chet_to_the/',-0.6378,0,0.633,0.367),
	 ('2023-10-26','aaa8','ZAIRE WILLIAMSON','Pelicans',1937,'https://www.reddit.com/r/nba/comments/17gkse6/highlight_zion_williamson_with_two_dunk_of_the/',0,0,1,0),
	 ('2023-10-26','aaa9','This was Adam Silver''s way of punishing Barkley for pressing him over rampant domestic violence within the league. /s','Suns',1921,'https://www.reddit.com/r/nba/comments/17gdano/charania_the_suns_have_lost_their_2024/',-0.8271,0,0.688,0.312),
	 ('2023-10-26','aab1','He is rejecting Jalen Green and his lifestyle','Magic',1895,'https://www.reddit.com/r/nba/comments/17gkco2/highlight_minister_isaac_destroys_jalen_green/',-0.4588,0,0.7,0.3);
INSERT INTO reddit_comments (scrape_date,author,"comment",flair,score,url,compound,pos,neu,neg) VALUES
	 ('2023-10-26','aab2','Damn Milwaukee is so lucky to have him','Timberwolves',1782,'https://www.reddit.com/r/nba/comments/17g8or6/you_could_win_anywhere_but_why_here/',0.2302,0.294,0.487,0.219),
	 ('2023-10-26','aab3','Snatch blocks are the best play in basketball change my mind','Thunder',1633,'https://www.reddit.com/r/nba/comments/17gkghx/highlight_mark_williams_snatches_trae_youngs_shot/',0.6908,0.4,0.485,0.115),
	 ('2023-10-26','aab4','WELCOME TO THE NBA LIL MAN

Chet already got posterized by Vooch and Andre lol','Bulls',1567,'https://www.reddit.com/r/nba/comments/17gkehh/highlight_andre_drummomd_welcomes_chet_to_the/',0.7603,0.334,0.666,0),
	 ('2023-10-26','aab5','can we honestly say we have ever heard Giannis with an L in any presser? Dude is just a kind and intelligent human and it shows again and again.','Celtics',1453,'https://www.reddit.com/r/nba/comments/17g8or6/you_could_win_anywhere_but_why_here/',0.8555,0.281,0.719,0),
	 ('2023-10-26','aab6','Dunking aside, his handle is ridiculous when hes got it going','Wizards',1349,'https://www.reddit.com/r/nba/comments/17gkse6/highlight_zion_williamson_with_two_dunk_of_the/',-0.3612,0,0.8,0.2),
	 ('2023-10-26','aab7','Well non-Spurs fans, it''s been fun. See you in twenty years','Jazz',1223,'https://www.reddit.com/r/nba/comments/17gln0p/highlight_victor_wembanyama_nails_a_26footer_for/',0.6597,0.375,0.625,0),
	 ('2023-10-26','aab8','One hell of a showing for Kristaps in the garden.',NULL,1217,'https://www.reddit.com/r/nba/comments/17glk3k/post_game_thread_the_boston_celtics_10_defeat_the/',-0.6808,0,0.635,0.365),
	 ('2023-10-26','aab9','we are!

Everyone in Milwaukee knew his character halfway through his rookie year when he took a cab to Western Union and [wired literally all of his money home to his family](https://sports.yahoo.com/blogs/nba-ball-dont-lie/giannis-antetokounmpo-had-to-run-to-a-bucks-game-after-losing-cab-fare-003315158.html?a20=1&guccounter=1) in Greece forgetting to leave himself enough money to get a cab ride to the stadium for the game that day. So, he started running and was a mile or so down the sidewalk towards the stadium when a season ticket holder recognized him and gave him a ride the rest of the way. Season ticket holder also told a reporter I guess, or we would''ve never found out about this. Anyway, that one story tells you pretty much all you need to know about his character and loyalty.','Bucks',1154,'https://www.reddit.com/r/nba/comments/17g8or6/you_could_win_anywhere_but_why_here/',0.7777,0.059,0.931,0.01),
	 ('2023-10-26','aac1','My only takeaway from this game is that Luka was the best player on the court.',NULL,1141,'https://www.reddit.com/r/nba/comments/17go4lg/highlight_time_winding_down_as_luka_puts_the/',0.6369,0.219,0.781,0),
	 ('2023-10-26','aac2','This is the shit the talking heads never mention when talking about Giannis staying or leaving Milwaukee. His Milwaukee ties are DEEP. The former owner and Senator Herb Kohl helped get his family to the US. The bucks helped his family get his brothers into good schools. A former bucks staffer taught Giannis how to drive and Giannis would crash on his couch when he was lonely. Im not saying the Bucks should hold these things over Giannis head, Im saying these things really matter to Giannis and are definitely a factor in his decision making that the media never mentions. His relationship with the Bucks is different than every other stars relationship with their team',NULL,1128,'https://www.reddit.com/r/nba/comments/17g8or6/you_could_win_anywhere_but_why_here/',0.6997,0.089,0.87,0.042);
INSERT INTO reddit_comments (scrape_date,author,"comment",flair,score,url,compound,pos,neu,neg) VALUES
	 ('2023-10-26','aac3','Kristaps'' ability to have an incredible first quarter then disappear for the second/third quarter and then magically re-appear late into the fourth quarter with a random huge bucket is going to be studied by scientists in the near future.','Wizards',1040,'https://www.reddit.com/r/nba/comments/17glk3k/post_game_thread_the_boston_celtics_10_defeat_the/',0.4019,0.111,0.843,0.046),
	 ('2023-10-26','aac4','People joke, but the Suns have almost zero assets to move, so this hurts that limited cache even more.',NULL,973,'https://www.reddit.com/r/nba/comments/17gdano/charania_the_suns_have_lost_their_2024/',-0.7634,0.124,0.576,0.3),
	 ('2023-10-26','aac5','youd think theyd get their audio figured out for the Wemby debut','TrailBlazers',961,'https://www.reddit.com/r/nba/comments/17gln0p/highlight_victor_wembanyama_nails_a_26footer_for/',0,0,1,0),
	 ('2023-10-26','aac6','LIGHT THE BEAM BABY',NULL,941,'https://www.reddit.com/r/nba/comments/17gmpwf/highlight_a_fox_steal_leads_to_a_malik_monk_poster/',0,0,1,0),
	 ('2023-10-26','aac7','In 5 years it will be booker and a bunch of g Leaguers','TrailBlazers',921,'https://www.reddit.com/r/nba/comments/17gdano/charania_the_suns_have_lost_their_2024/',0,0,1,0),
	 ('2023-10-26','aac8','The Cade agenda is so back','Pistons',900,'https://www.reddit.com/r/nba/comments/17gllf4/cade_cunningham_tonight_in_the_loss_to_miami_30/',0,0,1,0),
	 ('2023-10-26','aac9','aghhh! my virgin ears!','TrailBlazers',896,'https://www.reddit.com/r/nba/comments/17go8ay/highlight_luka_traumatizes_children_everywhere_by/',0,0,1,0),
	 ('2023-10-26','aad1','Good. Lord.

Thats a shot and a half.','Nets',894,'https://www.reddit.com/r/nba/comments/17go4lg/highlight_time_winding_down_as_luka_puts_the/',0.4404,0.367,0.633,0),
	 ('2023-10-26','aad2','Rhino ballerina with the ball on a string. Insane.','Pelicans',887,'https://www.reddit.com/r/nba/comments/17gkse6/highlight_zion_williamson_with_two_dunk_of_the/',-0.4019,0,0.722,0.278),
	 ('2023-10-26','aad3','Spurs guards do not want to pass to wemby lmao

Luka is absolutely insane','Heat',849,'https://www.reddit.com/r/nba/comments/17go4ch/victor_wembanyama_in_his_longawaited_nba_debut_15/',0.1742,0.204,0.575,0.221);

DROP TABLE IF EXISTS reddit_sentiment_time_series;
CREATE TABLE IF NOT EXISTS reddit_sentiment_time_series
(
    team text COLLATE pg_catalog."default",
    scrape_date date,
    potential_game_date date,
    num_comments bigint,
    avg_score numeric,
    avg_neu numeric,
    avg_neg numeric,
    avg_pos numeric,
    avg_compound numeric,
    game_date integer,
    game_outcome text COLLATE pg_catalog."default"
);

INSERT INTO reddit_sentiment_time_series(
	team, scrape_date, potential_game_date, num_comments, avg_score, avg_neu, avg_neg, avg_pos, avg_compound, game_date, game_outcome)
	VALUES ('GSW', current_date, current_date - INTERVAL '1 DAY', 379, 44.826, 0.801, 0.072, 0.127, 0.119, 0, 'NO GAME'),
           ('GSW', current_date - INTERVAL '1 DAY', current_date - INTERVAL '2 DAY', 267, 42.826, 0.783, 0.071, 0.146, 0.161, 0, 'NO GAME'),
           ('GSW', current_date - INTERVAL '2 DAY', current_date - INTERVAL '3 DAY', 611, 33.826, 0.780, 0.070, 0.141, 0.138, 1, 'W'),
           ('GSW', current_date - INTERVAL '3 DAY', current_date - INTERVAL '4 DAY', 162, 31.826, 0.761, 0.088, 0.150, 0.130, 0, 'NO GAME');

DROP TABLE IF EXISTS rolling_avg_stats;
CREATE TABLE IF NOT EXISTS rolling_avg_stats (
	player text NULL,
	rolling_avg_pts numeric NULL,
	rolling_avg_ts_percent numeric NULL,
	rolling_avg_mvp_score numeric NULL,
	rolling_avg_plus_minus numeric NULL,
	team text NULL,
	avg_ppg numeric NULL,
	avg_ts_percent numeric NULL,
	avg_plus_minus numeric NULL,
	avg_mvp_score numeric NULL,
	ppg_differential numeric NULL,
	ppg_diff_rank text NULL,
	ts_differential numeric NULL,
	ts_diff_rank text NULL,
	plus_minus_differential numeric NULL,
	plus_minus_diff_rank text NULL,
	mvp_calc_differential numeric NULL,
	mvp_calc_diff_rank text NULL
);

INSERT INTO rolling_avg_stats (player,rolling_avg_pts,rolling_avg_ts_percent,rolling_avg_mvp_score,rolling_avg_plus_minus,team,avg_ppg,avg_ts_percent,avg_plus_minus,avg_mvp_score,ppg_differential,ppg_diff_rank,ts_differential,ts_diff_rank,plus_minus_differential,plus_minus_diff_rank,mvp_calc_differential,mvp_calc_diff_rank) VALUES
	 ('Jared Rhoden',0.0,NULL,4.5,8.0,'DET',0.0,NULL,8.0,4.14,0.0,'1st',NULL,'1st',0.0,'36th',0.36,'36th'),
	 ('Keon Ellis',0.0,NULL,-1.0,-2.0,'SAC',0.0,NULL,-2.0,-0.96,0.0,'2nd',NULL,'2nd',0.0,'409th',-0.04,'409th'),
	 ('Gregory Jackson',0.0,NULL,0.0,0.0,'MEM',0.0,NULL,0.0,0.00,0.0,'3rd',NULL,'3rd',0.0,'331st',0.00,'331st'),
	 ('Ryan Arcidiacono',0.0,NULL,1.0,1.0,'NYK',0.0,NULL,1.0,0.92,0.0,'4th',NULL,'4th',0.0,'112nd',0.08,'112nd'),
	 ('Daishen Nix',0.0,NULL,2.0,4.0,'MIN',0.0,NULL,4.0,1.92,0.0,'5th',NULL,'5th',0.0,'111st',0.08,'111st'),
	 ('Maxwell Lewis',0.0,NULL,0.0,0.0,'LAL',0.0,NULL,0.0,0.00,0.0,'6th',NULL,'6th',0.0,'199th',0.00,'199th'),
	 ('Dominick Barlow',0.0,NULL,-5.0,-10.0,'SAS',0.0,NULL,-10.0,-4.70,0.0,'7th',NULL,'7th',0.0,'431st',-0.30,'431st'),
	 ('Bismack Biyombo',0.0,NULL,0.0,0.0,'MEM',0.0,NULL,0.0,0.00,0.0,'8th',NULL,'8th',0.0,'256th',0.00,'256th'),
	 ('Filip Petrusev',0.0,NULL,2.0,3.0,'PHI',0.0,NULL,3.0,1.92,0.0,'9th',NULL,'9th',0.0,'110th',0.08,'110th'),
	 ('Nick Smith',0.0,NULL,0.0,0.0,'CHA',0.0,NULL,0.0,0.00,0.0,'10th',NULL,'10th',0.0,'212nd',0.00,'212nd');
INSERT INTO rolling_avg_stats (player,rolling_avg_pts,rolling_avg_ts_percent,rolling_avg_mvp_score,rolling_avg_plus_minus,team,avg_ppg,avg_ts_percent,avg_plus_minus,avg_mvp_score,ppg_differential,ppg_diff_rank,ts_differential,ts_diff_rank,plus_minus_differential,plus_minus_diff_rank,mvp_calc_differential,mvp_calc_diff_rank) VALUES
	 ('Sandro Mamukelashvili',0.0,NULL,-3.5,-13.0,'SAS',0.0,NULL,-13.0,-3.29,0.0,'11th',NULL,'11th',0.0,'427th',-0.21,'427th'),
	 ('Julian Phillips',0.0,NULL,0.3,0.5,'CHI',0.0,NULL,0.5,0.28,0.0,'12th',NULL,'12th',0.0,'124th',0.02,'124th'),
	 ('Terry Taylor',0.0,NULL,0.0,0.0,'CHI',0.0,NULL,0.0,0.00,0.0,'13th',NULL,'13th',0.0,'367th',0.00,'367th'),
	 ('Mohamed Bamba',0.0,NULL,0.3,-1.0,'PHI',0.0,NULL,-1.0,0.29,0.0,'14th',NULL,'14th',0.0,'128th',0.01,'128th'),
	 ('Jermaine Samuels',0.0,NULL,-5.0,-10.0,'HOU',0.0,NULL,-10.0,-4.80,0.0,'15th',NULL,'15th',0.0,'425th',-0.20,'425th'),
	 ('Bol Bol',0.0,NULL,-2.5,-4.0,'PHX',0.0,NULL,-4.0,-2.35,0.0,'16th',NULL,'16th',0.0,'423rd',-0.15,'423rd'),
	 ('Trent Forrest',0.0,NULL,-2.0,-7.0,'ATL',0.0,NULL,-7.0,-1.88,0.0,'17th',NULL,'17th',0.0,'421st',-0.12,'421st'),
	 ('Isaiah Mobley',0.0,NULL,-1.0,-3.0,'CLE',0.0,NULL,-3.0,-0.92,0.0,'18th',NULL,'18th',0.0,'417th',-0.08,'417th'),
	 ('Alex Len',0.0,NULL,-1.0,-2.0,'SAC',0.0,NULL,-2.0,-0.96,0.0,'19th',NULL,'19th',0.0,'412nd',-0.04,'412nd'),
	 ('KJ Martin',0.0,NULL,-1.0,-2.0,'PHI',0.0,NULL,-2.0,-0.96,0.0,'20th',NULL,'20th',0.0,'411st',-0.04,'411st');
INSERT INTO rolling_avg_stats (player,rolling_avg_pts,rolling_avg_ts_percent,rolling_avg_mvp_score,rolling_avg_plus_minus,team,avg_ppg,avg_ts_percent,avg_plus_minus,avg_mvp_score,ppg_differential,ppg_diff_rank,ts_differential,ts_diff_rank,plus_minus_differential,plus_minus_diff_rank,mvp_calc_differential,mvp_calc_diff_rank) VALUES
	 ('Dalen Terry',1.5,0.750,3.0,0.5,'CHI',1.5,0.500,0.5,2.82,0.0,'21st',0.250,'21st',0.0,'67th',0.18,'67th'),
	 ('Craig Porter',4.7,0.741,5.5,-5.3,'CLE',4.7,0.504,-5.3,5.28,0.0,'22nd',0.237,'22nd',0.0,'59th',0.22,'59th'),
	 ('Nassir Little',4.3,0.806,6.5,-2.3,'PHX',4.3,0.571,-2.3,6.50,0.0,'23rd',0.235,'23rd',0.0,'208th',0.00,'208th'),
	 ('Vasilije Micic',3.3,0.778,3.5,-3.0,'OKC',3.3,0.556,-3.0,3.36,0.0,'24th',0.222,'24th',0.0,'78th',0.14,'78th'),
	 ('A.J. Green',3.0,0.811,8.8,8.0,'MIL',3.0,0.605,8.0,8.62,0.0,'25th',0.206,'25th',0.0,'65th',0.18,'65th'),
	 ('Payton Pritchard',5.5,0.657,16.1,7.5,'BOS',5.5,0.452,7.5,16.10,0.0,'26th',0.205,'26th',0.0,'228th',0.00,'228th'),
	 ('Josh Minott',1.3,0.667,1.8,-0.3,'MIN',1.3,0.500,-0.3,1.80,0.0,'27th',0.167,'27th',0.0,'148th',0.00,'148th'),
	 ('Jordan Miller',2.5,1.000,1.3,-2.5,'LAC',2.5,0.833,-2.5,1.25,0.0,'28th',0.167,'28th',0.0,'120th',0.05,'120th'),
	 ('Ty Jerome',2.0,0.667,0.3,-7.0,'CLE',2.0,0.500,-7.0,0.28,0.0,'29th',0.167,'29th',0.0,'125th',0.02,'125th'),
	 ('Patrick Beverley',2.5,0.584,13.1,8.5,'PHI',2.5,0.417,8.5,13.10,0.0,'30th',0.167,'30th',0.0,'224th',0.00,'224th');

DROP TABLE IF EXISTS injuries;
CREATE TABLE injuries(
    injury_pk text,
    player text,
    team_acronym text,
    team text,
    date text,
    status text,
    injury text,
    description text,
    total_injuries bigint,
    team_active_injuries numeric,
    team_active_protocols numeric,
    scrape_date date
);

INSERT INTO injuries (injury_pk,player,team_acronym,team,"date",status,injury,description,total_injuries,team_active_injuries,team_active_protocols,scrape_date) VALUES
	 ('05b0a14018dfd1bec7677b72d071909c','Anfernee Simons','POR','Portland Trail Blazers','Tue, Oct 31, 2023','Out','Thumb','Simons underwent thumb surgery and is expected to return in 6 weeks, per Michael Scotto on X.',4,4,0,'2023-11-04'),
	 ('0c6ada88af75f63710779f75f99e6ba3','De''Aaron Fox','SAC','Sacramento Kings','Fri, Nov 3, 2023','Out','Ankle','Fox is OUT for Saturday''s (Nov.4) game against Houston.',2,2,0,'2023-11-04'),
	 ('1262330f197b5437f087e2b15c5a06af','Wesley Matthews','ATL','Atlanta Hawks','Wed, Oct 25, 2023','Out','Calf','The Hawks announced that Matthews has a mild right calf strain and will be re-evaluated in two weeks.',2,2,0,'2023-11-04'),
	 ('130e92139fd014e8d47f502132830131','Monte Morris','DET','Detroit Pistons','Tue, Oct 24, 2023','Out','Quad','The Pistons announced that Morris suffered a right quad strain and will be re-evaluated in three weeks.',4,4,0,'2023-11-04'),
	 ('19518f55d162cad0e9e3f98425c42f3e','Maxi Kleber','DAL','Dallas Mavericks','Fri, Nov 3, 2023','Out','Toe','Kleber is OUT for Friday''s (Nov. 3) game against Denver.',2,2,0,'2023-11-04'),
	 ('1a2005c21792da5ec9553d18445886f9','Ayo Dosunmu','CHI','Chicago Bulls','Fri, Nov 3, 2023','Day To Day','Illness','Dosunmu did not play in Friday''s (Nov. 3) game against Brooklyn.',2,2,0,'2023-11-04'),
	 ('1a20d5ad9be9315c2704898b483d622b','Nic Claxton','BKN','Brooklyn Nets','Fri, Nov 3, 2023','Day To Day','Ankle','Claxton did not play in Friday''s (Nov.3) game against Chicago.',2,2,0,'2023-11-04'),
	 ('1a92f6ed88b46f1c27e8393958209ee0','Terance Mann','LAC','Los Angeles Clippers','Thu, Nov 2, 2023','Out','Ankle','Mann said on his YouTube channel that there''s no timeline for his return.',2,2,0,'2023-11-04'),
	 ('1ef1c52a3b23dada97de79bdd8b2ffbf','Rui Hachimura','LAL','Los Angeles Lakers','Fri, Nov 3, 2023','Out','Eye','Hachimura is OUT for Saturday''s (Nov.4) game against Orlando.',5,5,0,'2023-11-04'),
	 ('1f7a025e518180f71e689fac627912f8','Jalen Hood-Schifino','LAL','Los Angeles Lakers','Mon, Oct 23, 2023','Out','Knee','Hood-Schifino has a right patella contusion and will be re-evaluated Nov. 3, according to Mike Trudell of Spectrum SportsNet.',5,5,0,'2023-11-04');
INSERT INTO injuries (injury_pk,player,team_acronym,team,"date",status,injury,description,total_injuries,team_active_injuries,team_active_protocols,scrape_date) VALUES
	 ('22e96bd318a2ab2c5b33f6311586c2d3','Alec Burks','DET','Detroit Pistons','Thu, Nov 2, 2023','Day To Day','Forearm','Burks did not play in Thursday''s (Nov. 2) game against New Orleans.',4,4,0,'2023-11-04'),
	 ('2ee8b30ed372a25075a684f4f43e8402','Bradley Beal','PHX','Phoenix Suns','Fri, Nov 3, 2023','Out','Back','Beal is OUT for Saturday''s (Nov.4) game against Philadelphia.',3,3,0,'2023-11-04'),
	 ('343f8618c2f7f1d23cb853ec8911fedf','Markieff Morris','DAL','Dallas Mavericks','Fri, Nov 3, 2023','Out','Illness','Morris is OUT for Friday''s (Nov. 3) game against Denver.',2,2,0,'2023-11-04'),
	 ('34b3ea22137ad9ff2bdb1db7db83a84c','Trey Lyles','SAC','Sacramento Kings','Fri, Nov 3, 2023','Out','Calf','Lyles is OUT for Saturday''s (Nov.4) game against Houston.',2,2,0,'2023-11-04'),
	 ('36f6ab2dc626d35887af8722700a0b34','Ish Wainright','POR','Portland Trail Blazers','Thu, Nov 2, 2023','Out','Calf','Wainright is OUT for Friday''s (Nov.3) game against Memphis.',4,4,0,'2023-11-04'),
	 ('45765c3c73e38d562fa10bcc95d6133f','Nicolas Batum','PHI','Philadelphia 76ers','Fri, Nov 3, 2023','Out','Personal','Batum is OUT for Saturday''s (Nov.4) game against Phoenix.',1,1,0,'2023-11-04'),
	 ('4576f7b54e3f3c47be0074e74b8013f9','RJ Barrett','NYK','New York Knicks','Fri, Nov 3, 2023','Day To Day','Knee','Barrett did not play in Friday''s (Nov.3) game against Cleveland.',1,1,0,'2023-11-04'),
	 ('46e7f6fb7bb9c747b816dfa93789f06f','Wendell Carter','ORL','Orlando Magic','Fri, Nov 3, 2023','Out','Hand','Carter Jr. is OUT for Saturday''s (Nov.3) game against Los Angeles.',3,3,0,'2023-11-04'),
	 ('4e6b33f4e80e1270df52bebf802bb9d2','Kenrich Williams','OKC','Oklahoma City Thunder','Tue, Oct 31, 2023','Out','Back','Williams has back spasms and remains without a timetable to return.',2,2,0,'2023-11-04'),
	 ('518aef3237bb239d76399d9349c5d455','Gary Harris','ORL','Orlando Magic','Fri, Nov 3, 2023','Out','Groin','Harris is OUT for Saturday''s (Nov.3) game against Los Angeles.',3,3,0,'2023-11-04');
INSERT INTO injuries (injury_pk,player,team_acronym,team,"date",status,injury,description,total_injuries,team_active_injuries,team_active_protocols,scrape_date) VALUES
	 ('52b6977624d3736383e1422b5ec7c0ca','Gabe Vincent','LAL','Los Angeles Lakers','Fri, Nov 3, 2023','Out','Knee','Vincent is OUT for Saturday''s (Nov.4) game against Orlando.',5,5,0,'2023-11-04'),
	 ('52ce59115bf52c5ce5ed9ec796dc5be0','Shaedon Sharpe','POR','Portland Trail Blazers','Thu, Nov 2, 2023','Day To Day','Thumb','Sharpe is Probable for Friday''s (Nov.3) game against Memphis.',4,4,0,'2023-11-04'),
	 ('5316408c1831d9f3623a5f611d85c777','Isaiah Livers','DET','Detroit Pistons','Tue, Oct 24, 2023','Out','Ankle','The Pistons announced that Livers sustained a left ankle sprain and will be out for approximately 6-8 weeks.',4,4,0,'2023-11-04'),
	 ('67debe17bbe6b48eb4fe3c7ba56db1dd','Jarred Vanderbilt','LAL','Los Angeles Lakers','Fri, Oct 27, 2023','Out','Heel','Vanderbilt will be re-evaluated in two weeks, according to Broderick Turner of the Los Angeles Times.',5,5,0,'2023-11-04'),
	 ('6b7d7fd8baf820d8547d1cddbc896d51','Jose Alvarado','NOP','New Orleans Pelicans','Tue, Oct 24, 2023','Out','Ankle','The Pelicans announced that Alvarado suffered a right ankle sprain and will be re-evaluated in two weeks.',4,4,0,'2023-11-04'),
	 ('6ce5b263adb71f6a3f6087e081ea634d','Lonzo Ball','CHI','Chicago Bulls','Tue, Oct 24, 2023','Out For Season','Knee','Ball will miss the 2023-24 season while recovering from surgery.',2,2,0,'2023-11-04'),
	 ('6e676388e19ef5dcf6bb447be07a4654','Markelle Fultz','ORL','Orlando Magic','Fri, Nov 3, 2023','Day To Day','Knee','Fultz is Questionable for Saturday''s (Nov.3) game against Los Angeles.',3,3,0,'2023-11-04'),
	 ('7d0b8886f4efdcfd09fad421c66cc80d','Brandon Ingram','NOP','New Orleans Pelicans','Fri, Nov 3, 2023','Day To Day','Knee','Ingram is Questionable for Saturday''s (Nov. 4) game against Atlanta.',4,4,0,'2023-11-04'),
	 ('7e56d88fbedf792e3c8223c296df0695','Devin Booker','PHX','Phoenix Suns','Fri, Nov 3, 2023','Day To Day','Ankle','Booker is Questionable for Saturday''s (Nov.4) game against Philadelphia.',3,3,0,'2023-11-04'),
	 ('8103d551d82aebbcf4b8cfe165494528','Ricky Rubio','CLE','Cleveland Cavaliers','Wed, Sep 27, 2023','Out','Personal','Rubio is away from the team due to a mental health matter, he will miss an undetermined length of time.',2,2,0,'2023-11-04');
INSERT INTO injuries (injury_pk,player,team_acronym,team,"date",status,injury,description,total_injuries,team_active_injuries,team_active_protocols,scrape_date) VALUES
	 ('83340e076703ee9716b021ca58575cc4','Neemias Queta','BOS','Boston Celtics','Fri, Nov 3, 2023','Out','Foot','Queta is OUT for Saturday''s (Nov. 4) game against Brooklyn.',1,1,0,'2023-11-04'),
	 ('857e517cedaac4fbc1d912f6e834e0af','Corey Kispert','WAS','Washington Wizards','Fri, Nov 3, 2023','Day To Day','Ankle','Kispert did not play in Friday''s (Nov. 3) game against Miami.',1,1,0,'2023-11-04'),
	 ('85a8370d814a69703c07473eaced24da','Christian Koloko','TOR','Toronto Raptors','Tue, Oct 24, 2023','Out','Respiratory','Koloko has been dealing with a respiratory issue since the offseason and currently has no timetable to return.',2,2,0,'2023-11-04'),
	 ('876d7197ea8048b0a530a4da1f691ed5','Frank Ntilikina','CHA','Charlotte Hornets','Sat, Oct 21, 2023','Out','Leg','The Hornets announced that Ntilikina suffered a non-displaced fracture of his left Tibia.',3,3,0,'2023-11-04'),
	 ('87c404d4aff5be178de3d1f0acc19ed9','Cameron Johnson','BKN','Brooklyn Nets','Mon, Oct 30, 2023','Out','Calf','Johnson has a calf strain and will be re-evaluated in 10 days, according to Brian Lewis of the New York Post.',2,2,0,'2023-11-04'),
	 ('8a09c01f05f3d62d288903d63d2f3abc','Precious Achiuwa','TOR','Toronto Raptors','Thu, Nov 2, 2023','Day To Day','Groin','Achiuwa did not play in Thursday''s (Nov. 2) game against Philadelphia.',2,2,0,'2023-11-04'),
	 ('8b0e1519ef0ad50480e7c22cf16488fd','Jaylen Clark','MIN','Minnesota Timberwolves','Tue, Oct 24, 2023','Out','Achilles','Clark is idle due to a right Achilles issue, and is not expected to make his season debut until sometime in February.',1,1,0,'2023-11-04'),
	 ('9041190599d29b04e70b66ac94802b05','Ty Jerome','CLE','Cleveland Cavaliers','Fri, Nov 3, 2023','Day To Day','Ankle','Jerome did not play in Friday''s (Nov.3) game against Indiana.',2,2,0,'2023-11-04'),
	 ('9058771c50fc149a7c817331354b63f5','Caleb Martin','MIA','Miami Heat','Fri, Nov 3, 2023','Day To Day','Knee','Martin did not play in Friday''s (Nov. 3) game against Washington.',1,1,0,'2023-11-04'),
	 ('928e09dd79cfb046feb6cffdfe9b5ac4','Derrick Rose','MEM','Memphis Grizzlies','Wed, Nov 1, 2023','Out','Knee','Grizzlies coach Taylor Jenkins said Rose will be re-evaluated in a week.',4,4,0,'2023-11-04');
INSERT INTO injuries (injury_pk,player,team_acronym,team,"date",status,injury,description,total_injuries,team_active_injuries,team_active_protocols,scrape_date) VALUES
	 ('9397422af882b070dce2622fe808aa7c','Tari Eason','HOU','Houston Rockets','Tue, Oct 24, 2023','Out','Leg','Rockets coach Ime Udoka said Eason is out 2-3 weeks with a stress reaction in his left leg.',3,3,0,'2023-11-04'),
	 ('95c6a2081a1788cbdd83a1dd1de06c19','Victor Oladipo','HOU','Houston Rockets','Tue, Oct 24, 2023','Out','Knee','Oladipo is out while recovering from a left patellar tendon repair.',3,3,0,'2023-11-04'),
	 ('a86ab9fcc41147c19e12ec060266e7fb','Shai Gilgeous-Alexander','OKC','Oklahoma City Thunder','Fri, Nov 3, 2023','Day To Day','Knee','Gilgeous-Alexander did not play in Friday''s (Nov. 3) game against Golden State.',2,2,0,'2023-11-04'),
	 ('ad824a5fd2da000d543f38ee96cae964','Steven Adams','MEM','Memphis Grizzlies','Tue, Oct 24, 2023','Out For Season','Knee','The Grizzlies announced that Adams will undergo season-ending surgery on his right knee.',4,4,0,'2023-11-04'),
	 ('b38489bfa49a4f4ff5f97957a23aa2f7','Santi Aldama','MEM','Memphis Grizzlies','Fri, Nov 3, 2023','Out','Ankle','Aldama is OUT for Friday''s (Nov. 3) game against Portland.',4,4,0,'2023-11-04'),
	 ('b6a3a11f6853ec70829884ac285747c8','Damion Lee','PHX','Phoenix Suns','Sun, Oct 1, 2023','Out','Knee','The Suns announced that Lee sustained a meniscus injury and will be out until further notice.',3,3,0,'2023-11-04'),
	 ('b762e4b9e659ff7736d34a55d5874824','Trey Murphy','NOP','New Orleans Pelicans','Tue, Oct 24, 2023','Out','Knee','The Pelicans announced that Murphy III will return to basketball activities in approximately 10-12 weeks.',4,4,0,'2023-11-04'),
	 ('c2488106b24b9b519194dd9974f0a6c7','Vlatko Cancar','DEN','Denver Nuggets','Thu, Aug 17, 2023','Out','Knee','The Nuggets announced that Cancar underwent surgery on his left knee and is out indefinitely.',1,1,0,'2023-11-04'),
	 ('c5441441b6d0aca03a9b8da966baeca3','Brandon Clarke','MEM','Memphis Grizzlies','Tue, Oct 24, 2023','Out','Achilles','Clarke has no timetable for return after suffering a torn Achilles in March, according to Adrian Wojnarowski of ESPN.',4,4,0,'2023-11-04'),
	 ('cf92ee876dbbd3e6fb673a595df00b81','Bojan Bogdanovic','DET','Detroit Pistons','Tue, Oct 24, 2023','Out','Calf','The Pistons announced that Bogdanovic has a right calf strain and will be re-evaluated in four weeks.',4,4,0,'2023-11-04');
INSERT INTO injuries (injury_pk,player,team_acronym,team,"date",status,injury,description,total_injuries,team_active_injuries,team_active_protocols,scrape_date) VALUES
	 ('d1cfdbae8894b6aaa97061057f0f26a6','Cody Martin','CHA','Charlotte Hornets','Tue, Oct 24, 2023','Out','Knee','Martin hasn''t played since Jan. 14 last season against Boston. A timetable for his return hasn''t been announced.',3,3,0,'2023-11-04'),
	 ('d727aa2eb4e4102f876449f6dbfd3d07','Taurean Prince','LAL','Los Angeles Lakers','Fri, Nov 3, 2023','Day To Day','Patellar','Prince is Questionable for Saturday''s (Nov.4) game against Orlando.',5,5,0,'2023-11-04'),
	 ('e0622b957fc749c2a4ff22ccc0bad116','James Bouknight','CHA','Charlotte Hornets','Tue, Oct 24, 2023','Out','Knee','The Hornets announced that Bouknight had surgery and will be re-evaluated in four weeks.',3,3,0,'2023-11-04'),
	 ('e22ecb42a60cf8aaaa39f29398a702ba','Brandon Boston','LAC','Los Angeles Clippers','Sat, Oct 28, 2023','Out','Quad','Boston Jr. doesn''t have a clear timetable for his return, according to Law Murray of The Athletic.',2,2,0,'2023-11-04'),
	 ('e8ea058d566c123f30f6ced562e28e1b','Amen Thompson','HOU','Houston Rockets','Fri, Nov 3, 2023','Out','Ankle','Thompson is OUT for Saturday''s (Nov.4) game against Sacramento.',3,3,0,'2023-11-04'),
	 ('eb51d1bb6f6fc3abf34d6dc5652e1c8b','Naji Marshall','NOP','New Orleans Pelicans','Mon, Oct 30, 2023','Out','Knee','The Pelicans announced that Marshall has been cleared to increase rehab activity and will be re-evaluated in about two weeks.',4,4,0,'2023-11-04'),
	 ('feb27c3aeec69270460ae4a20aca1e4f','Kobe Bufkin','ATL','Atlanta Hawks','Fri, Nov 3, 2023','Out','Thumb','Bufkin is OUT for Saturday''s (Nov.4) game against New Orleans.',2,2,0,'2023-11-04');

DROP TABLE IF EXISTS injury_tracker;
CREATE TABLE IF NOT EXISTS injury_tracker
(
    player_logo text COLLATE pg_catalog."default",
    player text COLLATE pg_catalog."default",
    status text COLLATE pg_catalog."default",
    continuous_games_missed bigint,
    games_played bigint,
    avg_ppg numeric,
    avg_ts_percent numeric,
    avg_plus_minus numeric,
    avg_mvp_score numeric
);

INSERT INTO injury_tracker (player_logo,player,status,continuous_games_missed,games_played,avg_ppg,avg_ts_percent,avg_plus_minus,avg_mvp_score) VALUES
	 ('https://ak-static.cms.nba.com/wp-content/uploads/headshots/nba/latest/260x190/1628368.png','<span style=''font-size:16px; color:royalblue;''>De''Aaron Fox</span> <span style=''font-size:12px; color:grey;''>SAC</span>','Out - Ankle',1,3,31.3,0.593,10.0,47.5),
	 ('https://ak-static.cms.nba.com/wp-content/uploads/headshots/nba/latest/260x190/1626164.png','<span style=''font-size:16px; color:royalblue;''>Devin Booker</span> <span style=''font-size:12px; color:grey;''>PHX</span>','Day To Day - Ankle',0,2,31.5,0.717,1.5,44.5),
	 ('https://ak-static.cms.nba.com/wp-content/uploads/headshots/nba/latest/260x190/1628983.png','<span style=''font-size:16px; color:royalblue;''>Shai Gilgeous-Alexander</span> <span style=''font-size:12px; color:grey;''>OKC</span>','Day To Day - Knee',1,5,24.8,0.544,4.2,42.7),
	 ('https://ak-static.cms.nba.com/wp-content/uploads/headshots/nba/latest/260x190/1627742.png','<span style=''font-size:16px; color:royalblue;''>Brandon Ingram</span> <span style=''font-size:12px; color:grey;''>NOP</span>','Day To Day - Knee',3,2,22.5,0.571,1.5,29.0),
	 ('https://ak-static.cms.nba.com/wp-content/uploads/headshots/nba/latest/260x190/202692.png','<span style=''font-size:16px; color:royalblue;''>Alec Burks</span> <span style=''font-size:12px; color:grey;''>DET</span>','Day To Day - Forearm',2,4,15.0,0.658,11.8,27.9),
	 ('https://ak-static.cms.nba.com/wp-content/uploads/headshots/nba/latest/260x190/1631101.png','<span style=''font-size:16px; color:royalblue;''>Shaedon Sharpe</span> <span style=''font-size:12px; color:grey;''>POR</span>','Day To Day - Thumb',0,6,20.5,0.582,-1.8,26.5),
	 ('https://ak-static.cms.nba.com/wp-content/uploads/headshots/nba/latest/260x190/1629628.png','<span style=''font-size:16px; color:royalblue;''>RJ Barrett</span> <span style=''font-size:12px; color:grey;''>NYK</span>','Day To Day - Knee',2,4,21.0,0.573,2.8,25.8),
	 ('https://ak-static.cms.nba.com/wp-content/uploads/headshots/nba/latest/260x190/1628365.png','<span style=''font-size:16px; color:royalblue;''>Markelle Fultz</span> <span style=''font-size:12px; color:grey;''>ORL</span>','Day To Day - Knee',1,4,11.0,0.495,1.8,21.8),
	 ('https://ak-static.cms.nba.com/wp-content/uploads/headshots/nba/latest/260x190/1629661.png','<span style=''font-size:16px; color:royalblue;''>Cameron Johnson</span> <span style=''font-size:12px; color:grey;''>BKN</span>','Out - Calf',4,1,12.0,0.551,-1.0,19.5),
	 ('https://ak-static.cms.nba.com/wp-content/uploads/headshots/nba/latest/260x190/1629651.png','<span style=''font-size:16px; color:royalblue;''>Nic Claxton</span> <span style=''font-size:12px; color:grey;''>BKN</span>','Day To Day - Ankle',4,1,7.0,0.335,-12.0,16.5);
INSERT INTO injury_tracker (player_logo,player,status,continuous_games_missed,games_played,avg_ppg,avg_ts_percent,avg_plus_minus,avg_mvp_score) VALUES
	 ('https://ak-static.cms.nba.com/wp-content/uploads/headshots/nba/latest/260x190/1628976.png','<span style=''font-size:16px; color:royalblue;''>Wendell Carter</span> <span style=''font-size:12px; color:grey;''>ORL</span>','Out - Hand',0,5,9.4,0.459,0.4,15.9),
	 ('https://ak-static.cms.nba.com/wp-content/uploads/headshots/nba/latest/260x190/1629014.png','<span style=''font-size:16px; color:royalblue;''>Anfernee Simons</span> <span style=''font-size:12px; color:grey;''>POR</span>','Out - Thumb',5,1,18.0,0.571,-27.0,15.5),
	 ('https://ak-static.cms.nba.com/wp-content/uploads/headshots/nba/latest/260x190/1629216.png','<span style=''font-size:16px; color:royalblue;''>Gabe Vincent</span> <span style=''font-size:12px; color:grey;''>LAL</span>','Out - Knee',1,4,6.0,0.416,2.5,14.5),
	 ('https://ak-static.cms.nba.com/wp-content/uploads/headshots/nba/latest/260x190/203914.png','<span style=''font-size:16px; color:royalblue;''>Gary Harris</span> <span style=''font-size:12px; color:grey;''>ORL</span>','Out - Groin',0,5,8.0,0.732,4.0,13.2),
	 ('https://ak-static.cms.nba.com/wp-content/uploads/headshots/nba/latest/260x190/201587.png','<span style=''font-size:16px; color:royalblue;''>Nicolas Batum</span> <span style=''font-size:12px; color:grey;''>LAC</span>','Out - Personal',2,3,2.7,0.500,0.0,10.5),
	 ('https://ak-static.cms.nba.com/wp-content/uploads/headshots/nba/latest/260x190/201565.png','<span style=''font-size:16px; color:royalblue;''>Derrick Rose</span> <span style=''font-size:12px; color:grey;''>MEM</span>','Out - Knee',2,4,8.0,0.413,-5.0,9.9),
	 ('https://ak-static.cms.nba.com/wp-content/uploads/headshots/nba/latest/260x190/1630557.png','<span style=''font-size:16px; color:royalblue;''>Corey Kispert</span> <span style=''font-size:12px; color:grey;''>WAS</span>','Day To Day - Ankle',1,4,11.0,0.576,-4.0,9.5),
	 ('https://ak-static.cms.nba.com/wp-content/uploads/headshots/nba/latest/260x190/1630245.png','<span style=''font-size:16px; color:royalblue;''>Ayo Dosunmu</span> <span style=''font-size:12px; color:grey;''>CHI</span>','Day To Day - Illness',1,5,5.0,0.595,2.6,9.3),
	 ('https://ak-static.cms.nba.com/wp-content/uploads/headshots/nba/latest/260x190/1629060.png','<span style=''font-size:16px; color:royalblue;''>Rui Hachimura</span> <span style=''font-size:12px; color:grey;''>LAL</span>','Out - Eye',2,3,8.0,0.555,-4.0,8.8),
	 ('https://ak-static.cms.nba.com/wp-content/uploads/headshots/nba/latest/260x190/1628467.png','<span style=''font-size:16px; color:royalblue;''>Maxi Kleber</span> <span style=''font-size:12px; color:grey;''>DAL</span>','Out - Toe',1,4,3.3,0.385,1.0,8.6);
INSERT INTO injury_tracker (player_logo,player,status,continuous_games_missed,games_played,avg_ppg,avg_ts_percent,avg_plus_minus,avg_mvp_score) VALUES
	 ('https://ak-static.cms.nba.com/wp-content/uploads/headshots/nba/latest/260x190/1630703.png','<span style=''font-size:16px; color:royalblue;''>Scoot Henderson</span> <span style=''font-size:12px; color:grey;''>POR</span>','Out - Ankle',1,5,8.8,0.399,-9.2,7.8),
	 ('https://ak-static.cms.nba.com/wp-content/uploads/headshots/nba/latest/260x190/1630173.png','<span style=''font-size:16px; color:royalblue;''>Precious Achiuwa</span> <span style=''font-size:12px; color:grey;''>TOR</span>','Day To Day - Groin',3,3,7.3,0.434,-7.3,7.3),
	 ('https://ak-static.cms.nba.com/wp-content/uploads/headshots/nba/latest/260x190/1627752.png','<span style=''font-size:16px; color:royalblue;''>Taurean Prince</span> <span style=''font-size:12px; color:grey;''>LAL</span>','Day To Day - Patellar',0,5,8.4,0.573,-8.8,6.8),
	 ('https://ak-static.cms.nba.com/wp-content/uploads/headshots/nba/latest/260x190/1641708.png','<span style=''font-size:16px; color:royalblue;''>Amen Thompson</span> <span style=''font-size:12px; color:grey;''>HOU</span>','Out - Ankle',0,4,6.3,0.490,-5.3,6.5),
	 ('https://ak-static.cms.nba.com/wp-content/uploads/headshots/nba/latest/260x190/1628997.png','<span style=''font-size:16px; color:royalblue;''>Caleb Martin</span> <span style=''font-size:12px; color:grey;''>MIA</span>','Day To Day - Knee',5,1,2.0,0.143,-5.0,4.5),
	 ('https://ak-static.cms.nba.com/wp-content/uploads/headshots/nba/latest/260x190/1629660.png','<span style=''font-size:16px; color:royalblue;''>Ty Jerome</span> <span style=''font-size:12px; color:grey;''>CLE</span>','Day To Day - Ankle',4,2,2.0,0.500,-7.0,0.3),
	 ('https://ak-static.cms.nba.com/wp-content/uploads/headshots/nba/latest/260x190/1641723.png','<span style=''font-size:16px; color:royalblue;''>Kobe Bufkin</span> <span style=''font-size:12px; color:grey;''>ATL</span>','Out - Thumb',1,2,0.5,0.129,-7.0,-2.5);


DROP TABLE IF EXISTS game_types;
CREATE TABLE game_types(
    game_type text,
    season_type text,
    n bigint,
    explanation text
);

INSERT INTO game_types (game_type, season_type, n, explanation)
VALUES ('20 pt Game', 'Regular Season', 356, 'between 11 and 20 points'),
       ('Blowout Game', 'Regular Season', 154, 'more than 20 points'),
       ('10 pt Game', 'Regular Season', 351, 'between 6 and 10 points'),
       ('Clutch Game', 'Regular Season', 327, '5 points or less');


DROP TABLE IF EXISTS schedule;
CREATE TABLE IF NOT EXISTS schedule(
	game_date date NULL,
	day_name text NULL,
	game_ts timestamp NULL,
	avg_team_rank int8 NULL,
	start_time text NULL,
	home_team text NULL,
	away_team text NULL,
	home_moneyline_raw numeric NULL,
	away_moneyline_raw numeric NULL,
	home_team_logo text NULL,
	away_team_logo text NULL,
	home_team_odds text NULL,
	away_team_odds text NULL
);

INSERT INTO schedule (game_date,day_name,game_ts,avg_team_rank,start_time,home_team,away_team,home_moneyline_raw,away_moneyline_raw,home_team_logo,away_team_logo,home_team_odds,away_team_odds) VALUES
	 ('2023-10-29','Sunday','2023-10-29 03:30:00.000',4,'3:30 PM','Oklahoma City Thunder','Denver Nuggets',125,-150,'logos/okc.png','logos/den.png','Oklahoma City Thunder (+125)','Denver Nuggets (-150)'),
	 ('2023-10-29','Sunday','2023-10-29 07:00:00.000',15,'7:00 PM','Milwaukee Bucks','Atlanta Hawks',-300,240,'logos/mil.png','logos/atl.png','Milwaukee Bucks (-300)','Atlanta Hawks (+240)'),
	 ('2023-10-29','Sunday','2023-10-29 07:00:00.000',20,'7:00 PM','Houston Rockets','Golden State Warriors',160,-190,'logos/hou.png','logos/gsw.png','Houston Rockets (+160)','Golden State Warriors (-190)'),
	 ('2023-10-29','Sunday','2023-10-29 07:30:00.000',20,'7:30 PM','Philadelphia 76ers','Portland Trail Blazers',-500,375,'logos/phi.png','logos/por.png','Philadelphia 76ers (-500)','Portland Trail Blazers (+375)'),
	 ('2023-10-29','Sunday','2023-10-29 09:00:00.000',16,'9:00 PM','Los Angeles Clippers','San Antonio Spurs',-375,300,'logos/lac.png','logos/sas.png','Los Angeles Clippers (-375)','San Antonio Spurs (+300)'),
	 ('2023-10-29','Sunday','2023-10-29 09:00:00.000',16,'9:00 PM','Sacramento Kings','Los Angeles Lakers',-150,125,'logos/sac.png','logos/lal.png','Sacramento Kings (-150)','Los Angeles Lakers (+125)'),
	 (current_date + INTERVAL '1 DAY','Monday',current_timestamp + INTERVAL '1 DAY',10,'7:00 PM','Washington Wizards','Boston Celtics',NULL,NULL,'logos/was.png','logos/bos.png','Washington Wizards','Boston Celtics'),
	 (current_date + INTERVAL '1 DAY','Monday',current_timestamp + INTERVAL '1 DAY',23,'7:00 PM','Charlotte Hornets','Brooklyn Nets',NULL,NULL,'logos/cha.png','logos/bkn.png','Charlotte Hornets','Brooklyn Nets'),
	 (current_date + INTERVAL '1 DAY','Monday',current_timestamp + INTERVAL '1 DAY',14,'7:00 PM','Indiana Pacers','Chicago Bulls',NULL,NULL,'logos/ind.png','logos/chi.png','Indiana Pacers','Chicago Bulls'),
	 (current_date + INTERVAL '1 DAY','Monday',current_timestamp + INTERVAL '1 DAY',26,'7:30 PM','Toronto Raptors','Portland Trail Blazers',NULL,NULL,'logos/tor.png','logos/por.png','Toronto Raptors','Portland Trail Blazers');
INSERT INTO schedule (game_date,day_name,game_ts,avg_team_rank,start_time,home_team,away_team,home_moneyline_raw,away_moneyline_raw,home_team_logo,away_team_logo,home_team_odds,away_team_odds) VALUES
	 ('2023-10-30','Monday','2023-10-30 07:30:00.000',19,'7:30 PM','Atlanta Hawks','Minnesota Timberwolves',NULL,NULL,'logos/atl.png','logos/min.png','Atlanta Hawks','Minnesota Timberwolves'),
	 ('2023-10-30','Monday','2023-10-30 08:00:00.000',12,'8:00 PM','Milwaukee Bucks','Miami Heat',NULL,NULL,'logos/mil.png','logos/mia.png','Milwaukee Bucks','Miami Heat'),
	 ('2023-10-30','Monday','2023-10-30 08:00:00.000',15,'8:00 PM','Memphis Grizzlies','Dallas Mavericks',NULL,NULL,'logos/mem.png','logos/dal.png','Memphis Grizzlies','Dallas Mavericks'),
	 ('2023-10-30','Monday','2023-10-30 08:00:00.000',10,'8:00 PM','New Orleans Pelicans','Golden State Warriors',NULL,NULL,'logos/nop.png','logos/gsw.png','New Orleans Pelicans','Golden State Warriors'),
	 ('2023-10-30','Monday','2023-10-30 08:00:00.000',9,'8:00 PM','Oklahoma City Thunder','Detroit Pistons',NULL,NULL,'logos/okc.png','logos/det.png','Oklahoma City Thunder','Detroit Pistons'),
	 ('2023-10-30','Monday','2023-10-30 09:00:00.000',12,'9:00 PM','Denver Nuggets','Utah Jazz',NULL,NULL,'logos/den.png','logos/uta.png','Denver Nuggets','Utah Jazz'),
	 ('2023-10-30','Monday','2023-10-30 10:30:00.000',10,'10:30 PM','Los Angeles Lakers','Orlando Magic',NULL,NULL,'logos/lal.png','logos/orl.png','Los Angeles Lakers','Orlando Magic'),
	 ('2023-10-31','Tuesday','2023-10-31 07:30:00.000',21,'7:30 PM','Cleveland Cavaliers','New York Knicks',NULL,NULL,'logos/cle.png','logos/nyk.png','Cleveland Cavaliers','New York Knicks'),
	 ('2023-10-31','Tuesday','2023-10-31 10:00:00.000',14,'10:00 PM','Phoenix Suns','San Antonio Spurs',NULL,NULL,'logos/phx.png','logos/sas.png','Phoenix Suns','San Antonio Spurs'),
	 ('2023-10-31','Tuesday','2023-10-31 10:30:00.000',10,'10:30 PM','Los Angeles Clippers','Orlando Magic',NULL,NULL,'logos/lac.png','logos/orl.png','Los Angeles Clippers','Orlando Magic');
INSERT INTO schedule (game_date,day_name,game_ts,avg_team_rank,start_time,home_team,away_team,home_moneyline_raw,away_moneyline_raw,home_team_logo,away_team_logo,home_team_odds,away_team_odds) VALUES
	 ('2023-11-01','Wednesday','2023-11-01 07:00:00.000',14,'7:00 PM','Toronto Raptors','Milwaukee Bucks',NULL,NULL,'logos/tor.png','logos/mil.png','Toronto Raptors','Milwaukee Bucks'),
	 ('2023-11-01','Wednesday','2023-11-01 07:00:00.000',19,'7:00 PM','Detroit Pistons','Portland Trail Blazers',NULL,NULL,'logos/det.png','logos/por.png','Detroit Pistons','Portland Trail Blazers'),
	 ('2023-11-01','Wednesday','2023-11-01 07:30:00.000',22,'7:30 PM','Atlanta Hawks','Washington Wizards',NULL,NULL,'logos/atl.png','logos/was.png','Atlanta Hawks','Washington Wizards'),
	 ('2023-11-01','Wednesday','2023-11-01 07:30:00.000',4,'7:30 PM','Boston Celtics','Indiana Pacers',NULL,NULL,'logos/bos.png','logos/ind.png','Boston Celtics','Indiana Pacers'),
	 ('2023-11-01','Wednesday','2023-11-01 07:30:00.000',25,'7:30 PM','Miami Heat','Brooklyn Nets',NULL,NULL,'logos/mia.png','logos/bkn.png','Miami Heat','Brooklyn Nets'),
	 ('2023-11-01','Wednesday','2023-11-01 07:30:00.000',21,'7:30 PM','New York Knicks','Cleveland Cavaliers',NULL,NULL,'logos/nyk.png','logos/cle.png','New York Knicks','Cleveland Cavaliers'),
	 ('2023-11-01','Wednesday','2023-11-01 07:30:00.000',7,'7:30 PM','Oklahoma City Thunder','New Orleans Pelicans',NULL,NULL,'logos/okc.png','logos/nop.png','Oklahoma City Thunder','New Orleans Pelicans'),
	 ('2023-11-01','Wednesday','2023-11-01 08:00:00.000',6,'8:00 PM','Minnesota Timberwolves','Denver Nuggets',NULL,NULL,'logos/min.png','logos/den.png','Minnesota Timberwolves','Denver Nuggets'),
	 ('2023-11-01','Wednesday','2023-11-01 08:00:00.000',21,'8:00 PM','Houston Rockets','Charlotte Hornets',NULL,NULL,'logos/hou.png','logos/cha.png','Houston Rockets','Charlotte Hornets'),
	 ('2023-11-01','Wednesday','2023-11-01 08:30:00.000',12,'8:30 PM','Dallas Mavericks','Chicago Bulls',NULL,NULL,'logos/dal.png','logos/chi.png','Dallas Mavericks','Chicago Bulls');


DROP TABLE IF EXISTS ml_models.schedule_tonights_games;
CREATE TABLE IF NOT EXISTS ml_models.schedule_tonights_games(
	home_team text NULL,
	away_team text NULL,
	avg_team_rank numeric,
	home_team_odds text NULL,
	away_team_odds text NULL,
	start_time text NULL,
	game_date date NULL,
	home_moneyline float8 NULL,
	away_moneyline float8 NULL,
	home_team_predicted_win_pct float8 NULL,
	away_team_predicted_win_pct float8 NULL,
	home_is_great_value int4 NULL,
	away_is_great_value int4 NULL
);

INSERT INTO ml_models.schedule_tonights_games (home_team,away_team,avg_team_rank,home_team_odds,away_team_odds,start_time,game_date,home_moneyline,away_moneyline,home_team_predicted_win_pct,away_team_predicted_win_pct,home_is_great_value,away_is_great_value) VALUES
	 ('Charlotte Hornets','Detroit Pistons', 3, 'Charlotte Hornets (-170)','Detroit Pistons (+140)','7:00 PM',current_date,-170.0,140.0,0.876,0.124,0,0),
	 ('Memphis Grizzlies','Denver Nuggets', 9.5, 'Memphis Grizzlies (+165)','Denver Nuggets (-200)','7:00 PM',current_date,165.0,-200.0,0.198,0.802,1,0),
	 ('Cleveland Cavaliers','Oklahoma City Thunder', 15.5, 'Cleveland Cavaliers (-160)','Oklahoma City Thunder (+130)','7:30 PM',current_date,-160.0,130.0,0.597,0.403,0,0),
	 ('Boston Celtics','Miami Heat', 7, 'Boston Celtics (-325)','Miami Heat (+250)','7:30 PM',current_date,-325.0,250.0,0.487,0.513,0,1),
	 ('Atlanta Hawks','New York Knicks', 10,'Atlanta Hawks (-125)','New York Knicks (+105)','7:30 PM',current_date,-125.0,105.0,0.531,0.469,1,0),
	 ('Chicago Bulls','Toronto Raptors', 19, 'Chicago Bulls (-140)','Toronto Raptors (+115)','8:00 PM',current_date,-140.0,115.0,0.111,0.889,0,1),
	 ('San Antonio Spurs','Houston Rockets', 24, 'San Antonio Spurs (-130)','Houston Rockets (+110)','8:00 PM',current_date,-130.0,110.0,0.284,0.716,0,1),
	 ('Dallas Mavericks','Brooklyn Nets', 13, 'Dallas Mavericks (-240)','Brooklyn Nets (+190)','8:30 PM',current_date,-240.0,190.0,0.878,0.122,0,0),
	 ('Utah Jazz','Los Angeles Clippers', 8, 'Utah Jazz (+130)','Los Angeles Clippers (-152)','9:30 PM',current_date,130.0,-152.0,0.158,0.842,0,0),
	 ('Sacramento Kings','Golden State Warriors', 5, 'Sacramento Kings (-160)','Golden State Warriors (+130)','10:00 PM',current_date,-160.0,130.0,0.779,0.221,1,0);
INSERT INTO ml_models.schedule_tonights_games (home_team,away_team,avg_team_rank,home_team_odds,away_team_odds,start_time,game_date,home_moneyline,away_moneyline,home_team_predicted_win_pct,away_team_predicted_win_pct,home_is_great_value,away_is_great_value) VALUES
	 ('Portland Trail Blazers','Orlando Magic', 25.5, 'Portland Trail Blazers (+115)','Orlando Magic (-140)','10:00 PM',current_date,115.0,-140.0,0.332,0.668,0,0);

DROP TABLE IF EXISTS social_media_aggs;
CREATE TABLE IF NOT EXISTS social_media_aggs
(
    date date,
    reddit_tot_comments bigint,
    reddit_pct_difference numeric,
    twitter_tot_comments bigint,
    twitter_pct_difference numeric
);

INSERT INTO social_media_aggs(
	date, reddit_tot_comments, reddit_pct_difference, twitter_tot_comments, twitter_pct_difference)
	VALUES (current_date, 4753, -23.600, 0, 0);

DROP TABLE IF EXISTS nba_predictions;
CREATE TABLE nba_predictions(
    proper_date date,
    home_team text,
    home_team_odds double precision,
    home_team_predicted_win_pct numeric,
    away_team text,
    away_team_odds double precision,
    away_team_predicted_win_pct numeric
);

INSERT INTO nba_predictions (proper_date, home_team, home_team_odds, home_team_predicted_win_pct, away_team, away_team_odds, away_team_predicted_win_pct)
VALUES (date(current_timestamp - interval '5 hour'), 'Indiana Pacers', '+200', 0.247, 'San Antonio Spurs', '-160', 0.753),
       (date(current_timestamp - interval '5 hour'), 'Houston Rockets', '-140', 0.194, 'Memphis Grizzlies', '+180', 0.806),
       (date(current_timestamp - interval '5 hour'), 'Golden State Warriors', '-150', 0.712, 'Boston Celtics', '180', 0.288),
       (date(current_timestamp - interval '5 hour'), 'Dallas Mavericks', '-140', 0.194, 'Detroit Pistons', '+180', 0.806),
       (date(current_timestamp - interval '5 hour'), 'Chicago Bulls', '+200', 0.355, 'Charlotte Hornets', '-160', 0.645),
       (date(current_timestamp - interval '5 hour'), 'Utah Jazz', '+320', 0.194, 'Phoenix Suns', '-250', 0.806);


DROP TABLE IF EXISTS transactions;
CREATE TABLE IF NOT EXISTS transactions
(
    date date,
    transaction text COLLATE pg_catalog."default"
);

INSERT INTO transactions ("date","transaction") VALUES
	 ('2023-07-01','The Detroit Pistons waived Eugene Omoruyi.'),
	 ('2023-07-01','The Houston Rockets signed Trevor Hudgins to a two-way contract.'),
	 ('2023-07-01','The Indiana Pacers signed Ben Sheppard to a multi-year contract.'),
	 ('2023-07-01','The Indiana Pacers signed Jarace Walker to a multi-year contract.'),
	 ('2023-07-01','The Miami Heat signed Dru Smith to a two-way contract.'),
	 ('2023-07-01','The Miami Heat signed Jaime Jaquez Jr. to a multi-year contract.'),
	 ('2023-07-01','The Miami Heat signed Jamaree Bouyea to a two-way contract.'),
	 ('2023-07-01','The Miami Heat signed Orlando Robinson.'),
	 ('2023-07-01','The Orlando Magic signed Anthony Black to a multi-year contract.'),
	 ('2023-07-01','The Orlando Magic signed Jett Howard to a multi-year contract.');
INSERT INTO transactions ("date","transaction") VALUES
	 ('2023-07-01','The Philadelphia 76ers signed Ricky Council IV to a two-way contract.'),
	 ('2023-07-01','The Philadelphia 76ers signed Terquavion Smith to a two-way contract.'),
	 ('2023-07-01','The Portland Trail Blazers signed Ibou Badji to a two-way contract.'),
	 ('2023-07-01','The Portland Trail Blazers signed Kris Murray to a multi-year contract.'),
	 ('2023-07-01','The Portland Trail Blazers signed Scoot Henderson to a multi-year contract.'),
	 ('2023-07-01','The San Antonio Spurs signed Victor Wembanyama to a multi-year contract.'),
	 ('2023-07-02','The Charlotte Hornets signed Brandon Miller to a multi-year contract.'),
	 ('2023-07-02','The Charlotte Hornets signed Miles Bridges.'),
	 ('2023-07-02','The Detroit Pistons signed Ausar Thompson to a multi-year contract.'),
	 ('2023-07-02','The Detroit Pistons signed Jared Rhoden to a two-way contract.');
INSERT INTO transactions ("date","transaction") VALUES
	 ('2023-07-02','The Detroit Pistons signed Malcolm Cazalon to a two-way contract.'),
	 ('2023-07-02','The Miami Heat signed Josh Richardson to a multi-year contract.'),
	 ('2023-07-02','The Miami Heat signed Thomas Bryant to a multi-year contract.'),
	 ('2023-07-02','The Minnesota Timberwolves signed Luka Garza to a two-way contract.'),
	 ('2023-07-02','The Phoenix Suns signed Chimezie Metu.'),
	 ('2023-07-02','The Phoenix Suns signed Drew Eubanks to a multi-year contract.'),
	 ('2023-07-02','The Phoenix Suns signed Keita Bates-Diop to a multi-year contract.'),
	 ('2023-07-02','The Phoenix Suns signed Yuta Watanabe.'),
	 ('2023-07-02','The Sacramento Kings signed Colby Jones to a multi-year contract.'),
	 ('2023-07-02','The Sacramento Kings signed Jalen Slawson to a two-way contract.');
INSERT INTO transactions ("date","transaction") VALUES
	 ('2023-07-02','The Sacramento Kings signed Keon Ellis to a two-way contract.'),
	 ('2023-07-02','The Toronto Raptors signed Gradey Dick to a multi-year contract.'),
	 ('2023-07-02','The Utah Jazz signed Brice Sensabaugh to a multi-year contract.'),
	 ('2023-07-02','The Utah Jazz signed Keyonte George to a multi-year contract.'),
	 ('2023-07-02','The Utah Jazz signed Taylor Hendricks to a multi-year contract.'),
	 ('2023-07-02','The Washington Wizards signed Bilal Coulibaly to a multi-year contract.'),
	 ('2023-07-03','The Atlanta Hawks signed Kobe Bufkin to a multi-year contract.'),
	 ('2023-07-03','The Atlanta Hawks signed Mouhamed Gueye to a multi-year contract.'),
	 ('2023-07-03','The Charlotte Hornets signed Nick Smith Jr. to a multi-year contract.'),
	 ('2023-07-03','The Cleveland Cavaliers signed Craig Porter Jr. to a two-way contract.');
INSERT INTO transactions ("date","transaction") VALUES
	 ('2023-07-03','The Cleveland Cavaliers signed Isaiah Mobley to a two-way contract.'),
	 ('2023-07-03','The Golden State Warriors signed Brandin Podziemski to a multi-year contract.'),
	 ('2023-07-03','The Houston Rockets signed Amen Thompson to a multi-year contract.'),
	 ('2023-07-03','The Houston Rockets signed Cam Whitmore to a multi-year contract.'),
	 ('2023-07-03','The Indiana Pacers signed Isaiah Wong to a two-way contract.'),
	 ('2023-07-03','The Indiana Pacers signed Oscar Tshiebwe to a two-way contract.'),
	 ('2023-07-03','The Los Angeles Clippers signed Kobe Brown to a multi-year contract.'),
	 ('2023-07-03','The Los Angeles Lakers signed Colin Castleton to a two-way contract.'),
	 ('2023-07-03','The Los Angeles Lakers signed D''Moi Hodge to a two-way contract.'),
	 ('2023-07-03','The Memphis Grizzlies signed Derrick Rose to a multi-year contract.');
INSERT INTO transactions ("date","transaction") VALUES
	 ('2023-07-03','The New Orleans Pelicans signed Jordan Hawkins to a multi-year contract.'),
	 ('2023-07-03','The New York Knicks signed Jaylen Martin to a two-way contract.'),
	 ('2023-07-03','The Phoenix Suns signed Toumani Camara to a multi-year contract.'),
	 ('2023-07-03','The Toronto Raptors signed Markquis Nowell to a two-way contract.'),
	 ('2023-07-03','The Utah Jazz signed Joey Hauser to a two-way contract.'),
	 ('2023-07-04','The Orlando Magic waived Bol Bol.'),
	 ('2023-07-04','The Portland Trail Blazers signed Rayan Rupert to a multi-year contract.'),
	 ('2023-07-05','The Brooklyn Nets signed Jalen Wilson to a two-way contract.'),
	 ('2023-07-05','The Detroit Pistons signed Marcus Sasser to a multi-year contract.'),
	 ('2023-07-05','The Milwaukee Bucks signed Omari Moore to a two-way contract.');
INSERT INTO transactions ("date","transaction") VALUES
	 ('2023-07-05','The New Orleans Pelicans waived Garrett Temple.'),
	 ('2023-07-05','The San Antonio Spurs signed Sir''Jabari Rice to a two-way contract.'),
	 ('2023-07-06','In a 3-team trade, the Cleveland Cavaliers traded a 2026 2nd round draft pick ( was later selected) to the Miami Heat; the Cleveland Cavaliers traded Cedi Osman, Lamar Stevens and a 2030 2nd round draft pick ( was later selected) to the San Antonio Spurs; and  the Miami Heat traded Max Strus to the Cleveland Cavaliers.    2030 2nd-rd pick is CLE own 2026 2nd-rd pick is LAL own'),
	 ('2023-07-06','The Atlanta Hawks signed Miles Norris to a two-way contract.'),
	 ('2023-07-06','The Atlanta Hawks signed Seth Lundy to a two-way contract.'),
	 ('2023-07-06','The Boston Celtics signed Jordan Walsh to a multi-year contract.'),
	 ('2023-07-06','The Boston Celtics signed Oshae Brissett to a multi-year contract.'),
	 ('2023-07-06','The Brooklyn Nets signed Cameron Johnson to a multi-year contract.'),
	 ('2023-07-06','The Brooklyn Nets traded cash, Joe Harris, a 2027 2nd round draft pick ( was later selected) and a 2029 2nd round draft pick ( was later selected) to the Detroit Pistons.  2027 2nd-rd pick is DAL own 2029 2nd-rd pick is MIL own '),
	 ('2023-07-06','The Brooklyn Nets traded Patty Mills and a 2028 2nd round draft pick ( was later selected) to the Houston Rockets for a 2024 2nd round draft pick ( was later selected).  2028 2nd-rd pick is MIL own 2024 2nd-rd pick is BRK own');
INSERT INTO transactions ("date","transaction") VALUES
	 ('2023-07-06','The Charlotte Hornets signed LaMelo Ball to a contract extension.'),
	 ('2023-07-06','The Chicago Bulls waived Marko Simonovic.'),
	 ('2023-07-06','The Cleveland Cavaliers signed Caris Levert to a multi-year contract.'),
	 ('2023-07-06','The Cleveland Cavaliers signed Ty Jerome to a multi-year contract.'),
	 ('2023-07-06','The Dallas Mavericks traded cash to the Sacramento Kings for Richaun Holmes and Olivier-Maxence Prosper.   '),
	 ('2023-07-06','The Dallas Mavericks traded Davis Bertans and Cason Wallace to the Oklahoma City Thunder for Dereck Lively II.   '),
	 ('2023-07-06','The Denver Nuggets signed Hunter Tyson to a multi-year contract.'),
	 ('2023-07-06','The Denver Nuggets signed Jalen Pickett to a multi-year contract.'),
	 ('2023-07-06','The Denver Nuggets signed Julian Strawther to a multi-year contract.'),
	 ('2023-07-06','The Denver Nuggets signed Justin Holiday.');
INSERT INTO transactions ("date","transaction") VALUES
	 ('2023-07-06','The Detroit Pistons traded a 2027 2nd round draft pick ( was later selected) to the Washington Wizards for Monte Morris.  2027 2nd-rd pick is more favorable'),
	 ('2023-07-06','The Golden State Warriors signed Cory Joseph.'),
	 ('2023-07-06','The Golden State Warriors signed Trayce Jackson-Davis to a multi-year contract.'),
	 ('2023-07-06','The Golden State Warriors traded Patrick Baldwin Jr., Jordan Poole, Ryan Rollins, a 2027 2nd round draft pick ( was later selected) and a 2030 1st round draft pick ( was later selected) to the Washington Wizards for Chris Paul.     2027 2nd-rd pick is GSW own 2030 1st-rd pick is GSW own'),
	 ('2023-07-06','The Houston Rockets signed Jeff Green to a multi-year contract.'),
	 ('2023-07-06','The Houston Rockets signed Jock Landale to a multi-year contract.'),
	 ('2023-07-06','The Indiana Pacers signed Bruce Brown to a multi-year contract.'),
	 ('2023-07-06','The Indiana Pacers signed Tyrese Haliburton to a contract extension.'),
	 ('2023-07-06','The Indiana Pacers traded Chris Duarte to the Sacramento Kings for a 2028 2nd round draft pick ( was later selected) and a 2030 2nd round draft pick ( was later selected).  2028 2nd-rd pick is DAL own 2030 2nd-rd pick is SAC own'),
	 ('2023-07-06','The Los Angeles Clippers signed Mason Plumlee.');
INSERT INTO transactions ("date","transaction") VALUES
	 ('2023-07-06','The Los Angeles Clippers signed Russell Westbrook to a multi-year contract.'),
	 ('2023-07-06','The Los Angeles Lakers signed Cam Reddish to a multi-year contract.'),
	 ('2023-07-06','The Los Angeles Lakers signed Gabe Vincent to a multi-year contract.'),
	 ('2023-07-06','The Los Angeles Lakers signed Rui Hachimura to a multi-year contract.'),
	 ('2023-07-06','The Los Angeles Lakers signed Taurean Prince.'),
	 ('2023-07-06','The Miami Heat signed Kevin Love to a multi-year contract.'),
	 ('2023-07-06','The Miami Heat signed Max Strus to a multi-year contract.'),
	 ('2023-07-06','The Miami Heat traded Victor Oladipo, a 2029 2nd round draft pick ( was later selected) and a 2030 2nd round draft pick ( was later selected) to the Oklahoma City Thunder for cash.  2029 2nd-rd pick is MIA own 2030 2nd-rd pick is MIA own '),
	 ('2023-07-06','The Milwaukee Bucks signed Khris Middleton to a multi-year contract.'),
	 ('2023-07-06','The Milwaukee Bucks signed Robin Lopez.');
INSERT INTO transactions ("date","transaction") VALUES
	 ('2023-07-06','The New Orleans Pelicans signed Cody Zeller to a multi-year contract.'),
	 ('2023-07-06','The New Orleans Pelicans signed E.J. Liddell to a multi-year contract.'),
	 ('2023-07-06','The New Orleans Pelicans signed Herb Jones to a multi-year contract.'),
	 ('2023-07-06','The New Orleans Pelicans waived E.J. Liddell.'),
	 ('2023-07-06','The New York Knicks signed Jacob Toppin.'),
	 ('2023-07-06','The Phoenix Suns signed Eric Gordon to a multi-year contract.'),
	 ('2023-07-06','The Portland Trail Blazers signed John Butler to a two-way contract.'),
	 ('2023-07-06','The Sacramento Kings signed Domantas Sabonis to a contract extension.'),
	 ('2023-07-06','The Toronto Raptors signed Jakob Poeltl to a multi-year contract.'),
	 ('2023-07-06','The Toronto Raptors signed Jalen McDaniels to a multi-year contract.');
INSERT INTO transactions ("date","transaction") VALUES
	 ('2023-07-07','The Atlanta Hawks traded John Collins to the Utah Jazz for Rudy Gay and a 2026 2nd round draft pick ( was later selected).   2026 2nd-rd pick is MEM own'),
	 ('2023-07-07','The Chicago Bulls signed Coby White to a multi-year contract.'),
	 ('2023-07-07','The Cleveland Cavaliers signed Emoni Bates to a two-way contract.'),
	 ('2023-07-07','The Dallas Mavericks signed Kyrie Irving to a multi-year contract.'),
	 ('2023-07-07','The Houston Rockets signed Fred VanVleet to a multi-year contract.'),
	 ('2023-07-07','The Indiana Pacers traded a 2028 2nd round draft pick ( was later selected) and a 2029 2nd round draft pick ( was later selected) to the New York Knicks for Obi Toppin.  2028 2nd-rd pick is least favorable 2029 2nd-rd pick is least favorable'),
	 ('2023-07-07','The Los Angeles Lakers signed D''Angelo Russell to a multi-year contract.'),
	 ('2023-07-07','The Milwaukee Bucks signed A.J. Green to a multi-year contract.'),
	 ('2023-07-07','The Milwaukee Bucks signed Andre Jackson Jr. to a multi-year contract.'),
	 ('2023-07-07','The Minnesota Timberwolves signed Jaylen Clark to a two-way contract.');
INSERT INTO transactions ("date","transaction") VALUES
	 ('2023-07-07','The Oklahoma City Thunder signed Cason Wallace to a multi-year contract.'),
	 ('2023-07-07','The Oklahoma City Thunder signed Keyontae Johnson to a two-way contract.'),
	 ('2023-07-07','The Orlando Magic signed Joe Ingles to a multi-year contract.'),
	 ('2023-07-07','The Phoenix Suns signed Damion Lee to a multi-year contract.'),
	 ('2023-07-07','The Portland Trail Blazers signed Matisse Thybulle to a multi-year contract.'),
	 ('2023-07-07','The Sacramento Kings signed Trey Lyles to a multi-year contract.'),
	 ('2023-07-07','The Utah Jazz signed Jordan Clarkson to a contract extension.'),
	 ('2023-07-07','The Utah Jazz waived Vernon Carey Jr..'),
	 ('2023-07-07','The Washington Wizards signed Kyle Kuzma to a multi-year contract.'),
	 ('2023-07-08','In a 5-team trade, the Atlanta Hawks traded Alpha Kaba to the Houston Rockets; the Houston Rockets traded Usman Garuba, TyTy Washington Jr., a 2025 2nd round draft pick ( was later selected) and a 2028 2nd round draft pick ( was later selected) to the Atlanta Hawks; the Houston Rockets traded Kenyon Martin to the Los Angeles Clippers; the Houston Rockets traded Josh Christopher to the Memphis Grizzlies; the Houston Rockets traded Patty Mills, a 2024 2nd round draft pick ( was later selected), a 2029 2nd round draft pick ( was later selected) and a 2030 2nd round draft pick ( was later selected) to the Oklahoma City Thunder; the Los Angeles Clippers traded a 2026 2nd round draft pick ( was later selected) and a 2027 2nd round draft pick ( was later selected) to the Houston Rockets; the Los Angeles Clippers traded Vanja Marinkovic to the Memphis Grizzlies; the Memphis Grizzlies traded Dillon Brooks to the Houston Rockets; and  the Oklahoma City Thunder traded cash to the Atlanta Hawks.          2027 2nd-rd pick is MEM own 2024 2nd-rd pick is HOU own 2025 2nd-rd pick is MIN own 2026 2nd-rd pick is LAC own 2028 2nd-rd pick is HOU own 2029 2nd-rd pick is HOU own 2030 2nd-rd pick is HOU own');
INSERT INTO transactions ("date","transaction") VALUES
	 ('2023-07-08','The Brooklyn Nets signed Dennis Smith.'),
	 ('2023-07-08','The Cleveland Cavaliers traded cash to the Utah Jazz for Damian Jones.  '),
	 ('2023-07-08','The Dallas Mavericks signed Dereck Lively II to a multi-year contract.'),
	 ('2023-07-08','The Golden State Warriors signed Draymond Green to a multi-year contract.'),
	 ('2023-07-08','The Los Angeles Lakers signed Jalen Hood-Schifino to a multi-year contract.'),
	 ('2023-07-08','The Los Angeles Lakers signed Maxwell Lewis to a multi-year contract.'),
	 ('2023-07-08','The Memphis Grizzlies signed Desmond Bane to a contract extension.'),
	 ('2023-07-08','The Memphis Grizzlies signed Dillon Brooks to a multi-year contract.'),
	 ('2023-07-08','The Milwaukee Bucks signed Chris Livingston to a multi-year contract.'),
	 ('2023-07-08','The Milwaukee Bucks signed Jae Crowder.');
INSERT INTO transactions ("date","transaction") VALUES
	 ('2023-07-08','The Minnesota Timberwolves signed Anthony Edwards to a contract extension.'),
	 ('2023-07-08','The Minnesota Timberwolves signed Leonard Miller to a multi-year contract.'),
	 ('2023-07-08','The Minnesota Timberwolves signed Shake Milton to a multi-year contract.'),
	 ('2023-07-08','The Minnesota Timberwolves signed Troy Brown Jr. to a multi-year contract.'),
	 ('2023-07-08','The New York Knicks signed Donte DiVincenzo to a multi-year contract.'),
	 ('2023-07-08','The Sacramento Kings waived P.J. Dozier.'),
	 ('2023-07-09','The Atlanta Hawks signed Dejounte Murray to a contract extension.'),
	 ('2023-07-09','The Boston Celtics signed JD Davison to a two-way contract.'),
	 ('2023-07-09','The Dallas Mavericks signed Dwight Powell to a multi-year contract.'),
	 ('2023-07-09','The Philadelphia 76ers signed Mo Bamba.');
INSERT INTO transactions ("date","transaction") VALUES
	 ('2023-07-09','The Philadelphia 76ers signed Pat Beverley.'),
	 ('2023-07-09','The Portland Trail Blazers signed Jerami Grant to a multi-year contract.'),
	 ('2023-07-09','The Sacramento Kings signed Alex Len.'),
	 ('2023-07-10','The Brooklyn Nets signed Dariq Whitehead to a multi-year contract.'),
	 ('2023-07-10','The Brooklyn Nets signed Lonnie Walker.'),
	 ('2023-07-10','The Chicago Bulls signed Adama Sanogo to a two-way contract.'),
	 ('2023-07-10','The Chicago Bulls signed Jevon Carter to a multi-year contract.'),
	 ('2023-07-10','The Houston Rockets signed Aaron Holiday.'),
	 ('2023-07-10','The Philadelphia 76ers signed Paul Reed to a multi-year contract.'),
	 ('2023-07-11','The Boston Celtics signed Grant Williams to a multi-year contract.');
INSERT INTO transactions ("date","transaction") VALUES
	 ('2023-07-11','The Brooklyn Nets signed Noah Clowney to a multi-year contract.'),
	 ('2023-07-11','The Detroit Pistons signed Isaiah Stewart to a contract extension.'),
	 ('2023-07-11','The Memphis Grizzlies traded a 2028 2nd round draft pick ( was later selected) and a 2029 2nd round draft pick ( was later selected) to the Phoenix Suns for Isaiah Todd, a 2024 1st round draft pick ( was later selected) and a 2030 1st round draft pick ( was later selected).  2024 1st-rd pick is a right to swap 2030 1st-rd pick is a right to swap 2028 2nd-rd pick is MEM own 2029 2nd-rd pick is MEM own'),
	 ('2023-07-11','The Orlando Magic signed Moritz Wagner to a multi-year contract.'),
	 ('2023-07-11','The Phoenix Suns signed Josh Okogie to a multi-year contract.'),
	 ('2023-07-12','In a 3-team trade, the Boston Celtics traded Grant Williams to the Dallas Mavericks; the Dallas Mavericks traded a 2025 2nd round draft pick ( was later selected) and a 2030 2nd round draft pick ( was later selected) to the Boston Celtics; the Dallas Mavericks traded Reggie Bullock and a 2030 1st round draft pick ( was later selected) to the San Antonio Spurs; the San Antonio Spurs traded a 2024 2nd round draft pick ( was later selected) to the Boston Celtics; and  the San Antonio Spurs traded a 2025 2nd round draft pick ( was later selected) and a 2028 2nd round draft pick ( was later selected) to the Dallas Mavericks.  2030 1st-rd pick is a right to swap  2025 2nd-rd pick is TOR own 2028 2nd-rd pick is MIA own 2024 2nd-rd pick is more favorable 2025 2nd-rd pick is a right to swap 2030 2nd-rd pick is DAL own'),
	 ('2023-07-12','The Atlanta Hawks traded Usman Garuba, Rudy Gay, Ty Ty Washington and a 2026 2nd round draft pick ( was later selected) to the Oklahoma City Thunder for Patty Mills.     2026 2nd-rd pick is MEM own'),
	 ('2023-07-12','The Boston Celtics signed Kristaps Porzingis to a contract extension.'),
	 ('2023-07-12','The Chicago Bulls signed Julian Phillips to a multi-year contract.'),
	 ('2023-07-12','The Golden State Warriors signed Dario Saric.');
INSERT INTO transactions ("date","transaction") VALUES
	 ('2023-07-12','The Toronto Raptors signed Dennis Schroder to a multi-year contract.'),
	 ('2023-07-12','The Washington Wizards signed Eugene Omoruyi to a two-way contract.'),
	 ('2023-07-13','The Phoenix Suns signed Saben Lee to a two-way contract.'),
	 ('2023-07-13','The Sacramento Kings signed Sasha Vezenkov to a multi-year contract.'),
	 ('2023-07-14','The Charlotte Hornets signed Amari Bailey to a two-way contract.'),
	 ('2023-07-14','The Dallas Mavericks signed Dante Exum to a multi-year contract.'),
	 ('2023-07-14','The Dallas Mavericks signed Mike Miles Jr. to a two-way contract.'),
	 ('2023-07-14','The Dallas Mavericks signed Seth Curry to a multi-year contract.'),
	 ('2023-07-14','The Los Angeles Clippers signed Moussa Diabate to a two-way contract.'),
	 ('2023-07-15','The Boston Celtics signed Jay Scrubb to a two-way contract.');
INSERT INTO transactions ("date","transaction") VALUES
	 ('2023-07-15','The Brooklyn Nets waived Edmond Sumner.'),
	 ('2023-07-15','The Chicago Bulls signed Torrey Craig to a multi-year contract.'),
	 ('2023-07-15','The Milwaukee Bucks signed Jazian Gortman to an Exhibit 10 contract.'),
	 ('2023-07-16','The Brooklyn Nets signed Darius Bazley.'),
	 ('2023-07-16','The Dallas Mavericks signed Olivier-Maxence Prosper to a multi-year contract.'),
	 ('2023-07-16','The Denver Nuggets signed Reggie Jackson to a multi-year contract.'),
	 ('2023-07-16','The Philadelphia 76ers signed Azuolas Tubelis to a two-way contract.'),
	 ('2023-07-16','The Philadelphia 76ers signed Filip Petrusev to a multi-year contract.'),
	 ('2023-07-17','The Boston Celtics signed Dalano Banton to a multi-year contract.'),
	 ('2023-07-17','The Denver Nuggets signed Andrew Funk to an Exhibit 10 contract.');
INSERT INTO transactions ("date","transaction") VALUES
	 ('2023-07-17','The Denver Nuggets signed Armaan Franklin to an Exhibit 10 contract.'),
	 ('2023-07-17','The Denver Nuggets signed Collin Gillespie to a two-way contract.'),
	 ('2023-07-17','The Oklahoma City Thunder signed Vasilije Mici to a multi-year contract.'),
	 ('2023-07-17','The Philadelphia 76ers signed Montrezl Harrell.'),
	 ('2023-07-17','The Phoenix Suns traded cash, Cameron Payne and a 2025 2nd round draft pick ( was later selected) to the San Antonio Spurs for a 2024 2nd round draft pick ( was later selected).  2025 2nd-rd pick is NOP own  2024 conditional 2nd-rd pick is SAS own'),
	 ('2023-07-17','The San Antonio Spurs waived Lamar Stevens.'),
	 ('2023-07-17','The Toronto Raptors waived Joe Wieskamp.'),
	 ('2023-07-17','The Utah Jazz signed Omer Yurtseven to a multi-year contract.'),
	 ('2023-07-18','The Brooklyn Nets signed Armoni Brooks to a two-way contract.'),
	 ('2023-07-18','The Brooklyn Nets waived Raiquan Gray.');


-- 2023-05-28 update: this table is made from dbt in prod.  for testing im just making a blank table to test 
-- past bets functionality.
DROP TABLE IF EXISTS mov;
CREATE TABLE IF NOT EXISTS mov
(
    team text COLLATE pg_catalog."default",
    full_team text COLLATE pg_catalog."default",
    game_id bigint,
    game_date date,
    outcome text COLLATE pg_catalog."default",
    opponent text COLLATE pg_catalog."default",
    pts_scored numeric,
    pts_scored_opp numeric,
    mov numeric,
    record text COLLATE pg_catalog."default"
);

INSERT INTO mov (team,full_team,game_id,game_date,outcome,opponent,pts_scored,pts_scored_opp,mov,record) VALUES
	 ('DEN','Denver Nuggets',1319,'2023-06-12','W','MIA',94,89,5,'53 - 29'),
	 ('DEN','Denver Nuggets',1318,'2023-06-09','W','MIA',108,95,13,'53 - 29'),
	 ('DEN','Denver Nuggets',1317,'2023-06-07','W','MIA',109,94,15,'53 - 29'),
	 ('DEN','Denver Nuggets',1316,'2023-06-04','L','MIA',108,111,-3,'53 - 29'),
	 ('DEN','Denver Nuggets',1315,'2023-06-01','W','MIA',104,93,11,'53 - 29'),
	 ('DEN','Denver Nuggets',1309,'2023-05-20','W','LAL',119,108,11,'53 - 29'),
	 ('DEN','Denver Nuggets',1307,'2023-05-18','W','LAL',108,103,5,'53 - 29'),
	 ('DEN','Denver Nuggets',1305,'2023-05-16','W','LAL',132,126,6,'53 - 29'),
	 ('DEN','Denver Nuggets',1301,'2023-05-11','W','PHX',125,100,25,'53 - 29'),
	 ('DEN','Denver Nuggets',1297,'2023-05-09','W','PHX',118,102,16,'53 - 29');
INSERT INTO mov (team,full_team,game_id,game_date,outcome,opponent,pts_scored,pts_scored_opp,mov,record) VALUES
	 ('DEN','Denver Nuggets',1293,'2023-05-07','L','PHX',124,129,-5,'53 - 29'),
	 ('DEN','Denver Nuggets',1289,'2023-05-05','L','PHX',114,121,-7,'53 - 29'),
	 ('DEN','Denver Nuggets',1283,'2023-05-01','W','PHX',97,87,10,'53 - 29'),
	 ('DEN','Denver Nuggets',1279,'2023-04-29','W','PHX',125,107,18,'53 - 29'),
	 ('DEN','Denver Nuggets',1270,'2023-04-25','W','MIN',112,109,3,'53 - 29'),
	 ('DEN','Denver Nuggets',1265,'2023-04-23','L','MIN',108,114,-6,'53 - 29'),
	 ('DEN','Denver Nuggets',1258,'2023-04-21','W','MIN',120,111,9,'53 - 29'),
	 ('DEN','Denver Nuggets',1250,'2023-04-19','W','MIN',122,113,9,'53 - 29'),
	 ('DEN','Denver Nuggets',1241,'2023-04-16','W','MIN',109,80,29,'53 - 29'),
	 ('DEN','Denver Nuggets',1221,'2023-04-09','W','SAC',109,95,14,'53 - 29');
INSERT INTO mov (team,full_team,game_id,game_date,outcome,opponent,pts_scored,pts_scored_opp,mov,record) VALUES
	 ('DEN','Denver Nuggets',1213,'2023-04-08','L','UTA',114,118,-4,'53 - 29'),
	 ('DEN','Denver Nuggets',1198,'2023-04-06','L','PHX',115,119,-4,'53 - 29'),
	 ('DEN','Denver Nuggets',1181,'2023-04-04','L','HOU',103,124,-21,'53 - 29'),
	 ('DEN','Denver Nuggets',1168,'2023-04-02','W','GSW',112,110,2,'53 - 29'),
	 ('DEN','Denver Nuggets',1152,'2023-03-31','L','PHX',93,100,-7,'53 - 29'),
	 ('DEN','Denver Nuggets',1147,'2023-03-30','L','NOP',88,107,-19,'53 - 29'),
	 ('DEN','Denver Nuggets',1124,'2023-03-27','W','PHI',116,111,5,'53 - 29'),
	 ('DEN','Denver Nuggets',1109,'2023-03-25','W','MIL',129,106,23,'53 - 29'),
	 ('DEN','Denver Nuggets',1086,'2023-03-22','W','WAS',118,104,14,'53 - 29'),
	 ('DEN','Denver Nuggets',1064,'2023-03-19','W','BKN',108,102,6,'53 - 29');
INSERT INTO mov (team,full_team,game_id,game_date,outcome,opponent,pts_scored,pts_scored_opp,mov,record) VALUES
	 ('DEN','Denver Nuggets',1057,'2023-03-18','L','NYK',110,116,-6,'53 - 29'),
	 ('DEN','Denver Nuggets',1043,'2023-03-16','W','DET',119,100,19,'53 - 29'),
	 ('DEN','Denver Nuggets',1029,'2023-03-14','L','TOR',110,125,-15,'53 - 29'),
	 ('DEN','Denver Nuggets',1014,'2023-03-12','L','BKN',120,122,-2,'53 - 29'),
	 ('DEN','Denver Nuggets',1001,'2023-03-10','L','SAS',120,128,-8,'53 - 29'),
	 ('DEN','Denver Nuggets',987,'2023-03-08','L','CHI',96,117,-21,'53 - 29'),
	 ('DEN','Denver Nuggets',973,'2023-03-06','W','TOR',118,113,5,'53 - 29'),
	 ('DEN','Denver Nuggets',949,'2023-03-03','W','MEM',113,97,16,'53 - 29'),
	 ('DEN','Denver Nuggets',926,'2023-02-28','W','HOU',133,112,21,'53 - 29'),
	 ('DEN','Denver Nuggets',913,'2023-02-26','W','LAC',134,124,10,'53 - 29');
INSERT INTO mov (team,full_team,game_id,game_date,outcome,opponent,pts_scored,pts_scored_opp,mov,record) VALUES
	 ('DEN','Denver Nuggets',904,'2023-02-25','L','MEM',94,112,-18,'53 - 29'),
	 ('DEN','Denver Nuggets',886,'2023-02-23','W','CLE',115,109,6,'53 - 29'),
	 ('DEN','Denver Nuggets',878,'2023-02-15','W','DAL',118,109,9,'53 - 29'),
	 ('DEN','Denver Nuggets',861,'2023-02-13','W','MIA',112,108,4,'53 - 29'),
	 ('DEN','Denver Nuggets',847,'2023-02-11','W','CHA',119,105,14,'53 - 29'),
	 ('DEN','Denver Nuggets',832,'2023-02-09','L','ORL',104,115,-11,'53 - 29'),
	 ('DEN','Denver Nuggets',818,'2023-02-07','W','MIN',146,112,34,'53 - 29'),
	 ('DEN','Denver Nuggets',803,'2023-02-05','L','MIN',98,128,-30,'53 - 29'),
	 ('DEN','Denver Nuggets',792,'2023-02-04','W','ATL',128,108,20,'53 - 29'),
	 ('DEN','Denver Nuggets',780,'2023-02-02','W','GSW',134,117,17,'53 - 29');
INSERT INTO mov (team,full_team,game_id,game_date,outcome,opponent,pts_scored,pts_scored_opp,mov,record) VALUES
	 ('DEN','Denver Nuggets',767,'2023-01-31','W','NOP',122,113,9,'53 - 29'),
	 ('DEN','Denver Nuggets',746,'2023-01-28','L','PHI',119,126,-7,'53 - 29'),
	 ('DEN','Denver Nuggets',722,'2023-01-25','L','MIL',99,107,-8,'53 - 29'),
	 ('DEN','Denver Nuggets',718,'2023-01-24','W','NOP',99,98,1,'53 - 29'),
	 ('DEN','Denver Nuggets',701,'2023-01-22','L','OKC',99,101,-2,'53 - 29'),
	 ('DEN','Denver Nuggets',687,'2023-01-20','W','IND',134,111,23,'53 - 29'),
	 ('DEN','Denver Nuggets',672,'2023-01-18','W','MIN',122,118,4,'53 - 29'),
	 ('DEN','Denver Nuggets',666,'2023-01-17','W','POR',122,113,9,'53 - 29'),
	 ('DEN','Denver Nuggets',651,'2023-01-15','W','ORL',119,116,3,'53 - 29'),
	 ('DEN','Denver Nuggets',634,'2023-01-13','W','LAC',115,103,12,'53 - 29');
INSERT INTO mov (team,full_team,game_id,game_date,outcome,opponent,pts_scored,pts_scored_opp,mov,record) VALUES
	 ('DEN','Denver Nuggets',621,'2023-01-11','W','PHX',126,97,29,'53 - 29'),
	 ('DEN','Denver Nuggets',606,'2023-01-09','W','LAL',122,109,13,'53 - 29'),
	 ('DEN','Denver Nuggets',584,'2023-01-06','W','CLE',121,108,13,'53 - 29'),
	 ('DEN','Denver Nuggets',577,'2023-01-05','W','LAC',122,91,31,'53 - 29'),
	 ('DEN','Denver Nuggets',555,'2023-01-02','L','MIN',111,124,-13,'53 - 29'),
	 ('DEN','Denver Nuggets',547,'2023-01-01','W','BOS',123,111,12,'53 - 29'),
	 ('DEN','Denver Nuggets',531,'2022-12-30','W','MIA',124,119,5,'53 - 29'),
	 ('DEN','Denver Nuggets',517,'2022-12-28','L','SAC',126,127,-1,'53 - 29'),
	 ('DEN','Denver Nuggets',509,'2022-12-27','W','SAC',113,106,7,'53 - 29'),
	 ('DEN','Denver Nuggets',495,'2022-12-25','W','PHX',128,125,3,'53 - 29');
INSERT INTO mov (team,full_team,game_id,game_date,outcome,opponent,pts_scored,pts_scored_opp,mov,record) VALUES
	 ('DEN','Denver Nuggets',486,'2022-12-23','W','POR',120,107,13,'53 - 29'),
	 ('DEN','Denver Nuggets',462,'2022-12-20','W','MEM',105,91,14,'53 - 29'),
	 ('DEN','Denver Nuggets',447,'2022-12-18','W','CHA',119,115,4,'53 - 29'),
	 ('DEN','Denver Nuggets',434,'2022-12-16','L','LAL',108,126,-18,'53 - 29'),
	 ('DEN','Denver Nuggets',418,'2022-12-14','W','WAS',141,128,13,'53 - 29'),
	 ('DEN','Denver Nuggets',391,'2022-12-10','W','UTA',115,110,5,'53 - 29'),
	 ('DEN','Denver Nuggets',374,'2022-12-08','W','POR',121,120,1,'53 - 29'),
	 ('DEN','Denver Nuggets',361,'2022-12-06','L','DAL',115,116,-1,'53 - 29'),
	 ('DEN','Denver Nuggets',347,'2022-12-04','L','NOP',106,121,-15,'53 - 29'),
	 ('DEN','Denver Nuggets',326,'2022-12-02','L','ATL',109,117,-8,'53 - 29');
INSERT INTO mov (team,full_team,game_id,game_date,outcome,opponent,pts_scored,pts_scored_opp,mov,record) VALUES
	 ('DEN','Denver Nuggets',317,'2022-11-30','W','HOU',120,100,20,'53 - 29'),
	 ('DEN','Denver Nuggets',304,'2022-11-28','W','HOU',129,113,16,'53 - 29'),
	 ('DEN','Denver Nuggets',278,'2022-11-25','W','LAC',114,104,10,'53 - 29'),
	 ('DEN','Denver Nuggets',266,'2022-11-23','W','OKC',131,126,5,'53 - 29'),
	 ('DEN','Denver Nuggets',257,'2022-11-22','L','DET',108,110,-2,'53 - 29'),
	 ('DEN','Denver Nuggets',243,'2022-11-20','W','DAL',98,97,1,'53 - 29'),
	 ('DEN','Denver Nuggets',227,'2022-11-18','L','DAL',99,127,-28,'53 - 29'),
	 ('DEN','Denver Nuggets',216,'2022-11-16','L','NYK',103,106,-3,'53 - 29'),
	 ('DEN','Denver Nuggets',193,'2022-11-13','W','CHI',126,103,23,'53 - 29'),
	 ('DEN','Denver Nuggets',176,'2022-11-11','L','BOS',112,131,-19,'53 - 29');
INSERT INTO mov (team,full_team,game_id,game_date,outcome,opponent,pts_scored,pts_scored_opp,mov,record) VALUES
	 ('DEN','Denver Nuggets',166,'2022-11-09','W','IND',122,119,3,'53 - 29'),
	 ('DEN','Denver Nuggets',150,'2022-11-07','W','SAS',115,109,6,'53 - 29'),
	 ('DEN','Denver Nuggets',135,'2022-11-05','W','SAS',126,101,25,'53 - 29'),
	 ('DEN','Denver Nuggets',118,'2022-11-03','W','OKC',122,110,12,'53 - 29'),
	 ('DEN','Denver Nuggets',91,'2022-10-30','L','LAL',110,121,-11,'53 - 29'),
	 ('DEN','Denver Nuggets',74,'2022-10-28','W','UTA',117,101,16,'53 - 29'),
	 ('DEN','Denver Nuggets',61,'2022-10-26','W','LAL',110,99,11,'53 - 29'),
	 ('DEN','Denver Nuggets',46,'2022-10-24','L','POR',110,135,-25,'53 - 29'),
	 ('DEN','Denver Nuggets',31,'2022-10-22','W','OKC',122,117,5,'53 - 29'),
	 ('DEN','Denver Nuggets',22,'2022-10-21','W','GSW',128,123,5,'53 - 29');
INSERT INTO mov (team,full_team,game_id,game_date,outcome,opponent,pts_scored,pts_scored_opp,mov,record) VALUES
	 ('DEN','Denver Nuggets',9,'2022-10-19','L','UTA',102,123,-21,'53 - 29'),
	 ('MIL','Milwaukee Bucks',1275,'2023-04-26','L','MIA',126,128,-2,'58 - 24'),
	 ('MIL','Milwaukee Bucks',1268,'2023-04-24','L','MIA',114,119,-5,'58 - 24'),
	 ('MIL','Milwaukee Bucks',1262,'2023-04-22','L','MIA',99,121,-22,'58 - 24'),
	 ('MIL','Milwaukee Bucks',1252,'2023-04-19','W','MIA',138,122,16,'58 - 24'),
	 ('MIL','Milwaukee Bucks',1244,'2023-04-16','L','MIA',117,130,-13,'58 - 24'),
	 ('MIL','Milwaukee Bucks',1229,'2023-04-09','L','TOR',105,121,-16,'58 - 24'),
	 ('MIL','Milwaukee Bucks',1210,'2023-04-07','L','MEM',114,137,-23,'58 - 24'),
	 ('MIL','Milwaukee Bucks',1192,'2023-04-05','W','CHI',105,92,13,'58 - 24'),
	 ('MIL','Milwaukee Bucks',1186,'2023-04-04','W','WAS',140,128,12,'58 - 24');
INSERT INTO mov (team,full_team,game_id,game_date,outcome,opponent,pts_scored,pts_scored_opp,mov,record) VALUES
	 ('MIL','Milwaukee Bucks',1171,'2023-04-02','W','PHI',117,104,13,'58 - 24'),
	 ('MIL','Milwaukee Bucks',1146,'2023-03-30','L','BOS',99,140,-41,'58 - 24'),
	 ('MIL','Milwaukee Bucks',1140,'2023-03-29','W','IND',149,136,13,'58 - 24'),
	 ('MIL','Milwaukee Bucks',1125,'2023-03-27','W','DET',126,117,9,'58 - 24'),
	 ('MIL','Milwaukee Bucks',1109,'2023-03-25','L','DEN',106,129,-23,'58 - 24'),
	 ('MIL','Milwaukee Bucks',1104,'2023-03-24','W','UTA',144,116,28,'58 - 24'),
	 ('MIL','Milwaukee Bucks',1091,'2023-03-22','W','SAS',130,94,36,'58 - 24'),
	 ('MIL','Milwaukee Bucks',1069,'2023-03-19','W','TOR',118,111,7,'58 - 24'),
	 ('MIL','Milwaukee Bucks',1044,'2023-03-16','L','IND',123,139,-16,'58 - 24'),
	 ('MIL','Milwaukee Bucks',1032,'2023-03-14','W','PHX',116,104,12,'58 - 24');
INSERT INTO mov (team,full_team,game_id,game_date,outcome,opponent,pts_scored,pts_scored_opp,mov,record) VALUES
	 ('MIL','Milwaukee Bucks',1026,'2023-03-13','W','SAC',133,124,9,'58 - 24'),
	 ('MIL','Milwaukee Bucks',1009,'2023-03-11','L','GSW',116,125,-9,'58 - 24'),
	 ('MIL','Milwaukee Bucks',992,'2023-03-09','W','BKN',118,113,5,'58 - 24'),
	 ('MIL','Milwaukee Bucks',983,'2023-03-07','W','ORL',134,123,11,'58 - 24'),
	 ('MIL','Milwaukee Bucks',968,'2023-03-05','W','WAS',117,111,6,'58 - 24'),
	 ('MIL','Milwaukee Bucks',958,'2023-03-04','L','PHI',130,133,-3,'58 - 24'),
	 ('MIL','Milwaukee Bucks',939,'2023-03-01','W','ORL',139,117,22,'58 - 24'),
	 ('MIL','Milwaukee Bucks',923,'2023-02-28','W','BKN',118,104,14,'58 - 24'),
	 ('MIL','Milwaukee Bucks',916,'2023-02-26','W','PHX',104,101,3,'58 - 24'),
	 ('MIL','Milwaukee Bucks',899,'2023-02-24','W','MIA',128,99,29,'58 - 24');
INSERT INTO mov (team,full_team,game_id,game_date,outcome,opponent,pts_scored,pts_scored_opp,mov,record) VALUES
	 ('MIL','Milwaukee Bucks',882,'2023-02-16','W','CHI',112,100,12,'58 - 24'),
	 ('MIL','Milwaukee Bucks',867,'2023-02-14','W','BOS',131,125,6,'58 - 24'),
	 ('MIL','Milwaukee Bucks',840,'2023-02-10','W','LAC',119,106,13,'58 - 24'),
	 ('MIL','Milwaukee Bucks',833,'2023-02-09','W','LAL',115,106,9,'58 - 24'),
	 ('MIL','Milwaukee Bucks',814,'2023-02-06','W','POR',127,108,19,'58 - 24'),
	 ('MIL','Milwaukee Bucks',800,'2023-02-04','W','MIA',123,115,8,'58 - 24'),
	 ('MIL','Milwaukee Bucks',782,'2023-02-02','W','LAC',106,105,1,'58 - 24'),
	 ('MIL','Milwaukee Bucks',764,'2023-01-31','W','CHA',124,115,9,'58 - 24'),
	 ('MIL','Milwaukee Bucks',755,'2023-01-29','W','NOP',135,110,25,'58 - 24'),
	 ('MIL','Milwaukee Bucks',738,'2023-01-27','W','IND',141,131,10,'58 - 24');
INSERT INTO mov (team,full_team,game_id,game_date,outcome,opponent,pts_scored,pts_scored_opp,mov,record) VALUES
	 ('MIL','Milwaukee Bucks',722,'2023-01-25','W','DEN',107,99,8,'58 - 24'),
	 ('MIL','Milwaukee Bucks',709,'2023-01-23','W','DET',150,130,20,'58 - 24'),
	 ('MIL','Milwaukee Bucks',694,'2023-01-21','L','CLE',102,114,-12,'58 - 24'),
	 ('MIL','Milwaukee Bucks',668,'2023-01-17','W','TOR',130,122,8,'58 - 24'),
	 ('MIL','Milwaukee Bucks',661,'2023-01-16','W','IND',132,119,13,'58 - 24'),
	 ('MIL','Milwaukee Bucks',646,'2023-01-14','L','MIA',95,111,-16,'58 - 24'),
	 ('MIL','Milwaukee Bucks',630,'2023-01-12','L','MIA',102,108,-6,'58 - 24'),
	 ('MIL','Milwaukee Bucks',618,'2023-01-11','W','ATL',114,105,9,'58 - 24'),
	 ('MIL','Milwaukee Bucks',608,'2023-01-09','W','NYK',111,107,4,'58 - 24'),
	 ('MIL','Milwaukee Bucks',582,'2023-01-06','L','CHA',109,138,-29,'58 - 24');
INSERT INTO mov (team,full_team,game_id,game_date,outcome,opponent,pts_scored,pts_scored_opp,mov,record) VALUES
	 ('MIL','Milwaukee Bucks',572,'2023-01-04','W','TOR',104,101,3,'58 - 24'),
	 ('MIL','Milwaukee Bucks',562,'2023-01-03','W','WAS',123,113,10,'58 - 24'),
	 ('MIL','Milwaukee Bucks',549,'2023-01-01','L','WAS',95,118,-23,'58 - 24'),
	 ('MIL','Milwaukee Bucks',533,'2022-12-30','W','MIN',123,114,9,'58 - 24'),
	 ('MIL','Milwaukee Bucks',516,'2022-12-28','L','CHI',113,119,-6,'58 - 24'),
	 ('MIL','Milwaukee Bucks',493,'2022-12-25','L','BOS',118,139,-21,'58 - 24'),
	 ('MIL','Milwaukee Bucks',480,'2022-12-23','L','BKN',100,118,-18,'58 - 24'),
	 ('MIL','Milwaukee Bucks',470,'2022-12-21','L','CLE',106,114,-8,'58 - 24'),
	 ('MIL','Milwaukee Bucks',458,'2022-12-19','W','NOP',128,119,9,'58 - 24'),
	 ('MIL','Milwaukee Bucks',443,'2022-12-17','W','UTA',123,97,26,'58 - 24');
INSERT INTO mov (team,full_team,game_id,game_date,outcome,opponent,pts_scored,pts_scored_opp,mov,record) VALUES
	 ('MIL','Milwaukee Bucks',426,'2022-12-15','L','MEM',101,142,-41,'58 - 24'),
	 ('MIL','Milwaukee Bucks',410,'2022-12-13','W','GSW',128,111,17,'58 - 24'),
	 ('MIL','Milwaukee Bucks',398,'2022-12-11','L','HOU',92,97,-5,'58 - 24'),
	 ('MIL','Milwaukee Bucks',380,'2022-12-09','W','DAL',106,105,1,'58 - 24'),
	 ('MIL','Milwaukee Bucks',373,'2022-12-07','W','SAC',126,113,13,'58 - 24'),
	 ('MIL','Milwaukee Bucks',359,'2022-12-05','W','ORL',109,102,7,'58 - 24'),
	 ('MIL','Milwaukee Bucks',337,'2022-12-03','W','CHA',105,96,9,'58 - 24'),
	 ('MIL','Milwaukee Bucks',334,'2022-12-02','L','LAL',129,133,-4,'58 - 24'),
	 ('MIL','Milwaukee Bucks',322,'2022-11-30','W','NYK',109,103,6,'58 - 24'),
	 ('MIL','Milwaukee Bucks',294,'2022-11-27','W','DAL',124,115,9,'58 - 24');
INSERT INTO mov (team,full_team,game_id,game_date,outcome,opponent,pts_scored,pts_scored_opp,mov,record) VALUES
	 ('MIL','Milwaukee Bucks',277,'2022-11-25','W','CLE',117,102,15,'58 - 24'),
	 ('MIL','Milwaukee Bucks',264,'2022-11-23','L','CHI',113,118,-5,'58 - 24'),
	 ('MIL','Milwaukee Bucks',254,'2022-11-21','W','POR',119,111,8,'58 - 24'),
	 ('MIL','Milwaukee Bucks',233,'2022-11-18','L','PHI',102,110,-8,'58 - 24'),
	 ('MIL','Milwaukee Bucks',214,'2022-11-16','W','CLE',113,98,15,'58 - 24'),
	 ('MIL','Milwaukee Bucks',199,'2022-11-14','L','ATL',106,121,-15,'58 - 24'),
	 ('MIL','Milwaukee Bucks',181,'2022-11-11','L','SAS',93,111,-18,'58 - 24'),
	 ('MIL','Milwaukee Bucks',170,'2022-11-09','W','OKC',136,132,4,'58 - 24'),
	 ('MIL','Milwaukee Bucks',144,'2022-11-07','L','ATL',98,117,-19,'58 - 24'),
	 ('MIL','Milwaukee Bucks',137,'2022-11-05','W','OKC',108,94,14,'58 - 24');
INSERT INTO mov (team,full_team,game_id,game_date,outcome,opponent,pts_scored,pts_scored_opp,mov,record) VALUES
	 ('MIL','Milwaukee Bucks',129,'2022-11-04','W','MIN',115,102,13,'58 - 24'),
	 ('MIL','Milwaukee Bucks',111,'2022-11-02','W','DET',116,91,25,'58 - 24'),
	 ('MIL','Milwaukee Bucks',99,'2022-10-31','W','DET',110,108,2,'58 - 24'),
	 ('MIL','Milwaukee Bucks',81,'2022-10-29','W','ATL',123,115,8,'58 - 24'),
	 ('MIL','Milwaukee Bucks',78,'2022-10-28','W','NYK',119,108,11,'58 - 24'),
	 ('MIL','Milwaukee Bucks',57,'2022-10-26','W','BKN',110,99,11,'58 - 24'),
	 ('MIL','Milwaukee Bucks',33,'2022-10-22','W','HOU',125,105,20,'58 - 24'),
	 ('MIL','Milwaukee Bucks',16,'2022-10-20','W','PHI',90,88,2,'58 - 24'),
	 ('LAC','Los Angeles Clippers',1271,'2023-04-25','L','PHX',130,136,-6,'44 - 38'),
	 ('LAC','Los Angeles Clippers',1260,'2023-04-22','L','PHX',100,112,-12,'44 - 38');
INSERT INTO mov (team,full_team,game_id,game_date,outcome,opponent,pts_scored,pts_scored_opp,mov,record) VALUES
	 ('LAC','Los Angeles Clippers',1255,'2023-04-20','L','PHX',124,129,-5,'44 - 38'),
	 ('LAC','Los Angeles Clippers',1249,'2023-04-18','L','PHX',109,123,-14,'44 - 38'),
	 ('LAC','Los Angeles Clippers',1242,'2023-04-16','W','PHX',115,110,5,'44 - 38'),
	 ('LAC','Los Angeles Clippers',1225,'2023-04-09','W','PHX',119,114,5,'44 - 38'),
	 ('LAC','Los Angeles Clippers',1214,'2023-04-08','W','POR',136,125,11,'44 - 38'),
	 ('LAC','Los Angeles Clippers',1195,'2023-04-05','W','LAL',125,118,7,'44 - 38'),
	 ('LAC','Los Angeles Clippers',1162,'2023-04-01','L','NOP',114,122,-8,'44 - 38'),
	 ('LAC','Los Angeles Clippers',1156,'2023-03-31','L','MEM',94,108,-14,'44 - 38'),
	 ('LAC','Los Angeles Clippers',1141,'2023-03-29','W','MEM',141,132,9,'44 - 38'),
	 ('LAC','Los Angeles Clippers',1122,'2023-03-27','W','CHI',124,112,12,'44 - 38');
INSERT INTO mov (team,full_team,game_id,game_date,outcome,opponent,pts_scored,pts_scored_opp,mov,record) VALUES
	 ('LAC','Los Angeles Clippers',1110,'2023-03-25','L','NOP',110,131,-21,'44 - 38'),
	 ('LAC','Los Angeles Clippers',1095,'2023-03-23','W','OKC',127,105,22,'44 - 38'),
	 ('LAC','Los Angeles Clippers',1080,'2023-03-21','L','OKC',100,101,-1,'44 - 38'),
	 ('LAC','Los Angeles Clippers',1067,'2023-03-19','W','POR',117,102,15,'44 - 38'),
	 ('LAC','Los Angeles Clippers',1060,'2023-03-18','L','ORL',108,113,-5,'44 - 38'),
	 ('LAC','Los Angeles Clippers',1039,'2023-03-15','W','GSW',134,126,8,'44 - 38'),
	 ('LAC','Los Angeles Clippers',1010,'2023-03-11','W','NYK',106,95,11,'44 - 38'),
	 ('LAC','Los Angeles Clippers',990,'2023-03-08','W','TOR',108,100,8,'44 - 38'),
	 ('LAC','Los Angeles Clippers',967,'2023-03-05','W','MEM',135,129,6,'44 - 38'),
	 ('LAC','Los Angeles Clippers',951,'2023-03-03','L','SAC',127,128,-1,'44 - 38');
INSERT INTO mov (team,full_team,game_id,game_date,outcome,opponent,pts_scored,pts_scored_opp,mov,record) VALUES
	 ('LAC','Los Angeles Clippers',942,'2023-03-02','L','GSW',91,115,-24,'44 - 38'),
	 ('LAC','Los Angeles Clippers',928,'2023-02-28','L','MIN',101,108,-7,'44 - 38'),
	 ('LAC','Los Angeles Clippers',913,'2023-02-26','L','DEN',124,134,-10,'44 - 38'),
	 ('LAC','Los Angeles Clippers',898,'2023-02-24','L','SAC',175,176,-1,'44 - 38'),
	 ('LAC','Los Angeles Clippers',883,'2023-02-16','W','PHX',116,107,9,'44 - 38'),
	 ('LAC','Los Angeles Clippers',868,'2023-02-14','W','GSW',134,124,10,'44 - 38'),
	 ('LAC','Los Angeles Clippers',840,'2023-02-10','L','MIL',106,119,-13,'44 - 38'),
	 ('LAC','Los Angeles Clippers',824,'2023-02-08','L','DAL',104,110,-6,'44 - 38'),
	 ('LAC','Los Angeles Clippers',807,'2023-02-06','W','BKN',124,116,8,'44 - 38'),
	 ('LAC','Los Angeles Clippers',798,'2023-02-04','W','NYK',134,128,6,'44 - 38');
INSERT INTO mov (team,full_team,game_id,game_date,outcome,opponent,pts_scored,pts_scored_opp,mov,record) VALUES
	 ('LAC','Los Angeles Clippers',782,'2023-02-02','L','MIL',105,106,-1,'44 - 38'),
	 ('LAC','Los Angeles Clippers',765,'2023-01-31','W','CHI',108,103,5,'44 - 38'),
	 ('LAC','Los Angeles Clippers',753,'2023-01-29','L','CLE',99,122,-23,'44 - 38'),
	 ('LAC','Los Angeles Clippers',741,'2023-01-28','W','ATL',120,113,7,'44 - 38'),
	 ('LAC','Los Angeles Clippers',735,'2023-01-26','W','SAS',138,100,38,'44 - 38'),
	 ('LAC','Los Angeles Clippers',719,'2023-01-24','W','LAL',133,115,18,'44 - 38'),
	 ('LAC','Los Angeles Clippers',700,'2023-01-22','W','DAL',112,98,14,'44 - 38'),
	 ('LAC','Los Angeles Clippers',688,'2023-01-20','W','SAS',131,126,5,'44 - 38'),
	 ('LAC','Los Angeles Clippers',674,'2023-01-18','L','UTA',103,126,-23,'44 - 38'),
	 ('LAC','Los Angeles Clippers',667,'2023-01-17','L','PHI',110,120,-10,'44 - 38');
INSERT INTO mov (team,full_team,game_id,game_date,outcome,opponent,pts_scored,pts_scored_opp,mov,record) VALUES
	 ('LAC','Los Angeles Clippers',653,'2023-01-15','W','HOU',121,100,21,'44 - 38'),
	 ('LAC','Los Angeles Clippers',634,'2023-01-13','L','DEN',103,115,-12,'44 - 38'),
	 ('LAC','Los Angeles Clippers',613,'2023-01-10','W','DAL',113,101,12,'44 - 38'),
	 ('LAC','Los Angeles Clippers',596,'2023-01-08','L','ATL',108,112,-4,'44 - 38'),
	 ('LAC','Los Angeles Clippers',587,'2023-01-06','L','MIN',115,128,-13,'44 - 38'),
	 ('LAC','Los Angeles Clippers',577,'2023-01-05','L','DEN',91,122,-31,'44 - 38'),
	 ('LAC','Los Angeles Clippers',558,'2023-01-02','L','MIA',100,110,-10,'44 - 38'),
	 ('LAC','Los Angeles Clippers',543,'2022-12-31','L','IND',130,131,-1,'44 - 38'),
	 ('LAC','Los Angeles Clippers',523,'2022-12-29','L','BOS',110,116,-6,'44 - 38'),
	 ('LAC','Los Angeles Clippers',510,'2022-12-27','W','TOR',124,113,11,'44 - 38');
INSERT INTO mov (team,full_team,game_id,game_date,outcome,opponent,pts_scored,pts_scored_opp,mov,record) VALUES
	 ('LAC','Los Angeles Clippers',501,'2022-12-26','W','DET',142,131,11,'44 - 38'),
	 ('LAC','Los Angeles Clippers',488,'2022-12-23','L','PHI',114,119,-5,'44 - 38'),
	 ('LAC','Los Angeles Clippers',469,'2022-12-21','W','CHA',126,105,21,'44 - 38'),
	 ('LAC','Los Angeles Clippers',440,'2022-12-17','W','WAS',102,93,9,'44 - 38'),
	 ('LAC','Los Angeles Clippers',425,'2022-12-15','L','PHX',95,111,-16,'44 - 38'),
	 ('LAC','Los Angeles Clippers',420,'2022-12-14','W','MIN',99,88,11,'44 - 38'),
	 ('LAC','Los Angeles Clippers',404,'2022-12-12','W','BOS',113,93,20,'44 - 38'),
	 ('LAC','Los Angeles Clippers',392,'2022-12-10','W','WAS',114,107,7,'44 - 38'),
	 ('LAC','Los Angeles Clippers',376,'2022-12-08','L','MIA',110,115,-5,'44 - 38'),
	 ('LAC','Los Angeles Clippers',370,'2022-12-07','L','ORL',111,116,-5,'44 - 38');
INSERT INTO mov (team,full_team,game_id,game_date,outcome,opponent,pts_scored,pts_scored_opp,mov,record) VALUES
	 ('LAC','Los Angeles Clippers',354,'2022-12-05','W','CHA',119,117,2,'44 - 38'),
	 ('LAC','Los Angeles Clippers',340,'2022-12-03','L','SAC',96,123,-27,'44 - 38'),
	 ('LAC','Los Angeles Clippers',319,'2022-11-30','L','UTA',112,125,-13,'44 - 38'),
	 ('LAC','Los Angeles Clippers',311,'2022-11-29','W','POR',118,112,6,'44 - 38'),
	 ('LAC','Los Angeles Clippers',296,'2022-11-27','W','IND',114,100,14,'44 - 38'),
	 ('LAC','Los Angeles Clippers',278,'2022-11-25','L','DEN',104,114,-10,'44 - 38'),
	 ('LAC','Los Angeles Clippers',268,'2022-11-23','L','GSW',107,124,-17,'44 - 38'),
	 ('LAC','Los Angeles Clippers',252,'2022-11-21','W','UTA',121,114,7,'44 - 38'),
	 ('LAC','Los Angeles Clippers',237,'2022-11-19','W','SAS',119,97,22,'44 - 38'),
	 ('LAC','Los Angeles Clippers',222,'2022-11-17','W','DET',96,91,5,'44 - 38');
INSERT INTO mov (team,full_team,game_id,game_date,outcome,opponent,pts_scored,pts_scored_opp,mov,record) VALUES
	 ('LAC','Los Angeles Clippers',207,'2022-11-15','L','DAL',101,103,-2,'44 - 38'),
	 ('LAC','Los Angeles Clippers',204,'2022-11-14','W','HOU',122,106,16,'44 - 38'),
	 ('LAC','Los Angeles Clippers',185,'2022-11-12','L','BKN',95,110,-15,'44 - 38'),
	 ('LAC','Los Angeles Clippers',168,'2022-11-09','W','LAL',114,101,13,'44 - 38'),
	 ('LAC','Los Angeles Clippers',149,'2022-11-07','W','CLE',119,117,2,'44 - 38'),
	 ('LAC','Los Angeles Clippers',142,'2022-11-06','L','UTA',102,110,-8,'44 - 38'),
	 ('LAC','Los Angeles Clippers',127,'2022-11-04','W','SAS',113,106,7,'44 - 38'),
	 ('LAC','Los Angeles Clippers',112,'2022-11-02','W','HOU',109,101,8,'44 - 38'),
	 ('LAC','Los Angeles Clippers',100,'2022-10-31','W','HOU',95,93,2,'44 - 38'),
	 ('LAC','Los Angeles Clippers',94,'2022-10-30','L','NOP',91,112,-21,'44 - 38');
INSERT INTO mov (team,full_team,game_id,game_date,outcome,opponent,pts_scored,pts_scored_opp,mov,record) VALUES
	 ('LAC','Los Angeles Clippers',68,'2022-10-27','L','OKC',110,118,-8,'44 - 38'),
	 ('LAC','Los Angeles Clippers',55,'2022-10-25','L','OKC',94,108,-14,'44 - 38'),
	 ('LAC','Los Angeles Clippers',40,'2022-10-23','L','PHX',95,112,-17,'44 - 38'),
	 ('LAC','Los Angeles Clippers',34,'2022-10-22','W','SAC',111,109,2,'44 - 38'),
	 ('LAC','Los Angeles Clippers',15,'2022-10-20','W','LAL',103,97,6,'44 - 38'),
	 ('CHA','Charlotte Hornets',1218,'2023-04-09','W','CLE',106,95,11,'27 - 55'),
	 ('CHA','Charlotte Hornets',1205,'2023-04-07','L','HOU',109,112,-3,'27 - 55'),
	 ('CHA','Charlotte Hornets',1179,'2023-04-04','L','TOR',100,120,-20,'27 - 55'),
	 ('CHA','Charlotte Hornets',1165,'2023-04-02','L','TOR',108,128,-20,'27 - 55'),
	 ('CHA','Charlotte Hornets',1150,'2023-03-31','L','CHI',91,121,-30,'27 - 55');
INSERT INTO mov (team,full_team,game_id,game_date,outcome,opponent,pts_scored,pts_scored_opp,mov,record) VALUES
	 ('CHA','Charlotte Hornets',1132,'2023-03-28','W','OKC',137,134,3,'27 - 55'),
	 ('CHA','Charlotte Hornets',1116,'2023-03-26','W','DAL',110,104,6,'27 - 55'),
	 ('CHA','Charlotte Hornets',1098,'2023-03-24','W','DAL',117,109,8,'27 - 55'),
	 ('CHA','Charlotte Hornets',1094,'2023-03-23','L','NOP',96,115,-19,'27 - 55'),
	 ('CHA','Charlotte Hornets',1071,'2023-03-20','W','IND',115,109,6,'27 - 55'),
	 ('CHA','Charlotte Hornets',1049,'2023-03-17','L','PHI',82,121,-39,'27 - 55'),
	 ('CHA','Charlotte Hornets',1028,'2023-03-14','L','CLE',104,120,-16,'27 - 55'),
	 ('CHA','Charlotte Hornets',1015,'2023-03-12','L','CLE',108,114,-6,'27 - 55'),
	 ('CHA','Charlotte Hornets',1005,'2023-03-11','L','UTA',111,119,-8,'27 - 55'),
	 ('CHA','Charlotte Hornets',993,'2023-03-09','W','DET',113,103,10,'27 - 55');
INSERT INTO mov (team,full_team,game_id,game_date,outcome,opponent,pts_scored,pts_scored_opp,mov,record) VALUES
	 ('CHA','Charlotte Hornets',978,'2023-03-07','W','NYK',112,105,7,'27 - 55'),
	 ('CHA','Charlotte Hornets',961,'2023-03-05','L','BKN',86,102,-16,'27 - 55'),
	 ('CHA','Charlotte Hornets',947,'2023-03-03','L','ORL',106,117,-11,'27 - 55'),
	 ('CHA','Charlotte Hornets',934,'2023-03-01','L','PHX',91,105,-14,'27 - 55'),
	 ('CHA','Charlotte Hornets',919,'2023-02-27','W','DET',117,106,11,'27 - 55'),
	 ('CHA','Charlotte Hornets',903,'2023-02-25','W','MIA',108,103,5,'27 - 55'),
	 ('CHA','Charlotte Hornets',896,'2023-02-24','W','MIN',121,113,8,'27 - 55'),
	 ('CHA','Charlotte Hornets',875,'2023-02-15','W','SAS',120,110,10,'27 - 55'),
	 ('CHA','Charlotte Hornets',856,'2023-02-13','W','ATL',144,138,6,'27 - 55'),
	 ('CHA','Charlotte Hornets',847,'2023-02-11','L','DEN',105,119,-14,'27 - 55');
INSERT INTO mov (team,full_team,game_id,game_date,outcome,opponent,pts_scored,pts_scored_opp,mov,record) VALUES
	 ('CHA','Charlotte Hornets',834,'2023-02-10','L','BOS',116,127,-11,'27 - 55'),
	 ('CHA','Charlotte Hornets',822,'2023-02-08','L','WAS',104,118,-14,'27 - 55'),
	 ('CHA','Charlotte Hornets',801,'2023-02-05','L','ORL',113,119,-6,'27 - 55'),
	 ('CHA','Charlotte Hornets',786,'2023-02-03','L','DET',112,118,-6,'27 - 55'),
	 ('CHA','Charlotte Hornets',777,'2023-02-02','L','CHI',98,114,-16,'27 - 55'),
	 ('CHA','Charlotte Hornets',764,'2023-01-31','L','MIL',115,124,-9,'27 - 55'),
	 ('CHA','Charlotte Hornets',752,'2023-01-29','W','MIA',122,117,5,'27 - 55'),
	 ('CHA','Charlotte Hornets',732,'2023-01-26','W','CHI',111,96,15,'27 - 55'),
	 ('CHA','Charlotte Hornets',714,'2023-01-24','L','PHX',97,128,-31,'27 - 55'),
	 ('CHA','Charlotte Hornets',708,'2023-01-23','L','UTA',102,120,-18,'27 - 55');
INSERT INTO mov (team,full_team,game_id,game_date,outcome,opponent,pts_scored,pts_scored_opp,mov,record) VALUES
	 ('CHA','Charlotte Hornets',692,'2023-01-21','W','ATL',122,118,4,'27 - 55'),
	 ('CHA','Charlotte Hornets',670,'2023-01-18','W','HOU',122,117,5,'27 - 55'),
	 ('CHA','Charlotte Hornets',657,'2023-01-16','L','BOS',118,130,-12,'27 - 55'),
	 ('CHA','Charlotte Hornets',642,'2023-01-14','L','BOS',106,122,-16,'27 - 55'),
	 ('CHA','Charlotte Hornets',627,'2023-01-12','L','TOR',114,124,-10,'27 - 55'),
	 ('CHA','Charlotte Hornets',611,'2023-01-10','L','TOR',120,132,-12,'27 - 55'),
	 ('CHA','Charlotte Hornets',598,'2023-01-08','L','IND',111,116,-5,'27 - 55'),
	 ('CHA','Charlotte Hornets',582,'2023-01-06','W','MIL',138,109,29,'27 - 55'),
	 ('CHA','Charlotte Hornets',566,'2023-01-04','L','MEM',107,131,-24,'27 - 55'),
	 ('CHA','Charlotte Hornets',552,'2023-01-02','L','LAL',115,121,-6,'27 - 55');
INSERT INTO mov (team,full_team,game_id,game_date,outcome,opponent,pts_scored,pts_scored_opp,mov,record) VALUES
	 ('CHA','Charlotte Hornets',538,'2022-12-31','L','BKN',106,123,-17,'27 - 55'),
	 ('CHA','Charlotte Hornets',524,'2022-12-29','W','OKC',121,113,8,'27 - 55'),
	 ('CHA','Charlotte Hornets',507,'2022-12-27','L','GSW',105,110,-5,'27 - 55'),
	 ('CHA','Charlotte Hornets',499,'2022-12-26','L','POR',113,124,-11,'27 - 55'),
	 ('CHA','Charlotte Hornets',482,'2022-12-23','W','LAL',134,130,4,'27 - 55'),
	 ('CHA','Charlotte Hornets',469,'2022-12-21','L','LAC',105,126,-21,'27 - 55'),
	 ('CHA','Charlotte Hornets',453,'2022-12-19','W','SAC',125,119,6,'27 - 55'),
	 ('CHA','Charlotte Hornets',447,'2022-12-18','L','DEN',115,119,-4,'27 - 55'),
	 ('CHA','Charlotte Hornets',428,'2022-12-16','L','ATL',106,125,-19,'27 - 55'),
	 ('CHA','Charlotte Hornets',415,'2022-12-14','L','DET',134,141,-7,'27 - 55');
INSERT INTO mov (team,full_team,game_id,game_date,outcome,opponent,pts_scored,pts_scored_opp,mov,record) VALUES
	 ('CHA','Charlotte Hornets',396,'2022-12-11','L','PHI',113,131,-18,'27 - 55'),
	 ('CHA','Charlotte Hornets',378,'2022-12-09','L','NYK',102,121,-19,'27 - 55'),
	 ('CHA','Charlotte Hornets',364,'2022-12-07','L','BKN',116,122,-6,'27 - 55'),
	 ('CHA','Charlotte Hornets',354,'2022-12-05','L','LAC',117,119,-2,'27 - 55'),
	 ('CHA','Charlotte Hornets',337,'2022-12-03','L','MIL',96,105,-9,'27 - 55'),
	 ('CHA','Charlotte Hornets',329,'2022-12-02','W','WAS',117,116,1,'27 - 55'),
	 ('CHA','Charlotte Hornets',301,'2022-11-28','L','BOS',105,140,-35,'27 - 55'),
	 ('CHA','Charlotte Hornets',275,'2022-11-25','W','MIN',110,108,2,'27 - 55'),
	 ('CHA','Charlotte Hornets',263,'2022-11-23','W','PHI',107,101,6,'27 - 55'),
	 ('CHA','Charlotte Hornets',241,'2022-11-20','L','WAS',102,106,-4,'27 - 55');
INSERT INTO mov (team,full_team,game_id,game_date,outcome,opponent,pts_scored,pts_scored_opp,mov,record) VALUES
	 ('CHA','Charlotte Hornets',225,'2022-11-18','L','CLE',122,132,-10,'27 - 55'),
	 ('CHA','Charlotte Hornets',212,'2022-11-16','L','IND',113,125,-12,'27 - 55'),
	 ('CHA','Charlotte Hornets',201,'2022-11-14','W','ORL',112,105,7,'27 - 55'),
	 ('CHA','Charlotte Hornets',187,'2022-11-12','L','MIA',115,132,-17,'27 - 55'),
	 ('CHA','Charlotte Hornets',173,'2022-11-10','L','MIA',112,117,-5,'27 - 55'),
	 ('CHA','Charlotte Hornets',162,'2022-11-09','L','POR',95,105,-10,'27 - 55'),
	 ('CHA','Charlotte Hornets',147,'2022-11-07','L','WAS',100,108,-8,'27 - 55'),
	 ('CHA','Charlotte Hornets',133,'2022-11-05','L','BKN',94,98,-4,'27 - 55'),
	 ('CHA','Charlotte Hornets',122,'2022-11-04','L','MEM',99,130,-31,'27 - 55'),
	 ('CHA','Charlotte Hornets',109,'2022-11-02','L','CHI',88,106,-18,'27 - 55');
INSERT INTO mov (team,full_team,game_id,game_date,outcome,opponent,pts_scored,pts_scored_opp,mov,record) VALUES
	 ('CHA','Charlotte Hornets',98,'2022-10-31','L','SAC',108,115,-7,'27 - 55'),
	 ('CHA','Charlotte Hornets',83,'2022-10-29','W','GSW',120,113,7,'27 - 55'),
	 ('CHA','Charlotte Hornets',72,'2022-10-28','L','ORL',93,113,-20,'27 - 55'),
	 ('CHA','Charlotte Hornets',58,'2022-10-26','L','NYK',131,134,-3,'27 - 55'),
	 ('CHA','Charlotte Hornets',37,'2022-10-23','W','ATL',126,109,17,'27 - 55'),
	 ('CHA','Charlotte Hornets',20,'2022-10-21','L','NOP',112,124,-12,'27 - 55'),
	 ('CHA','Charlotte Hornets',5,'2022-10-19','W','SAS',129,102,27,'27 - 55'),
	 ('NOP','New Orleans Pelicans',1234,'2023-04-12','L','OKC',118,123,-5,'42 - 40'),
	 ('NOP','New Orleans Pelicans',1230,'2023-04-09','L','MIN',108,113,-5,'42 - 40'),
	 ('NOP','New Orleans Pelicans',1212,'2023-04-07','W','NYK',113,105,8,'42 - 40');
INSERT INTO mov (team,full_team,game_id,game_date,outcome,opponent,pts_scored,pts_scored_opp,mov,record) VALUES
	 ('NOP','New Orleans Pelicans',1196,'2023-04-05','W','MEM',138,131,7,'42 - 40'),
	 ('NOP','New Orleans Pelicans',1187,'2023-04-04','L','SAC',103,121,-18,'42 - 40'),
	 ('NOP','New Orleans Pelicans',1162,'2023-04-01','W','LAC',122,114,8,'42 - 40'),
	 ('NOP','New Orleans Pelicans',1147,'2023-03-30','W','DEN',107,88,19,'42 - 40'),
	 ('NOP','New Orleans Pelicans',1133,'2023-03-28','L','GSW',109,120,-11,'42 - 40'),
	 ('NOP','New Orleans Pelicans',1128,'2023-03-27','W','POR',124,90,34,'42 - 40'),
	 ('NOP','New Orleans Pelicans',1110,'2023-03-25','W','LAC',131,110,21,'42 - 40'),
	 ('NOP','New Orleans Pelicans',1094,'2023-03-23','W','CHA',115,96,19,'42 - 40'),
	 ('NOP','New Orleans Pelicans',1081,'2023-03-21','W','SAS',119,84,35,'42 - 40'),
	 ('NOP','New Orleans Pelicans',1066,'2023-03-19','W','HOU',117,107,10,'42 - 40');
INSERT INTO mov (team,full_team,game_id,game_date,outcome,opponent,pts_scored,pts_scored_opp,mov,record) VALUES
	 ('NOP','New Orleans Pelicans',1053,'2023-03-17','L','HOU',112,114,-2,'42 - 40'),
	 ('NOP','New Orleans Pelicans',1031,'2023-03-14','L','LAL',108,123,-15,'42 - 40'),
	 ('NOP','New Orleans Pelicans',1017,'2023-03-12','W','POR',127,110,17,'42 - 40'),
	 ('NOP','New Orleans Pelicans',1012,'2023-03-11','L','OKC',96,110,-14,'42 - 40'),
	 ('NOP','New Orleans Pelicans',989,'2023-03-08','W','DAL',113,106,7,'42 - 40'),
	 ('NOP','New Orleans Pelicans',976,'2023-03-06','L','SAC',108,123,-15,'42 - 40'),
	 ('NOP','New Orleans Pelicans',950,'2023-03-03','L','GSW',99,108,-9,'42 - 40'),
	 ('NOP','New Orleans Pelicans',940,'2023-03-01','W','POR',121,110,11,'42 - 40'),
	 ('NOP','New Orleans Pelicans',921,'2023-02-27','L','ORL',93,101,-8,'42 - 40'),
	 ('NOP','New Orleans Pelicans',907,'2023-02-25','L','NYK',106,128,-22,'42 - 40');
INSERT INTO mov (team,full_team,game_id,game_date,outcome,opponent,pts_scored,pts_scored_opp,mov,record) VALUES
	 ('NOP','New Orleans Pelicans',891,'2023-02-23','L','TOR',110,115,-5,'42 - 40'),
	 ('NOP','New Orleans Pelicans',880,'2023-02-15','L','LAL',102,120,-18,'42 - 40'),
	 ('NOP','New Orleans Pelicans',866,'2023-02-13','W','OKC',103,100,3,'42 - 40'),
	 ('NOP','New Orleans Pelicans',835,'2023-02-10','L','CLE',107,118,-11,'42 - 40'),
	 ('NOP','New Orleans Pelicans',815,'2023-02-07','W','ATL',116,107,9,'42 - 40'),
	 ('NOP','New Orleans Pelicans',805,'2023-02-05','W','SAC',136,104,32,'42 - 40'),
	 ('NOP','New Orleans Pelicans',799,'2023-02-04','W','LAL',131,126,5,'42 - 40'),
	 ('NOP','New Orleans Pelicans',779,'2023-02-02','L','DAL',106,111,-5,'42 - 40'),
	 ('NOP','New Orleans Pelicans',767,'2023-01-31','L','DEN',113,122,-9,'42 - 40'),
	 ('NOP','New Orleans Pelicans',755,'2023-01-29','L','MIL',110,135,-25,'42 - 40');
INSERT INTO mov (team,full_team,game_id,game_date,outcome,opponent,pts_scored,pts_scored_opp,mov,record) VALUES
	 ('NOP','New Orleans Pelicans',749,'2023-01-28','L','WAS',103,113,-10,'42 - 40'),
	 ('NOP','New Orleans Pelicans',727,'2023-01-25','L','MIN',102,111,-9,'42 - 40'),
	 ('NOP','New Orleans Pelicans',718,'2023-01-24','L','DEN',98,99,-1,'42 - 40'),
	 ('NOP','New Orleans Pelicans',704,'2023-01-22','L','MIA',96,100,-4,'42 - 40'),
	 ('NOP','New Orleans Pelicans',690,'2023-01-20','L','ORL',110,123,-13,'42 - 40'),
	 ('NOP','New Orleans Pelicans',676,'2023-01-18','L','MIA',98,124,-26,'42 - 40'),
	 ('NOP','New Orleans Pelicans',658,'2023-01-16','L','CLE',103,113,-10,'42 - 40'),
	 ('NOP','New Orleans Pelicans',635,'2023-01-13','W','DET',116,110,6,'42 - 40'),
	 ('NOP','New Orleans Pelicans',619,'2023-01-11','L','BOS',114,125,-11,'42 - 40'),
	 ('NOP','New Orleans Pelicans',609,'2023-01-09','W','WAS',132,112,20,'42 - 40');
INSERT INTO mov (team,full_team,game_id,game_date,outcome,opponent,pts_scored,pts_scored_opp,mov,record) VALUES
	 ('NOP','New Orleans Pelicans',593,'2023-01-07','L','DAL',117,127,-10,'42 - 40'),
	 ('NOP','New Orleans Pelicans',581,'2023-01-06','L','BKN',102,108,-6,'42 - 40'),
	 ('NOP','New Orleans Pelicans',569,'2023-01-04','W','HOU',119,108,11,'42 - 40'),
	 ('NOP','New Orleans Pelicans',559,'2023-01-02','L','PHI',111,120,-9,'42 - 40'),
	 ('NOP','New Orleans Pelicans',544,'2022-12-31','L','MEM',101,116,-15,'42 - 40'),
	 ('NOP','New Orleans Pelicans',534,'2022-12-30','W','PHI',127,116,11,'42 - 40'),
	 ('NOP','New Orleans Pelicans',521,'2022-12-28','W','MIN',119,118,1,'42 - 40'),
	 ('NOP','New Orleans Pelicans',502,'2022-12-26','W','IND',113,93,20,'42 - 40'),
	 ('NOP','New Orleans Pelicans',490,'2022-12-23','W','OKC',128,125,3,'42 - 40'),
	 ('NOP','New Orleans Pelicans',477,'2022-12-22','W','SAS',126,117,9,'42 - 40');
INSERT INTO mov (team,full_team,game_id,game_date,outcome,opponent,pts_scored,pts_scored_opp,mov,record) VALUES
	 ('NOP','New Orleans Pelicans',458,'2022-12-19','L','MIL',119,128,-9,'42 - 40'),
	 ('NOP','New Orleans Pelicans',444,'2022-12-17','L','PHX',114,118,-4,'42 - 40'),
	 ('NOP','New Orleans Pelicans',427,'2022-12-15','L','UTA',129,132,-3,'42 - 40'),
	 ('NOP','New Orleans Pelicans',412,'2022-12-13','L','UTA',100,121,-21,'42 - 40'),
	 ('NOP','New Orleans Pelicans',399,'2022-12-11','W','PHX',129,124,5,'42 - 40'),
	 ('NOP','New Orleans Pelicans',385,'2022-12-09','W','PHX',128,117,11,'42 - 40'),
	 ('NOP','New Orleans Pelicans',367,'2022-12-07','W','DET',104,98,6,'42 - 40'),
	 ('NOP','New Orleans Pelicans',347,'2022-12-04','W','DEN',121,106,15,'42 - 40'),
	 ('NOP','New Orleans Pelicans',336,'2022-12-02','W','SAS',117,99,18,'42 - 40'),
	 ('NOP','New Orleans Pelicans',323,'2022-11-30','W','TOR',126,108,18,'42 - 40');
INSERT INTO mov (team,full_team,game_id,game_date,outcome,opponent,pts_scored,pts_scored_opp,mov,record) VALUES
	 ('NOP','New Orleans Pelicans',307,'2022-11-28','W','OKC',105,101,4,'42 - 40'),
	 ('NOP','New Orleans Pelicans',282,'2022-11-25','L','MEM',111,132,-21,'42 - 40'),
	 ('NOP','New Orleans Pelicans',271,'2022-11-23','W','SAS',129,110,19,'42 - 40'),
	 ('NOP','New Orleans Pelicans',250,'2022-11-21','W','GSW',128,83,45,'42 - 40'),
	 ('NOP','New Orleans Pelicans',224,'2022-11-18','L','BOS',109,117,-8,'42 - 40'),
	 ('NOP','New Orleans Pelicans',213,'2022-11-16','W','CHI',124,110,14,'42 - 40'),
	 ('NOP','New Orleans Pelicans',208,'2022-11-15','W','MEM',113,102,11,'42 - 40'),
	 ('NOP','New Orleans Pelicans',189,'2022-11-12','W','HOU',119,106,13,'42 - 40'),
	 ('NOP','New Orleans Pelicans',175,'2022-11-10','L','POR',95,106,-11,'42 - 40'),
	 ('NOP','New Orleans Pelicans',163,'2022-11-09','W','CHI',115,111,4,'42 - 40');
INSERT INTO mov (team,full_team,game_id,game_date,outcome,opponent,pts_scored,pts_scored_opp,mov,record) VALUES
	 ('NOP','New Orleans Pelicans',154,'2022-11-07','L','IND',122,129,-7,'42 - 40'),
	 ('NOP','New Orleans Pelicans',132,'2022-11-05','L','ATL',121,124,-3,'42 - 40'),
	 ('NOP','New Orleans Pelicans',125,'2022-11-04','W','GSW',114,105,9,'42 - 40'),
	 ('NOP','New Orleans Pelicans',113,'2022-11-02','L','LAL',117,120,-3,'42 - 40'),
	 ('NOP','New Orleans Pelicans',94,'2022-10-30','W','LAC',112,91,21,'42 - 40'),
	 ('NOP','New Orleans Pelicans',79,'2022-10-28','L','PHX',111,124,-13,'42 - 40'),
	 ('NOP','New Orleans Pelicans',52,'2022-10-25','W','DAL',113,111,2,'42 - 40'),
	 ('NOP','New Orleans Pelicans',43,'2022-10-23','L','UTA',121,122,-1,'42 - 40'),
	 ('NOP','New Orleans Pelicans',20,'2022-10-21','W','CHA',124,112,12,'42 - 40'),
	 ('NOP','New Orleans Pelicans',4,'2022-10-19','W','BKN',130,108,22,'42 - 40');
INSERT INTO mov (team,full_team,game_id,game_date,outcome,opponent,pts_scored,pts_scored_opp,mov,record) VALUES
	 ('SAS','San Antonio Spurs',1220,'2023-04-09','W','DAL',138,117,21,'22 - 60'),
	 ('SAS','San Antonio Spurs',1215,'2023-04-08','L','MIN',131,151,-20,'22 - 60'),
	 ('SAS','San Antonio Spurs',1201,'2023-04-06','W','POR',129,127,2,'22 - 60'),
	 ('SAS','San Antonio Spurs',1188,'2023-04-04','L','PHX',94,115,-21,'22 - 60'),
	 ('SAS','San Antonio Spurs',1175,'2023-04-02','W','SAC',142,134,8,'22 - 60'),
	 ('SAS','San Antonio Spurs',1154,'2023-03-31','L','GSW',115,130,-15,'22 - 60'),
	 ('SAS','San Antonio Spurs',1145,'2023-03-29','L','UTA',117,128,-11,'22 - 60'),
	 ('SAS','San Antonio Spurs',1115,'2023-03-26','L','BOS',93,137,-44,'22 - 60'),
	 ('SAS','San Antonio Spurs',1106,'2023-03-24','L','WAS',124,136,-12,'22 - 60'),
	 ('SAS','San Antonio Spurs',1091,'2023-03-22','L','MIL',94,130,-36,'22 - 60');
INSERT INTO mov (team,full_team,game_id,game_date,outcome,opponent,pts_scored,pts_scored_opp,mov,record) VALUES
	 ('SAS','San Antonio Spurs',1081,'2023-03-21','L','NOP',84,119,-35,'22 - 60'),
	 ('SAS','San Antonio Spurs',1063,'2023-03-19','W','ATL',126,118,8,'22 - 60'),
	 ('SAS','San Antonio Spurs',1054,'2023-03-17','L','MEM',120,126,-6,'22 - 60'),
	 ('SAS','San Antonio Spurs',1038,'2023-03-15','L','DAL',128,137,-9,'22 - 60'),
	 ('SAS','San Antonio Spurs',1034,'2023-03-14','W','ORL',132,114,18,'22 - 60'),
	 ('SAS','San Antonio Spurs',1018,'2023-03-12','L','OKC',90,102,-12,'22 - 60'),
	 ('SAS','San Antonio Spurs',1001,'2023-03-10','W','DEN',128,120,8,'22 - 60'),
	 ('SAS','San Antonio Spurs',966,'2023-03-05','L','HOU',110,142,-32,'22 - 60'),
	 ('SAS','San Antonio Spurs',957,'2023-03-04','L','HOU',110,122,-12,'22 - 60'),
	 ('SAS','San Antonio Spurs',943,'2023-03-02','W','IND',110,99,11,'22 - 60');
INSERT INTO mov (team,full_team,game_id,game_date,outcome,opponent,pts_scored,pts_scored_opp,mov,record) VALUES
	 ('SAS','San Antonio Spurs',931,'2023-02-28','W','UTA',102,94,8,'22 - 60'),
	 ('SAS','San Antonio Spurs',908,'2023-02-25','L','UTA',102,118,-16,'22 - 60'),
	 ('SAS','San Antonio Spurs',887,'2023-02-23','L','DAL',116,142,-26,'22 - 60'),
	 ('SAS','San Antonio Spurs',875,'2023-02-15','L','CHA',110,120,-10,'22 - 60'),
	 ('SAS','San Antonio Spurs',859,'2023-02-13','L','CLE',109,117,-8,'22 - 60'),
	 ('SAS','San Antonio Spurs',845,'2023-02-11','L','ATL',106,125,-19,'22 - 60'),
	 ('SAS','San Antonio Spurs',837,'2023-02-10','L','DET',131,138,-7,'22 - 60'),
	 ('SAS','San Antonio Spurs',829,'2023-02-08','L','TOR',98,112,-14,'22 - 60'),
	 ('SAS','San Antonio Spurs',809,'2023-02-06','L','CHI',104,128,-24,'22 - 60'),
	 ('SAS','San Antonio Spurs',790,'2023-02-03','L','PHI',125,137,-12,'22 - 60');
INSERT INTO mov (team,full_team,game_id,game_date,outcome,opponent,pts_scored,pts_scored_opp,mov,record) VALUES
	 ('SAS','San Antonio Spurs',775,'2023-02-01','L','SAC',109,119,-10,'22 - 60'),
	 ('SAS','San Antonio Spurs',763,'2023-01-30','L','WAS',106,127,-21,'22 - 60'),
	 ('SAS','San Antonio Spurs',750,'2023-01-28','L','PHX',118,128,-10,'22 - 60'),
	 ('SAS','San Antonio Spurs',735,'2023-01-26','L','LAC',100,138,-38,'22 - 60'),
	 ('SAS','San Antonio Spurs',726,'2023-01-25','L','LAL',104,113,-9,'22 - 60'),
	 ('SAS','San Antonio Spurs',712,'2023-01-23','L','POR',127,147,-20,'22 - 60'),
	 ('SAS','San Antonio Spurs',688,'2023-01-20','L','LAC',126,131,-5,'22 - 60'),
	 ('SAS','San Antonio Spurs',665,'2023-01-17','W','BKN',106,98,8,'22 - 60'),
	 ('SAS','San Antonio Spurs',655,'2023-01-15','L','SAC',119,132,-13,'22 - 60'),
	 ('SAS','San Antonio Spurs',636,'2023-01-13','L','GSW',113,144,-31,'22 - 60');
INSERT INTO mov (team,full_team,game_id,game_date,outcome,opponent,pts_scored,pts_scored_opp,mov,record) VALUES
	 ('SAS','San Antonio Spurs',625,'2023-01-11','L','MEM',129,135,-6,'22 - 60'),
	 ('SAS','San Antonio Spurs',607,'2023-01-09','L','MEM',113,121,-8,'22 - 60'),
	 ('SAS','San Antonio Spurs',591,'2023-01-07','L','BOS',116,121,-5,'22 - 60'),
	 ('SAS','San Antonio Spurs',585,'2023-01-06','W','DET',121,109,12,'22 - 60'),
	 ('SAS','San Antonio Spurs',574,'2023-01-04','L','NYK',114,117,-3,'22 - 60'),
	 ('SAS','San Antonio Spurs',551,'2023-01-02','L','BKN',103,139,-36,'22 - 60'),
	 ('SAS','San Antonio Spurs',540,'2022-12-31','L','DAL',125,126,-1,'22 - 60'),
	 ('SAS','San Antonio Spurs',528,'2022-12-29','W','NYK',122,115,7,'22 - 60'),
	 ('SAS','San Antonio Spurs',513,'2022-12-27','L','OKC',114,130,-16,'22 - 60'),
	 ('SAS','San Antonio Spurs',504,'2022-12-26','W','UTA',126,122,4,'22 - 60');
INSERT INTO mov (team,full_team,game_id,game_date,outcome,opponent,pts_scored,pts_scored_opp,mov,record) VALUES
	 ('SAS','San Antonio Spurs',491,'2022-12-23','L','ORL',113,133,-20,'22 - 60'),
	 ('SAS','San Antonio Spurs',477,'2022-12-22','L','NOP',117,126,-9,'22 - 60'),
	 ('SAS','San Antonio Spurs',456,'2022-12-19','W','HOU',124,105,19,'22 - 60'),
	 ('SAS','San Antonio Spurs',442,'2022-12-17','L','MIA',101,111,-10,'22 - 60'),
	 ('SAS','San Antonio Spurs',422,'2022-12-14','L','POR',112,128,-16,'22 - 60'),
	 ('SAS','San Antonio Spurs',405,'2022-12-12','W','CLE',112,111,1,'22 - 60'),
	 ('SAS','San Antonio Spurs',393,'2022-12-10','W','MIA',115,111,4,'22 - 60'),
	 ('SAS','San Antonio Spurs',375,'2022-12-08','W','HOU',118,109,9,'22 - 60'),
	 ('SAS','San Antonio Spurs',351,'2022-12-04','L','PHX',95,133,-38,'22 - 60'),
	 ('SAS','San Antonio Spurs',336,'2022-12-02','L','NOP',99,117,-18,'22 - 60');
INSERT INTO mov (team,full_team,game_id,game_date,outcome,opponent,pts_scored,pts_scored_opp,mov,record) VALUES
	 ('SAS','San Antonio Spurs',324,'2022-11-30','L','OKC',111,119,-8,'22 - 60'),
	 ('SAS','San Antonio Spurs',288,'2022-11-26','L','LAL',138,143,-5,'22 - 60'),
	 ('SAS','San Antonio Spurs',281,'2022-11-25','L','LAL',94,105,-11,'22 - 60'),
	 ('SAS','San Antonio Spurs',271,'2022-11-23','L','NOP',110,129,-19,'22 - 60'),
	 ('SAS','San Antonio Spurs',246,'2022-11-20','L','LAL',92,123,-31,'22 - 60'),
	 ('SAS','San Antonio Spurs',237,'2022-11-19','L','LAC',97,119,-22,'22 - 60'),
	 ('SAS','San Antonio Spurs',223,'2022-11-17','L','SAC',112,130,-18,'22 - 60'),
	 ('SAS','San Antonio Spurs',210,'2022-11-15','L','POR',110,117,-7,'22 - 60'),
	 ('SAS','San Antonio Spurs',203,'2022-11-14','L','GSW',95,132,-37,'22 - 60'),
	 ('SAS','San Antonio Spurs',181,'2022-11-11','W','MIL',111,93,18,'22 - 60');

DROP TABLE IF EXISTS feature_flags;
CREATE TABLE IF NOT EXISTS feature_flags
(
	id serial primary key,
	flag text,
	is_enabled integer,
	created_at timestamp without time zone default now(),
	modified_at timestamp without time zone default now(),
    CONSTRAINT flag_unique UNIQUE (flag)
);
INSERT INTO feature_flags(flag, is_enabled)
VALUES ('season', 1),
       ('playoffs', 1);

DROP TABLE IF EXISTS opp_stats;
CREATE TABLE IF NOT EXISTS opp_stats (
	team text NULL,
	scrape_date date NULL,
	fg_percent_opp float8 NULL,
	threep_percent_opp float8 NULL,
	threep_made_opp float8 NULL,
	ppg_opp float8 NULL,
	fg_percent_rank text NULL,
	three_percent_rank text NULL,
	three_pm_rank text NULL,
	ppg_opp_rank text NULL,
	conference text NULL
);

INSERT INTO opp_stats (team,scrape_date,fg_percent_opp,threep_percent_opp,threep_made_opp,ppg_opp,fg_percent_rank,three_percent_rank,three_pm_rank,ppg_opp_rank,conference) VALUES
	 ('Memphis Grizzlies','2023-09-30',0.453,0.355,13.0,113.0,'1st','9th','25th','11th','West'),
	 ('Milwaukee Bucks','2023-09-30',0.456,0.354,12.1,113.3,'2nd','8th','11th','14th','East'),
	 ('New York Knicks','2023-09-30',0.462,0.357,13.0,113.1,'3rd','11th','27th','12th','East'),
	 ('Boston Celtics','2023-09-30',0.463,0.345,11.6,111.4,'4th','4th','5th','4th','East'),
	 ('Brooklyn Nets','2023-09-30',0.463,0.367,11.8,112.5,'5th','22nd','7th','9th','East'),
	 ('Phoenix Suns','2023-09-30',0.466,0.357,11.4,111.6,'6th','12th','3rd','6th','West'),
	 ('Chicago Bulls','2023-09-30',0.468,0.357,13.2,111.8,'7th','14th','29th','7th','East'),
	 ('Cleveland Cavaliers','2023-09-30',0.468,0.368,11.3,106.9,'8th','23rd','2nd','1st','East'),
	 ('Los Angeles Lakers','2023-09-30',0.469,0.344,12.5,116.6,'9th','2nd','18th','20th','West'),
	 ('Golden State Warriors','2023-09-30',0.469,0.364,12.9,117.1,'10th','18th','23rd','21st','West');
INSERT INTO opp_stats (team,scrape_date,fg_percent_opp,threep_percent_opp,threep_made_opp,ppg_opp,fg_percent_rank,three_percent_rank,three_pm_rank,ppg_opp_rank,conference) VALUES
	 ('Minnesota Timberwolves','2023-09-30',0.471,0.369,12.3,115.8,'11th','24th','16th','18th','West'),
	 ('New Orleans Pelicans','2023-09-30',0.472,0.339,12.2,112.5,'12th','1st','15th','10th','West'),
	 ('Philadelphia 76ers','2023-09-30',0.473,0.348,11.6,110.9,'13th','5th','6th','3rd','East'),
	 ('Utah Jazz','2023-09-30',0.473,0.361,12.5,118.0,'14th','17th','19th','24th','West'),
	 ('Washington Wizards','2023-09-30',0.473,0.366,12.0,114.4,'15th','20th','9th','17th','East'),
	 ('Los Angeles Clippers','2023-09-30',0.474,0.365,12.2,113.1,'16th','19th','12th','13th','West'),
	 ('Oklahoma City Thunder','2023-09-30',0.474,0.358,12.9,116.4,'17th','15th','24th','19th','West'),
	 ('Orlando Magic','2023-09-30',0.476,0.351,13.0,114.0,'18th','6th','26th','15th','East'),
	 ('Charlotte Hornets','2023-09-30',0.477,0.357,12.2,117.2,'19th','13th','13th','22nd','East'),
	 ('Denver Nuggets','2023-09-30',0.478,0.344,11.4,112.5,'20th','3rd','4th','8th','West');
INSERT INTO opp_stats (team,scrape_date,fg_percent_opp,threep_percent_opp,threep_made_opp,ppg_opp,fg_percent_rank,three_percent_rank,three_pm_rank,ppg_opp_rank,conference) VALUES
	 ('Houston Rockets','2023-09-30',0.482,0.374,14.5,118.6,'21st','28th','30th','28th','West'),
	 ('Miami Heat','2023-09-30',0.482,0.367,13.1,109.8,'22nd','21st','28th','2nd','East'),
	 ('Dallas Mavericks','2023-09-30',0.485,0.352,11.1,114.1,'23rd','7th','1st','16th','West'),
	 ('Indiana Pacers','2023-09-30',0.485,0.373,12.4,119.5,'24th','26th','17th','29th','East'),
	 ('Atlanta Hawks','2023-09-30',0.486,0.356,11.9,118.1,'25th','10th','8th','26th','East'),
	 ('Detroit Pistons','2023-09-30',0.489,0.36,12.0,118.5,'26th','16th','10th','27th','East'),
	 ('Toronto Raptors','2023-09-30',0.491,0.374,12.2,111.4,'27th','27th','14th','5th','East'),
	 ('Portland Trail Blazers','2023-09-30',0.491,0.379,12.5,117.4,'28th','29th','20th','23rd','West'),
	 ('Sacramento Kings','2023-09-30',0.492,0.373,12.5,118.1,'29th','25th','21st','25th','West'),
	 ('San Antonio Spurs','2023-09-30',0.507,0.391,12.6,123.1,'30th','30th','22nd','30th','West');

DROP TABLE IF EXISTS preseason_odds;
CREATE TABLE IF NOT EXISTS preseason_odds (
	team text NULL,
	team_full text NULL,
	conference text NULL,
	predicted_wins numeric NULL,
	predicted_losses float8 NULL,
	projected_wins numeric NULL,
	projected_losses numeric NULL,
	championship_odds numeric NULL,
	wins_differential numeric NULL,
	predicted_stats text NULL,
	projected_stats text NULL,
	over_under text NULL
);

INSERT INTO preseason_odds (team,team_full,conference,predicted_wins,predicted_losses,projected_wins,projected_losses,championship_odds,wins_differential,predicted_stats,projected_stats,over_under) VALUES
	 ('MIL','Milwaukee Bucks','Eastern',54.5,27.5,58,24,850,3.5,'54.5 - 27.5','58 - 24','Over'),
	 ('BOS','Boston Celtics','Eastern',45.5,36.5,57,25,4000,11.5,'45.5 - 36.5','57 - 25','Over'),
	 ('PHI','Philadelphia 76ers','Eastern',50.5,31.5,54,28,1600,3.5,'50.5 - 31.5','54 - 28','Over'),
	 ('DEN','Denver Nuggets','Western',47.5,34.5,53,29,2200,5.5,'47.5 - 34.5','53 - 29','Over'),
	 ('MEM','Memphis Grizzlies','Western',41.5,40.5,51,31,10000,9.5,'41.5 - 40.5','51 - 31','Over'),
	 ('CLE','Cleveland Cavaliers','Eastern',26.5,55.5,51,31,50000,24.5,'26.5 - 55.5','51 - 31','Over'),
	 ('SAC','Sacramento Kings','Western',36.5,45.5,48,34,25000,11.5,'36.5 - 45.5','48 - 34','Over'),
	 ('NYK','New York Knicks','Eastern',41.5,40.5,47,35,8000,5.5,'41.5 - 40.5','47 - 35','Over'),
	 ('PHX','Phoenix Suns','Western',51.5,30.5,45,37,1400,-6.5,'51.5 - 30.5','45 - 37','Under'),
	 ('BKN','Brooklyn Nets','Eastern',56.5,25.5,45,37,230,-11.5,'56.5 - 25.5','45 - 37','Under');
INSERT INTO preseason_odds (team,team_full,conference,predicted_wins,predicted_losses,projected_wins,projected_losses,championship_odds,wins_differential,predicted_stats,projected_stats,over_under) VALUES
	 ('GSW','Golden State Warriors','Western',48.5,33.5,44,38,1100,-4.5,'48.5 - 33.5','44 - 38','Under'),
	 ('MIA','Miami Heat','Eastern',48.5,33.5,44,38,3500,-4.5,'48.5 - 33.5','44 - 38','Under'),
	 ('LAC','Los Angeles Clippers','Western',45.5,36.5,44,38,1600,-1.5,'45.5 - 36.5','44 - 38','Under'),
	 ('LAL','Los Angeles Lakers','Western',52.5,29.5,43,39,425,-9.5,'52.5 - 29.5','43 - 39','Under'),
	 ('NOP','New Orleans Pelicans','Western',39.5,42.5,42,40,8000,2.5,'39.5 - 42.5','42 - 40','Over'),
	 ('MIN','Minnesota Timberwolves','Western',35.5,46.5,42,40,25000,6.5,'35.5 - 46.5','42 - 40','Over'),
	 ('TOR','Toronto Raptors','Eastern',35.5,46.5,41,41,10000,5.5,'35.5 - 46.5','41 - 41','Over'),
	 ('ATL','Atlanta Hawks','Eastern',47.5,34.5,41,41,3500,-6.5,'47.5 - 34.5','41 - 41','Under'),
	 ('OKC','Oklahoma City Thunder','Western',23.5,58.5,40,42,50000,16.5,'23.5 - 58.5','40 - 42','Over'),
	 ('CHI','Chicago Bulls','Eastern',42.5,39.5,40,42,12500,-2.5,'42.5 - 39.5','40 - 42','Under');
INSERT INTO preseason_odds (team,team_full,conference,predicted_wins,predicted_losses,projected_wins,projected_losses,championship_odds,wins_differential,predicted_stats,projected_stats,over_under) VALUES
	 ('DAL','Dallas Mavericks','Western',48.5,33.5,38,44,2800,-10.5,'48.5 - 33.5','38 - 44','Under'),
	 ('UTA','Utah Jazz','Western',52.5,29.5,37,45,1400,-15.5,'52.5 - 29.5','37 - 45','Under'),
	 ('WAS','Washington Wizards','Eastern',33.5,48.5,35,47,15000,1.5,'33.5 - 48.5','35 - 47','Over'),
	 ('IND','Indiana Pacers','Eastern',42.5,39.5,35,47,10000,-7.5,'42.5 - 39.5','35 - 47','Under'),
	 ('ORL','Orlando Magic','Eastern',22.5,59.5,34,48,50000,11.5,'22.5 - 59.5','34 - 48','Over'),
	 ('POR','Portland Trail Blazers','Western',44.5,37.5,33,49,5000,-11.5,'44.5 - 37.5','33 - 49','Under'),
	 ('CHA','Charlotte Hornets','Eastern',38.5,43.5,27,55,10000,-11.5,'38.5 - 43.5','27 - 55','Under'),
	 ('SAS','San Antonio Spurs','Western',28.5,53.5,22,60,25000,-6.5,'28.5 - 53.5','22 - 60','Under'),
	 ('HOU','Houston Rockets','Western',27.5,54.5,22,60,50000,-5.5,'27.5 - 54.5','22 - 60','Under'),
	 ('DET','Detroit Pistons','Eastern',24.5,57.5,17,65,50000,-7.5,'24.5 - 57.5','17 - 65','Under');

DROP TABLE IF EXISTS recent_games_players;
CREATE TABLE IF NOT EXISTS recent_games_players (
	player text NULL,
	player_new text NULL,
	player_logo text NULL,
	outcome text NULL,
	team text NULL,
	salary numeric NULL,
	pts numeric NULL,
	game_ts_percent numeric NULL,
	pts_color text NULL,
	ts_color text NULL,
	plus_minus text NULL
);

INSERT INTO recent_games_players (player,player_new,player_logo,outcome,team,salary,pts,game_ts_percent,pts_color,ts_color,plus_minus) VALUES
	 ('Nikola Jokic','<span style=''font-size:16px; color:royalblue;''>Nikola Jokic</span> <span style=''font-size:12px; color:grey;''>DEN</span>','https://ak-static.cms.nba.com/wp-content/uploads/headshots/nba/latest/260x190/203999.png','W','DEN',47607350,28,0.769,'0','0','+12'),
	 ('Jimmy Butler','<span style=''font-size:16px; color:royalblue;''>Jimmy Butler</span> <span style=''font-size:12px; color:grey;''>MIA</span>','https://ak-static.cms.nba.com/wp-content/uploads/headshots/nba/latest/260x190/202710.png','L','MIA',45183960,21,0.460,'0','0','-3'),
	 ('Bam Adebayo','<span style=''font-size:16px; color:royalblue;''>Bam Adebayo</span> <span style=''font-size:12px; color:grey;''>MIA</span>','https://ak-static.cms.nba.com/wp-content/uploads/headshots/nba/latest/260x190/1628389.png','L','MIA',32600060,20,0.479,'0','0','-3'),
	 ('Michael Porter','<span style=''font-size:16px; color:royalblue;''>Michael Porter</span> <span style=''font-size:12px; color:grey;''>DEN</span>','https://ak-static.cms.nba.com/wp-content/uploads/headshots/nba/latest/260x190/1629008.png','W','DEN',33386850,16,0.447,'0','0','-7'),
	 ('Jamal Murray','<span style=''font-size:16px; color:royalblue;''>Jamal Murray</span> <span style=''font-size:12px; color:grey;''>DEN</span>','https://ak-static.cms.nba.com/wp-content/uploads/headshots/nba/latest/260x190/1627750.png','W','DEN',33833400,14,0.467,'0','0','+12'),
	 ('Kyle Lowry','<span style=''font-size:16px; color:royalblue;''>Kyle Lowry</span> <span style=''font-size:12px; color:grey;''>MIA</span>','https://ak-static.cms.nba.com/wp-content/uploads/headshots/nba/latest/260x190/200768.png','L','MIA',29682540,12,0.462,'0','0','+5'),
	 ('Max Strus','<span style=''font-size:16px; color:royalblue;''>Max Strus</span> <span style=''font-size:12px; color:grey;''>MIA</span>','https://ak-static.cms.nba.com/wp-content/uploads/headshots/nba/latest/260x190/1629622.png','L','MIA',14487684,12,0.482,'0','0','+2'),
	 ('Kentavious Caldwell-Pope','<span style=''font-size:16px; color:royalblue;''>Kentavious Caldwell-Pope</span> <span style=''font-size:12px; color:grey;''>DEN</span>','https://ak-static.cms.nba.com/wp-content/uploads/headshots/nba/latest/260x190/203484.png','W','DEN',14704938,11,0.506,'0','0','+7'),
	 ('Bruce Brown','<span style=''font-size:16px; color:royalblue;''>Bruce Brown</span> <span style=''font-size:12px; color:grey;''>DEN</span>','https://ak-static.cms.nba.com/wp-content/uploads/headshots/nba/latest/260x190/1628971.png','W','DEN',22000000,10,0.317,'0','0','0'),
	 ('Caleb Martin','<span style=''font-size:16px; color:royalblue;''>Caleb Martin</span> <span style=''font-size:12px; color:grey;''>MIA</span>','https://ak-static.cms.nba.com/wp-content/uploads/headshots/nba/latest/260x190/1628997.png','L','MIA',6802950,10,0.506,'0','0','+13');
INSERT INTO recent_games_players (player,player_new,player_logo,outcome,team,salary,pts,game_ts_percent,pts_color,ts_color,plus_minus) VALUES
	 ('Christian Braun','<span style=''font-size:16px; color:royalblue;''>Christian Braun</span> <span style=''font-size:12px; color:grey;''>DEN</span>',NULL,'W','DEN',2949120,7,0.527,'0','0','0'),
	 ('Gabe Vincent','<span style=''font-size:16px; color:royalblue;''>Gabe Vincent</span> <span style=''font-size:12px; color:grey;''>MIA</span>','https://ak-static.cms.nba.com/wp-content/uploads/headshots/nba/latest/260x190/1629216.png','L','MIA',10500000,6,0.231,'0','0','-14'),
	 ('Duncan Robinson','<span style=''font-size:16px; color:royalblue;''>Duncan Robinson</span> <span style=''font-size:12px; color:grey;''>MIA</span>','https://ak-static.cms.nba.com/wp-content/uploads/headshots/nba/latest/260x190/1629130.png','L','MIA',18154000,5,0.417,'0','0','-9'),
	 ('Aaron Gordon','<span style=''font-size:16px; color:royalblue;''>Aaron Gordon</span> <span style=''font-size:12px; color:grey;''>DEN</span>','https://ak-static.cms.nba.com/wp-content/uploads/headshots/nba/latest/260x190/203932.png','W','DEN',22266182,4,0.258,'3','0','+8'),
	 ('Jeff Green','<span style=''font-size:16px; color:royalblue;''>Jeff Green</span> <span style=''font-size:12px; color:grey;''>DEN</span>','https://ak-static.cms.nba.com/wp-content/uploads/headshots/nba/latest/260x190/201145.png','W','DEN',9600000,4,1.000,'0','0','-5');

DROP TABLE IF EXISTS recent_games_teams;
CREATE TABLE IF NOT EXISTS recent_games_teams (
	team text NULL,
	opponent text NULL,
	game_date date NULL,
	outcome text NULL,
	pts_scored numeric NULL,
	pts_scored_opp numeric NULL,
	mov numeric NULL,
	max_team_lead numeric NULL,
	max_opponent_lead numeric NULL,
	team_max_score numeric NULL,
	team_avg_score numeric NULL,
	pts_color text NULL,
	opp_pts_color text NULL,
	team_logo text NULL,
	opp_logo text NULL,
	home_team text NULL,
	new_loc text NULL
);

INSERT INTO recent_games_teams (team,opponent,game_date,outcome,pts_scored,pts_scored_opp,mov,max_team_lead,max_opponent_lead,team_max_score,team_avg_score,pts_color,opp_pts_color,team_logo,opp_logo,home_team,new_loc) VALUES
	 ('DEN','MIA','2023-06-12','W',94,89,5,8,10,146,115.8,'3','3','logos/den.png','logos/mia.png','DEN','Vs.');

DROP TABLE IF EXISTS team_adv_stats;
CREATE TABLE IF NOT EXISTS team_adv_stats (
	team text NULL,
	scrape_date date NULL,
	age numeric NULL,
	w int4 NULL,
	l int4 NULL,
	pw int4 NULL,
	pl int4 NULL,
	mov numeric NULL,
	sos numeric NULL,
	srs numeric NULL,
	ortg numeric NULL,
	drtg numeric NULL,
	nrtg numeric NULL,
	pace numeric NULL,
	ftr numeric NULL,
	three_p_rate numeric NULL,
	ts_percent numeric NULL,
	efg_percent numeric NULL,
	tov_percent numeric NULL,
	orb_percent numeric NULL,
	ft_fga numeric NULL,
	efg_percent_opp numeric NULL,
	tov_percent_opp numeric NULL,
	drb_percent_opp numeric NULL,
	ft_fga_opp numeric NULL,
	arena text NULL,
	attendance numeric NULL,
	att_game numeric NULL,
	team_acronym text NULL,
	conference text NULL,
	primary_color text NULL,
	secondary_color text NULL,
	third_color text NULL,
	previous_season_wins int4 NULL,
	previous_season_rank int4 NULL,
	team_logo text NULL
);

INSERT INTO team_adv_stats (team,scrape_date,age,w,l,pw,pl,mov,sos,srs,ortg,drtg,nrtg,pace,ftr,three_p_rate,ts_percent,efg_percent,tov_percent,orb_percent,ft_fga,efg_percent_opp,tov_percent_opp,drb_percent_opp,ft_fga_opp,arena,attendance,att_game,team_acronym,conference,primary_color,secondary_color,third_color,previous_season_wins,previous_season_rank,team_logo) VALUES
	 ('Milwaukee Bucks','2023-06-18',29.8,58,24,50,32,3.63,-0.02,3.61,115.4,111.9,3.5,100.5,0.248,0.446,0.583,0.555,12.7,25,0.184,0.52,10.4,77.8,0.175,'Fiserv Forum',718786,17531,'MIL','Eastern','#00471b','#f0ebd2','NA',51,6,'logos/mil.png'),
	 ('Toronto Raptors','2023-06-18',25.8,41,41,45,37,1.48,0.12,1.59,115.5,114,1.5,97.1,0.257,0.351,0.555,0.517,10.3,27.8,0.201,0.565,15.3,76.7,0.223,'Scotiabank Arena',811261,19787,'TOR','Eastern','#ce1141','#061922','NA',48,10,'logos/tor.png'),
	 ('Boston Celtics','2023-06-18',27.4,57,25,57,25,6.52,-0.15,6.38,118,111.5,6.5,98.5,0.243,0.48,0.6,0.566,12,22.1,0.197,0.528,11.3,78.5,0.18,'TD Garden',766240,18689,'BOS','Eastern','#008348','#061922','#bb9753',51,6,'logos/bos.png'),
	 ('Indiana Pacers','2023-06-18',24.5,35,47,33,49,-3.18,0.28,-2.91,114.6,117.7,-3.1,101.1,0.265,0.413,0.581,0.545,13,23.4,0.209,0.554,13,72.2,0.229,'Gainbridge Fieldhouse',641562,15648,'IND','Eastern','#ffc633','#00275d','#bec0c2',25,26,'logos/ind.png'),
	 ('Miami Heat','2023-06-18',27.7,44,38,40,42,-0.32,0.18,-0.13,113,113.3,-0.3,96.3,0.27,0.408,0.574,0.53,12.4,22.8,0.224,0.561,14.5,77.7,0.198,'Kaseya Center',807190,19688,'MIA','Eastern','#98002e','#f9a01b','NA',53,3,'logos/mia.png'),
	 ('Philadelphia 76ers','2023-06-18',28.2,54,28,52,30,4.32,0.06,4.37,117.7,113.3,4.4,96.9,0.3,0.389,0.608,0.563,12.6,21.6,0.25,0.541,13,77.2,0.217,'Wells Fargo Center',839261,20470,'PHI','Eastern','#ed174c','#006bb6','NA',51,6,'logos/phi.png'),
	 ('Brooklyn Nets','2023-06-18',28,45,37,43,39,0.85,0.18,1.03,115,114.1,0.9,98.3,0.26,0.397,0.598,0.562,12.7,19.6,0.208,0.53,12.2,73.7,0.212,'Barclays Center',724439,17669,'BKN','Eastern','#061922','#061922','#bb9753',44,14,'logos/bkn.png'),
	 ('Orlando Magic','2023-06-18',23.1,34,48,35,47,-2.56,0.17,-2.39,111.6,114.2,-2.6,99.3,0.29,0.361,0.573,0.532,13.4,23.8,0.227,0.55,13.1,77.7,0.211,'Amway Center',728405,17766,'ORL','Eastern','#007dc5','#c4ced3','NA',22,29,'logos/orl.png'),
	 ('Charlotte Hornets','2023-06-18',25.3,27,55,26,56,-6.24,0.35,-5.89,109.2,115.3,-6.1,100.8,0.261,0.36,0.55,0.516,12.3,23.8,0.195,0.544,12.5,75.5,0.211,'Spectrum Center',702052,17123,'CHA','Eastern','#1d1160','#008ca8','#a1a1a4',43,16,'logos/cha.png'),
	 ('Washington Wizards','2023-06-18',26.2,35,47,38,44,-1.21,0.15,-1.06,114.4,115.6,-1.2,98.6,0.258,0.365,0.585,0.55,12.7,22.6,0.202,0.54,11,76.1,0.194,'Capital One Arena',710481,17329,'WAS','Eastern','#002b5c','#e31837','NA',35,21,'logos/was.png');
INSERT INTO team_adv_stats (team,scrape_date,age,w,l,pw,pl,mov,sos,srs,ortg,drtg,nrtg,pace,ftr,three_p_rate,ts_percent,efg_percent,tov_percent,orb_percent,ft_fga,efg_percent_opp,tov_percent_opp,drb_percent_opp,ft_fga_opp,arena,attendance,att_game,team_acronym,conference,primary_color,secondary_color,third_color,previous_season_wins,previous_season_rank,team_logo) VALUES
	 ('Chicago Bulls','2023-06-18',27.5,40,42,44,38,1.29,0.07,1.37,113.5,112.2,1.3,98.5,0.251,0.333,0.587,0.55,12.2,20.1,0.203,0.544,13.5,77.8,0.197,'United Center',841632,20528,'CHI','Eastern','#ce1141','#061922','NA',46,12,'logos/chi.png'),
	 ('New York Knicks','2023-06-18',24.5,47,35,48,34,2.93,0.06,2.99,117.8,114.8,3,97.1,0.285,0.4,0.577,0.541,11.4,28.3,0.217,0.536,11.4,77.1,0.21,'Madison Square Garden (IV)',795110,19393,'NYK','Eastern','#006bb6','#f58426','NA',37,19,'logos/nyk.png'),
	 ('Detroit Pistons','2023-06-18',24.1,17,65,22,60,-8.22,0.49,-7.73,110.7,118.9,-8.2,99,0.295,0.372,0.561,0.52,13.3,24.9,0.227,0.557,11.9,74,0.231,'Little Caesars Arena',759715,18596,'DET','Eastern','#006bb6','#ed174c','#0f586c',23,28,'logos/det.png'),
	 ('Atlanta Hawks','2023-06-18',24.9,41,41,42,40,0.29,0.02,0.32,116.6,116.3,0.3,100.7,0.244,0.331,0.579,0.541,11.2,25.1,0.2,0.552,12.4,75.8,0.206,'State Farm Arena',719787,17556,'ATL','Eastern','#e13a3e','#c4d600','#061922',43,16,'logos/atl.png'),
	 ('Cleveland Cavaliers','2023-06-18',25.4,51,31,55,27,5.38,-0.15,5.23,116.1,110.6,5.5,95.7,0.264,0.371,0.59,0.556,12.3,23.6,0.206,0.535,14.4,76.3,0.21,'Rocket Mortgage Fieldhouse',777280,18958,'CLE','Eastern','#860038','#fdbb30','#002d62',44,14,'logos/cle.png'),
	 ('Los Angeles Lakers','2023-06-18',27.9,43,39,42,40,0.57,-0.15,0.43,114.5,113.9,0.6,101.3,0.299,0.351,0.582,0.542,12.3,22.8,0.232,0.535,10.9,76.3,0.171,'Crypto.com Arena',763168,18614,'LAL','Western','#fdb927','#552582','NA',33,23,'logos/lal.png'),
	 ('Los Angeles Clippers','2023-06-18',29.7,44,38,42,40,0.5,-0.19,0.31,115,114.5,0.5,98,0.278,0.387,0.588,0.551,12.8,22.9,0.217,0.543,11.7,76.6,0.195,'Crypto.com Arena',720543,17574,'LAC','Western','#ed174c','#006bb6','NA',42,18,'logos/lac.png'),
	 ('Denver Nuggets','2023-06-18',26.6,53,29,49,33,3.33,-0.29,3.04,117.6,114.2,3.4,98.1,0.259,0.361,0.601,0.573,13.1,24.8,0.194,0.543,12.2,76.4,0.201,'Ball Arena',788635,19235,'DEN','Western','#4d90cd','#fdb927','NA',48,10,'logos/den.png'),
	 ('Houston Rockets','2023-06-18',22.1,22,60,23,59,-7.85,0.24,-7.62,111.4,119.3,-7.9,99,0.285,0.359,0.554,0.516,14,30.2,0.215,0.564,11.8,75.8,0.218,'Toyota Center',668865,16314,'HOU','Western','#ce1141','#c4ced3','#061922',20,30,'logos/hou.png'),
	 ('Oklahoma City Thunder','2023-06-18',22.8,40,42,44,38,1.09,-0.12,0.96,115.2,114.2,1,101.1,0.256,0.369,0.57,0.531,11.2,24.7,0.207,0.547,14.4,72.9,0.222,'Paycom Center',636903,15534,'OKC','Western','#007dc3','#F05133','NA',24,27,'logos/okc.png');
INSERT INTO team_adv_stats (team,scrape_date,age,w,l,pw,pl,mov,sos,srs,ortg,drtg,nrtg,pace,ftr,three_p_rate,ts_percent,efg_percent,tov_percent,orb_percent,ft_fga,efg_percent_opp,tov_percent_opp,drb_percent_opp,ft_fga_opp,arena,attendance,att_game,team_acronym,conference,primary_color,secondary_color,third_color,previous_season_wins,previous_season_rank,team_logo) VALUES
	 ('Utah Jazz','2023-06-18',26.5,37,45,39,43,-0.94,-0.09,-1.03,115.8,116.7,-0.9,100.5,0.265,0.421,0.584,0.547,13.3,26.8,0.209,0.541,10.9,75.2,0.205,'Vivint Arena',728240,17762,'UTA','Western','#002b5c','#f9a01b','NA',49,9,'logos/uta.png'),
	 ('Dallas Mavericks','2023-06-18',27.8,38,44,41,41,0.07,-0.22,-0.14,116.8,116.7,0.1,96.6,0.298,0.487,0.599,0.565,11.4,18,0.225,0.549,11.9,75.5,0.226,'American Airlines Center',827282,20178,'DAL','Western','#0064b1','#c4ced3','#061922',52,5,'logos/dal.png'),
	 ('Portland Trail Blazers','2023-06-18',25.1,33,49,31,51,-4.01,0.05,-3.96,114.8,118.8,-4,98.6,0.289,0.413,0.589,0.549,13.1,22.4,0.23,0.563,12.1,74.9,0.217,'Moda Center',767374,18716,'POR','Western','#061922','#e03a3e','NA',27,25,'logos/por.png'),
	 ('Memphis Grizzlies','2023-06-18',24.4,51,31,51,31,3.94,-0.34,3.6,115.1,111.2,3.9,101.1,0.259,0.372,0.57,0.54,11.7,26.5,0.19,0.526,13.1,75.9,0.206,'FedEx Forum',707836,17264,'MEM','Western','#7399c6','#bed4e9','#fdb927',56,2,'logos/mem.png'),
	 ('Phoenix Suns','2023-06-18',28.1,45,37,46,36,2.07,0.01,2.08,115.1,113,2.1,98.2,0.241,0.362,0.57,0.535,12,26.6,0.191,0.532,12.9,76,0.234,'Footprint Center',699911,17071,'PHX','Western','#e56020','#1d1160','NA',64,1,'logos/phx.png'),
	 ('San Antonio Spurs','2023-06-18',23.9,22,60,19,63,-10.04,0.22,-9.82,110.2,120,-9.8,101.6,0.229,0.348,0.554,0.525,13,25.6,0.17,0.576,12,74.9,0.201,'AT&T Center',694434,15508,'SAS','Western','#061922','#bac3c9','NA',34,22,'logos/sas.png'),
	 ('Sacramento Kings','2023-06-18',25.4,48,34,47,35,2.65,-0.35,2.3,119.4,116.8,2.6,100.3,0.284,0.423,0.608,0.572,12,22.7,0.225,0.563,12.6,77.2,0.203,'Golden 1 Center',715491,17451,'SAC','Western','#724c9f','#8e9090','NA',30,24,'logos/sac.png'),
	 ('New Orleans Pelicans','2023-06-18',25.9,42,40,46,36,1.89,-0.26,1.63,114.4,112.5,1.9,99.1,0.279,0.344,0.582,0.543,12.9,24.7,0.221,0.543,13.4,77.4,0.212,'Smoothie King Center',687691,16773,'NOP','Western','#002b5c','#e31837','NA',36,20,'logos/nop.png'),
	 ('Minnesota Timberwolves','2023-06-18',25.8,42,40,41,41,-0.04,-0.18,-0.22,113.7,113.8,-0.1,101,0.271,0.381,0.592,0.56,13.6,21.5,0.205,0.54,13.3,74.3,0.225,'Target Center',687510,16769,'MIN','Western','#005083','#00a94f','NA',46,12,'logos/min.png'),
	 ('Golden State Warriors','2023-06-18',27.3,44,38,45,37,1.8,-0.15,1.66,116.1,114.4,1.7,101.6,0.224,0.479,0.6,0.571,14.1,24.4,0.178,0.54,12.3,76,0.214,'Chase Center',740624,18064,'GSW','Western','#fdb927','#006bb6','NA',53,3,'logos/gsw.png');

DROP TABLE IF EXISTS team_blown_leads;
CREATE TABLE IF NOT EXISTS team_blown_leads (
	team text NULL,
	season_type text NULL,
	blown_leads_10pt int8 NULL,
	blown_lead_rank text NULL,
	team_comebacks_10pt int8 NULL,
	comeback_rank text NULL,
	net_comebacks int8 NULL,
	net_rank text NULL
);

INSERT INTO team_blown_leads (team,season_type,blown_leads_10pt,blown_lead_rank,team_comebacks_10pt,comeback_rank,net_comebacks,net_rank) VALUES
	 ('MIA','Playoffs',2,'5th',7,'1st',5,'1st'),
	 ('PHX','Playoffs',0,'30th',3,'4th',3,'2nd'),
	 ('PHI','Playoffs',0,'30th',3,'3rd',3,'3rd'),
	 ('DEN','Playoffs',1,'8th',3,'2nd',2,'4th'),
	 ('LAL','Playoffs',1,'11th',2,'5th',1,'5th'),
	 ('CLE','Playoffs',0,'30th',0,'30th',0,'6th'),
	 ('MEM','Playoffs',0,'30th',0,'30th',0,'7th'),
	 ('ATL','Playoffs',1,'9th',1,'6th',0,'8th'),
	 ('SAC','Playoffs',1,'10th',1,'10th',0,'9th'),
	 ('MIN','Playoffs',1,'12th',0,'30th',-1,'10th');
INSERT INTO team_blown_leads (team,season_type,blown_leads_10pt,blown_lead_rank,team_comebacks_10pt,comeback_rank,net_comebacks,net_rank) VALUES
	 ('NYK','Playoffs',2,'4th',1,'9th',-1,'11th'),
	 ('MIL','Playoffs',2,'7th',0,'30th',-2,'12th'),
	 ('BKN','Playoffs',2,'6th',0,'30th',-2,'13th'),
	 ('GSW','Playoffs',3,'2nd',1,'8th',-2,'14th'),
	 ('LAC','Playoffs',3,'3rd',0,'30th',-3,'15th'),
	 ('BOS','Playoffs',4,'1st',1,'7th',-3,'16th'),
	 ('OKC','Regular Season',7,'30th',17,'1st',10,'1st'),
	 ('PHI','Regular Season',9,'25th',16,'5th',7,'2nd'),
	 ('SAC','Regular Season',8,'28th',15,'8th',7,'3rd'),
	 ('BKN','Regular Season',11,'13th',17,'3rd',6,'4th');
INSERT INTO team_blown_leads (team,season_type,blown_leads_10pt,blown_lead_rank,team_comebacks_10pt,comeback_rank,net_comebacks,net_rank) VALUES
	 ('IND','Regular Season',11,'21st',17,'4th',6,'5th'),
	 ('CLE','Regular Season',12,'9th',17,'2nd',5,'6th'),
	 ('MIL','Regular Season',8,'29th',13,'13th',5,'7th'),
	 ('LAL','Regular Season',9,'23rd',13,'11th',4,'8th'),
	 ('DEN','Regular Season',13,'8th',16,'6th',3,'9th'),
	 ('LAC','Regular Season',12,'11th',15,'7th',3,'10th'),
	 ('MIA','Regular Season',11,'16th',14,'10th',3,'11th'),
	 ('GSW','Regular Season',11,'15th',13,'12th',2,'12th'),
	 ('ORL','Regular Season',11,'18th',11,'18th',0,'13th'),
	 ('DET','Regular Season',8,'27th',8,'23rd',0,'14th');
INSERT INTO team_blown_leads (team,season_type,blown_leads_10pt,blown_lead_rank,team_comebacks_10pt,comeback_rank,net_comebacks,net_rank) VALUES
	 ('MEM','Regular Season',10,'22nd',10,'21st',0,'15th'),
	 ('UTA','Regular Season',9,'24th',9,'22nd',0,'16th'),
	 ('NYK','Regular Season',11,'17th',11,'15th',0,'17th'),
	 ('CHA','Regular Season',11,'20th',11,'16th',0,'18th'),
	 ('CHI','Regular Season',14,'6th',12,'14th',-2,'19th'),
	 ('TOR','Regular Season',12,'12th',8,'26th',-4,'20th'),
	 ('NOP','Regular Season',14,'7th',10,'19th',-4,'21st'),
	 ('HOU','Regular Season',11,'14th',7,'28th',-4,'22nd'),
	 ('POR','Regular Season',19,'1st',15,'9th',-4,'23rd'),
	 ('BOS','Regular Season',12,'10th',8,'24th',-4,'24th');
INSERT INTO team_blown_leads (team,season_type,blown_leads_10pt,blown_lead_rank,team_comebacks_10pt,comeback_rank,net_comebacks,net_rank) VALUES
	 ('SAS','Regular Season',9,'26th',4,'29th',-5,'25th'),
	 ('DAL','Regular Season',15,'5th',10,'20th',-5,'26th'),
	 ('ATL','Regular Season',15,'4th',8,'25th',-7,'27th'),
	 ('MIN','Regular Season',18,'2nd',11,'17th',-7,'28th'),
	 ('PHX','Regular Season',11,'19th',4,'30th',-7,'29th'),
	 ('WAS','Regular Season',15,'3rd',7,'27th',-8,'30th');

DROP TABLE IF EXISTS team_contracts_analysis;
CREATE TABLE IF NOT EXISTS team_contracts_analysis (
	team text NULL,
	win_percentage numeric NULL,
	sum_salary_earned numeric NULL,
	sum_salary_earned_max numeric NULL,
	team_pct_salary_earned numeric NULL,
	record text NULL,
	value_lost_from_injury numeric NULL,
	team_pct_salary_lost numeric NULL
);

INSERT INTO team_contracts_analysis (team,win_percentage,sum_salary_earned,sum_salary_earned_max,team_pct_salary_earned,record,value_lost_from_injury,team_pct_salary_lost) VALUES
	 ('LAC',0.500,317528198,325538866,0.975,'1 - 1',8010668,0.025),
	 ('MIA',0.500,331793212,338596162,0.980,'1 - 1',6802950,0.020),
	 ('BKN',0.000,257028984,294353038,0.873,'0 - 2',37324054,0.127),
	 ('BOS',1.000,347839584,352417888,0.987,'2 - 0',4578304,0.013),
	 ('MIN',0.000,150768429,150768429,1.000,'0 - 1',0,0.000),
	 ('DAL',1.000,280609928,284609928,0.986,'2 - 0',4000000,0.014),
	 ('CHA',0.500,176924984,179388944,0.986,'1 - 1',2463960,0.014),
	 ('TOR',0.500,276380434,288130434,0.959,'1 - 1',11750000,0.041),
	 ('NOP',1.000,157282665,157282665,1.000,'1 - 0',0,0.000),
	 ('UTA',0.500,256029127,271959104,0.941,'1 - 1',15929977,0.059);
INSERT INTO team_contracts_analysis (team,win_percentage,sum_salary_earned,sum_salary_earned_max,team_pct_salary_earned,record,value_lost_from_injury,team_pct_salary_lost) VALUES
	 ('ATL',0.000,273975664,273975664,1.000,'0 - 2',0,0.000),
	 ('PHX',0.500,220682084,256698284,0.860,'1 - 1',36016200,0.140),
	 ('POR',0.000,272917422,300991608,0.907,'0 - 2',28074186,0.093),
	 ('ORL',1.000,240322880,261928458,0.918,'2 - 0',21605578,0.082),
	 ('GSW',0.500,358882582,360902288,0.994,'1 - 1',2019706,0.006),
	 ('MEM',0.000,148436610,165600246,0.896,'0 - 2',17163636,0.104),
	 ('LAL',0.500,306953892,308673756,0.994,'1 - 1',1719864,0.006),
	 ('NYK',0.500,267603364,267603364,1.000,'1 - 1',0,0.000),
	 ('CLE',0.500,229042037,268757164,0.852,'1 - 1',39715127,0.148),
	 ('DEN',1.000,335146362,337577442,0.993,'2 - 0',2431080,0.007);
INSERT INTO team_contracts_analysis (team,win_percentage,sum_salary_earned,sum_salary_earned_max,team_pct_salary_earned,record,value_lost_from_injury,team_pct_salary_lost) VALUES
	 ('OKC',1.000,184163077,200087110,0.920,'2 - 0',15924033,0.080),
	 ('IND',1.000,117585263,117585263,1.000,'1 - 0',0,0.000),
	 ('SAC',0.500,266280720,270228322,0.985,'1 - 1',3947602,0.015),
	 ('CHI',0.500,277250604,282201364,0.982,'1 - 1',4950760,0.018),
	 ('HOU',0.000,257461168,270699034,0.951,'0 - 2',13237866,0.049),
	 ('DET',0.500,178401758,178401758,1.000,'1 - 1',0,0.000),
	 ('PHI',0.000,122204866,122204866,1.000,'0 - 1',0,0.000),
	 ('WAS',0.000,118580703,118580703,1.000,'0 - 1',0,0.000),
	 ('MIL',1.000,179884655,179884655,1.000,'1 - 0',0,0.000),
	 ('SAS',0.500,174204188,174204188,1.000,'1 - 1',0,0.000);


DROP TABLE IF EXISTS team_game_types;
CREATE TABLE IF NOT EXISTS team_game_types (
	team text NULL,
	outcome_wins_count int8 NULL,
	outcome_losses_count int8 NULL,
	clutch_wins_count int8 NULL,
	clutch_losses_count int8 NULL,
	blowout_wins_count int8 NULL,
	blowout_losses_count int8 NULL,
	tenpt_wins_count int8 NULL,
	tenpt_losses_count int8 NULL
);

INSERT INTO team_game_types (team,outcome_wins_count,outcome_losses_count,clutch_wins_count,clutch_losses_count,blowout_wins_count,blowout_losses_count,tenpt_wins_count,tenpt_losses_count) VALUES
	 ('NOP',42,40,8,11,7,5,10,12),
	 ('MEM',51,31,11,8,12,3,12,9),
	 ('TOR',41,41,8,16,3,2,14,10),
	 ('LAC',44,38,8,11,5,7,17,10),
	 ('SAS',22,60,6,6,1,18,10,16),
	 ('MIN',42,40,14,11,4,5,16,13),
	 ('PHI',54,28,16,8,8,2,14,12),
	 ('CLE',51,31,8,12,12,0,14,8),
	 ('MIL',58,24,9,4,7,7,21,5),
	 ('DEN',53,29,17,8,8,6,9,6);
INSERT INTO team_game_types (team,outcome_wins_count,outcome_losses_count,clutch_wins_count,clutch_losses_count,blowout_wins_count,blowout_losses_count,tenpt_wins_count,tenpt_losses_count) VALUES
	 ('UTA',37,45,13,15,4,5,11,17),
	 ('ATL',41,41,13,12,4,6,11,14),
	 ('DAL',38,44,18,17,6,3,10,16),
	 ('BKN',45,37,14,11,6,6,10,11),
	 ('POR',33,49,10,10,3,8,8,12),
	 ('CHI',40,42,7,14,8,6,11,9),
	 ('WAS',35,47,10,9,5,3,9,23),
	 ('HOU',22,60,9,8,2,10,7,18),
	 ('ORL',34,48,9,13,1,5,11,13),
	 ('CHA',27,55,8,9,2,7,13,14);
INSERT INTO team_game_types (team,outcome_wins_count,outcome_losses_count,clutch_wins_count,clutch_losses_count,blowout_wins_count,blowout_losses_count,tenpt_wins_count,tenpt_losses_count) VALUES
	 ('NYK',47,35,14,10,9,3,11,14),
	 ('OKC',40,42,9,16,4,4,13,14),
	 ('IND',35,47,14,12,1,4,14,12),
	 ('MIA',44,38,24,15,3,5,10,11),
	 ('BOS',57,25,13,11,12,1,14,4),
	 ('DET',17,65,3,12,0,15,8,18),
	 ('PHX',45,37,11,14,8,6,9,6),
	 ('SAC',48,34,15,12,8,3,15,10),
	 ('GSW',44,38,9,11,7,5,12,12),
	 ('LAL',43,39,11,13,2,2,14,9);

DROP TABLE IF EXISTS team_ratings;
CREATE TABLE IF NOT EXISTS team_ratings(
    team text,
    team_acronym text,
    wins integer,
    losses integer,
    ortg numeric,
    drtg numeric,
    nrtg numeric,
    team_logo text,
    nrtg_rank text,
    drtg_rank text,
    ortg_rank text
);

INSERT INTO team_ratings (team,team_acronym,wins,losses,ortg,drtg,nrtg,team_logo,nrtg_rank,drtg_rank,ortg_rank) VALUES
	 ('Boston Celtics','BOS',57,25,118,111.5,6.5,'logos/bos.png','1st','3rd','2nd'),
	 ('Cleveland Cavaliers','CLE',51,31,116.1,110.6,5.5,'logos/cle.png','2nd','1st','8th'),
	 ('Philadelphia 76ers','PHI',54,28,117.7,113.3,4.4,'logos/phi.png','3rd','8th','4th'),
	 ('Memphis Grizzlies','MEM',51,31,115.1,111.2,3.9,'logos/mem.png','4th','2nd','15th'),
	 ('Milwaukee Bucks','MIL',58,24,115.4,111.9,3.5,'logos/mil.png','5th','4th','12th'),
	 ('Denver Nuggets','DEN',53,29,117.6,114.2,3.4,'logos/den.png','6th','14th','5th'),
	 ('New York Knicks','NYK',47,35,117.8,114.8,3,'logos/nyk.png','7th','19th','3rd'),
	 ('Sacramento Kings','SAC',48,34,119.4,116.8,2.6,'logos/sac.png','8th','25th','1st'),
	 ('Phoenix Suns','PHX',45,37,115.1,113,2.1,'logos/phx.png','9th','7th','14th'),
	 ('New Orleans Pelicans','NOP',42,40,114.4,112.5,1.9,'logos/nop.png','10th','6th','22nd');
INSERT INTO team_ratings (team,team_acronym,wins,losses,ortg,drtg,nrtg,team_logo,nrtg_rank,drtg_rank,ortg_rank) VALUES
	 ('Golden State Warriors','GSW',44,38,116.1,114.4,1.7,'logos/gsw.png','11th','17th','9th'),
	 ('Toronto Raptors','TOR',41,41,115.5,114,1.5,'logos/tor.png','12th','12th','11th'),
	 ('Chicago Bulls','CHI',40,42,113.5,112.2,1.3,'logos/chi.png','13th','5th','24th'),
	 ('Oklahoma City Thunder','OKC',40,42,115.2,114.2,1,'logos/okc.png','14th','16th','13th'),
	 ('Brooklyn Nets','BKN',45,37,115,114.1,0.9,'logos/bkn.png','15th','13th','17th'),
	 ('Los Angeles Lakers','LAL',43,39,114.5,113.9,0.6,'logos/lal.png','16th','11th','20th'),
	 ('Los Angeles Clippers','LAC',44,38,115,114.5,0.5,'logos/lac.png','17th','18th','16th'),
	 ('Atlanta Hawks','ATL',41,41,116.6,116.3,0.3,'logos/atl.png','18th','22nd','7th'),
	 ('Dallas Mavericks','DAL',38,44,116.8,116.7,0.1,'logos/dal.png','19th','23rd','6th'),
	 ('Minnesota Timberwolves','MIN',42,40,113.7,113.8,-0.1,'logos/min.png','20th','10th','23rd');
INSERT INTO team_ratings (team,team_acronym,wins,losses,ortg,drtg,nrtg,team_logo,nrtg_rank,drtg_rank,ortg_rank) VALUES
	 ('Miami Heat','MIA',44,38,113,113.3,-0.3,'logos/mia.png','21st','9th','25th'),
	 ('Utah Jazz','UTA',37,45,115.8,116.7,-0.9,'logos/uta.png','22nd','24th','10th'),
	 ('Washington Wizards','WAS',35,47,114.4,115.6,-1.2,'logos/was.png','23rd','21st','21st'),
	 ('Orlando Magic','ORL',34,48,111.6,114.2,-2.6,'logos/orl.png','24th','15th','26th'),
	 ('Indiana Pacers','IND',35,47,114.6,117.7,-3.1,'logos/ind.png','25th','26th','19th'),
	 ('Portland Trail Blazers','POR',33,49,114.8,118.8,-4,'logos/por.png','26th','27th','18th'),
	 ('Charlotte Hornets','CHA',27,55,109.2,115.3,-6.1,'logos/cha.png','27th','20th','30th'),
	 ('Houston Rockets','HOU',22,60,111.4,119.3,-7.9,'logos/hou.png','28th','29th','27th'),
	 ('Detroit Pistons','DET',17,65,110.7,118.9,-8.2,'logos/det.png','29th','28th','28th'),
	 ('San Antonio Spurs','SAS',22,60,110.2,120,-9.8,'logos/sas.png','30th','30th','29th');

DROP TABLE IF EXISTS team_record_daily_rollup;
CREATE TABLE IF NOT EXISTS team_record_daily_rollup (
	team text NULL,
	"date" date NULL,
	conference text NULL,
	running_total_games_played int8 NULL,
	running_total_wins int8 NULL,
	running_total_losses numeric NULL,
	running_total_win_pct numeric NULL,
	record_as_of_date text NULL,
	"rank" text NULL
);

INSERT INTO team_record_daily_rollup (team,"date",conference,running_total_games_played,running_total_wins,running_total_losses,running_total_win_pct,record_as_of_date,"rank") VALUES
	 ('BOS','2022-10-18','Eastern',1,1,0,1.000,'1-0','1st'),
	 ('PHI','2022-10-18','Eastern',1,0,1,0.000,'0-1','2nd'),
	 ('CHA','2022-10-19','Eastern',1,1,0,1.000,'1-0','1st'),
	 ('BOS','2022-10-19','Eastern',1,1,0,1.000,'1-0','2nd'),
	 ('DET','2022-10-19','Eastern',1,1,0,1.000,'1-0','3rd'),
	 ('WAS','2022-10-19','Eastern',1,1,0,1.000,'1-0','4th'),
	 ('TOR','2022-10-19','Eastern',1,1,0,1.000,'1-0','5th'),
	 ('CHI','2022-10-19','Eastern',1,1,0,1.000,'1-0','6th'),
	 ('ATL','2022-10-19','Eastern',1,1,0,1.000,'1-0','7th'),
	 ('IND','2022-10-19','Eastern',1,0,1,0.000,'0-1','8th');
INSERT INTO team_record_daily_rollup (team,"date",conference,running_total_games_played,running_total_wins,running_total_losses,running_total_win_pct,record_as_of_date,"rank") VALUES
	 ('BKN','2022-10-19','Eastern',1,0,1,0.000,'0-1','9th'),
	 ('PHI','2022-10-19','Eastern',1,0,1,0.000,'0-1','10th'),
	 ('ORL','2022-10-19','Eastern',1,0,1,0.000,'0-1','11th'),
	 ('CLE','2022-10-19','Eastern',1,0,1,0.000,'0-1','12th'),
	 ('NYK','2022-10-19','Eastern',1,0,1,0.000,'0-1','13th'),
	 ('MIA','2022-10-19','Eastern',1,0,1,0.000,'0-1','14th'),
	 ('ATL','2022-10-20','Eastern',1,1,0,1.000,'1-0','1st'),
	 ('WAS','2022-10-20','Eastern',1,1,0,1.000,'1-0','2nd'),
	 ('MIL','2022-10-20','Eastern',1,1,0,1.000,'1-0','3rd'),
	 ('CHA','2022-10-20','Eastern',1,1,0,1.000,'1-0','4th');
INSERT INTO team_record_daily_rollup (team,"date",conference,running_total_games_played,running_total_wins,running_total_losses,running_total_win_pct,record_as_of_date,"rank") VALUES
	 ('CHI','2022-10-20','Eastern',1,1,0,1.000,'1-0','5th'),
	 ('TOR','2022-10-20','Eastern',1,1,0,1.000,'1-0','6th'),
	 ('BOS','2022-10-20','Eastern',1,1,0,1.000,'1-0','7th'),
	 ('DET','2022-10-20','Eastern',1,1,0,1.000,'1-0','8th'),
	 ('PHI','2022-10-20','Eastern',2,0,2,0.000,'0-2','9th'),
	 ('CLE','2022-10-20','Eastern',1,0,1,0.000,'0-1','10th'),
	 ('MIA','2022-10-20','Eastern',1,0,1,0.000,'0-1','11th'),
	 ('ORL','2022-10-20','Eastern',1,0,1,0.000,'0-1','12th'),
	 ('BKN','2022-10-20','Eastern',1,0,1,0.000,'0-1','13th'),
	 ('NYK','2022-10-20','Eastern',1,0,1,0.000,'0-1','14th');
INSERT INTO team_record_daily_rollup (team,"date",conference,running_total_games_played,running_total_wins,running_total_losses,running_total_win_pct,record_as_of_date,"rank") VALUES
	 ('IND','2022-10-20','Eastern',1,0,1,0.000,'0-1','15th'),
	 ('ATL','2022-10-21','Eastern',2,2,0,1.000,'2-0','1st'),
	 ('WAS','2022-10-21','Eastern',2,2,0,1.000,'2-0','2nd'),
	 ('BOS','2022-10-21','Eastern',2,2,0,1.000,'2-0','3rd'),
	 ('MIL','2022-10-21','Eastern',1,1,0,1.000,'1-0','4th'),
	 ('DET','2022-10-21','Eastern',2,1,1,0.500,'1-1','5th'),
	 ('BKN','2022-10-21','Eastern',2,1,1,0.500,'1-1','6th'),
	 ('CHA','2022-10-21','Eastern',2,1,1,0.500,'1-1','7th'),
	 ('TOR','2022-10-21','Eastern',2,1,1,0.500,'1-1','8th'),
	 ('NYK','2022-10-21','Eastern',2,1,1,0.500,'1-1','9th');
INSERT INTO team_record_daily_rollup (team,"date",conference,running_total_games_played,running_total_wins,running_total_losses,running_total_win_pct,record_as_of_date,"rank") VALUES
	 ('CHI','2022-10-21','Eastern',2,1,1,0.500,'1-1','10th'),
	 ('IND','2022-10-21','Eastern',2,0,2,0.000,'0-2','11th'),
	 ('MIA','2022-10-21','Eastern',2,0,2,0.000,'0-2','12th'),
	 ('CLE','2022-10-21','Eastern',1,0,1,0.000,'0-1','13th'),
	 ('ORL','2022-10-21','Eastern',2,0,2,0.000,'0-2','14th'),
	 ('PHI','2022-10-21','Eastern',2,0,2,0.000,'0-2','15th'),
	 ('ATL','2022-10-22','Eastern',2,2,0,1.000,'2-0','1st'),
	 ('BOS','2022-10-22','Eastern',3,3,0,1.000,'3-0','2nd'),
	 ('WAS','2022-10-22','Eastern',2,2,0,1.000,'2-0','3rd'),
	 ('MIL','2022-10-22','Eastern',2,2,0,1.000,'2-0','4th');
INSERT INTO team_record_daily_rollup (team,"date",conference,running_total_games_played,running_total_wins,running_total_losses,running_total_win_pct,record_as_of_date,"rank") VALUES
	 ('BKN','2022-10-22','Eastern',2,1,1,0.500,'1-1','5th'),
	 ('CLE','2022-10-22','Eastern',2,1,1,0.500,'1-1','6th'),
	 ('NYK','2022-10-22','Eastern',2,1,1,0.500,'1-1','7th'),
	 ('CHA','2022-10-22','Eastern',2,1,1,0.500,'1-1','8th'),
	 ('TOR','2022-10-22','Eastern',3,1,2,0.333,'1-2','9th'),
	 ('IND','2022-10-22','Eastern',3,1,2,0.333,'1-2','10th'),
	 ('MIA','2022-10-22','Eastern',3,1,2,0.333,'1-2','11th'),
	 ('CHI','2022-10-22','Eastern',3,1,2,0.333,'1-2','12th'),
	 ('DET','2022-10-22','Eastern',3,1,2,0.333,'1-2','13th'),
	 ('PHI','2022-10-22','Eastern',3,0,3,0.000,'0-3','14th');
INSERT INTO team_record_daily_rollup (team,"date",conference,running_total_games_played,running_total_wins,running_total_losses,running_total_win_pct,record_as_of_date,"rank") VALUES
	 ('ORL','2022-10-22','Eastern',3,0,3,0.000,'0-3','15th'),
	 ('BOS','2022-10-23','Eastern',3,3,0,1.000,'3-0','1st'),
	 ('MIL','2022-10-23','Eastern',2,2,0,1.000,'2-0','2nd'),
	 ('CLE','2022-10-23','Eastern',3,2,1,0.667,'2-1','3rd'),
	 ('ATL','2022-10-23','Eastern',3,2,1,0.667,'2-1','4th'),
	 ('WAS','2022-10-23','Eastern',3,2,1,0.667,'2-1','5th'),
	 ('CHA','2022-10-23','Eastern',3,2,1,0.667,'2-1','6th'),
	 ('BKN','2022-10-23','Eastern',2,1,1,0.500,'1-1','7th'),
	 ('NYK','2022-10-23','Eastern',2,1,1,0.500,'1-1','8th'),
	 ('CHI','2022-10-23','Eastern',3,1,2,0.333,'1-2','9th');
INSERT INTO team_record_daily_rollup (team,"date",conference,running_total_games_played,running_total_wins,running_total_losses,running_total_win_pct,record_as_of_date,"rank") VALUES
	 ('IND','2022-10-23','Eastern',3,1,2,0.333,'1-2','10th'),
	 ('DET','2022-10-23','Eastern',3,1,2,0.333,'1-2','11th'),
	 ('TOR','2022-10-23','Eastern',3,1,2,0.333,'1-2','12th'),
	 ('MIA','2022-10-23','Eastern',3,1,2,0.333,'1-2','13th'),
	 ('PHI','2022-10-23','Eastern',3,0,3,0.000,'0-3','14th'),
	 ('ORL','2022-10-23','Eastern',3,0,3,0.000,'0-3','15th'),
	 ('MIL','2022-10-24','Eastern',2,2,0,1.000,'2-0','1st'),
	 ('BOS','2022-10-24','Eastern',4,3,1,0.750,'3-1','2nd'),
	 ('WAS','2022-10-24','Eastern',3,2,1,0.667,'2-1','3rd'),
	 ('NYK','2022-10-24','Eastern',3,2,1,0.667,'2-1','4th');
INSERT INTO team_record_daily_rollup (team,"date",conference,running_total_games_played,running_total_wins,running_total_losses,running_total_win_pct,record_as_of_date,"rank") VALUES
	 ('ATL','2022-10-24','Eastern',3,2,1,0.667,'2-1','5th'),
	 ('CLE','2022-10-24','Eastern',3,2,1,0.667,'2-1','6th'),
	 ('CHA','2022-10-24','Eastern',3,2,1,0.667,'2-1','7th'),
	 ('CHI','2022-10-24','Eastern',4,2,2,0.500,'2-2','8th'),
	 ('TOR','2022-10-24','Eastern',4,2,2,0.500,'2-2','9th'),
	 ('DET','2022-10-24','Eastern',3,1,2,0.333,'1-2','10th'),
	 ('BKN','2022-10-24','Eastern',3,1,2,0.333,'1-2','11th'),
	 ('PHI','2022-10-24','Eastern',4,1,3,0.250,'1-3','12th'),
	 ('MIA','2022-10-24','Eastern',4,1,3,0.250,'1-3','13th'),
	 ('IND','2022-10-24','Eastern',4,1,3,0.250,'1-3','14th');
INSERT INTO team_record_daily_rollup (team,"date",conference,running_total_games_played,running_total_wins,running_total_losses,running_total_win_pct,record_as_of_date,"rank") VALUES
	 ('ORL','2022-10-24','Eastern',4,0,4,0.000,'0-4','15th'),
	 ('MIL','2022-10-25','Eastern',2,2,0,1.000,'2-0','1st'),
	 ('BOS','2022-10-25','Eastern',4,3,1,0.750,'3-1','2nd'),
	 ('WAS','2022-10-25','Eastern',4,3,1,0.750,'3-1','3rd'),
	 ('CLE','2022-10-25','Eastern',3,2,1,0.667,'2-1','4th'),
	 ('CHA','2022-10-25','Eastern',3,2,1,0.667,'2-1','5th'),
	 ('NYK','2022-10-25','Eastern',3,2,1,0.667,'2-1','6th'),
	 ('ATL','2022-10-25','Eastern',3,2,1,0.667,'2-1','7th'),
	 ('CHI','2022-10-25','Eastern',4,2,2,0.500,'2-2','8th'),
	 ('TOR','2022-10-25','Eastern',4,2,2,0.500,'2-2','9th');

DROP TABLE IF EXISTS ml_models.tonights_games_ml;
CREATE TABLE IF NOT EXISTS ml_models.tonights_games_ml
(
    index bigint,
    home_team text COLLATE pg_catalog."default",
    home_moneyline double precision,
    away_team text COLLATE pg_catalog."default",
    away_moneyline double precision,
    proper_date date,
    home_team_rank bigint,
    home_days_rest bigint,
    home_team_avg_pts_scored double precision,
    home_team_avg_pts_scored_opp double precision,
    home_team_win_pct double precision,
    home_team_win_pct_last10 double precision,
    home_is_top_players bigint,
    away_team_rank bigint,
    away_days_rest bigint,
    away_team_avg_pts_scored double precision,
    away_team_avg_pts_scored_opp double precision,
    away_team_win_pct double precision,
    away_team_win_pct_last10 double precision,
    away_is_top_players bigint,
    home_team_predicted_win_pct double precision,
    away_team_predicted_win_pct double precision
);

INSERT INTO ml_models.tonights_games_ml(
	index, home_team, home_moneyline, away_team, away_moneyline, proper_date, home_team_rank, home_days_rest, home_team_avg_pts_scored, home_team_avg_pts_scored_opp, home_team_win_pct, home_team_win_pct_last10, home_is_top_players, away_team_rank, away_days_rest, away_team_avg_pts_scored, away_team_avg_pts_scored_opp, away_team_win_pct, away_team_win_pct_last10, away_is_top_players, home_team_predicted_win_pct, away_team_predicted_win_pct)
	VALUES (1, 'Golden State Warriors', '-195', 'Denver Nuggets', 165, current_date, 1, 2, 123, 109, 0.752, 0.655, 2, 18, 1, 102, 123, 0.565, 0.612, 2, 0.828, 0.172);